iata,icao,name,city,country,tz,lat,lon
OCA,07FA,Ocean Reef Club Airport,Key Largo,US,America/New_York,25.325399,-80.274803
WKK,5A8,Aleknagik / New Airport,Aleknagik,US,America/Anchorage,59.2826004028,-158.617996216
BBQ,AG-0001,Burton-Nibbs International Airport,Codrington,AG,,17.621194,-61.798347
HIR,AGGH,Honiara International Airport,Honiara,SB,Pacific/Guadalcanal,-9.428,160.054993
MUA,AGGM,Munda Airport,Munda,SB,Pacific/Guadalcanal,-8.32797,157.263
INU,ANYN,Nauru International Airport,Yaren,NR,Pacific/Nauru,-0.547893,166.919525
WFR,AT98,(Duplicate)Wolf's Fang Runway,Queen Maud Island,AQ,,-71.5264,8.799459
AXF,AXF,Alxa Left Banner Bayanhot Airport,Bayanhot,CN,Asia/Shanghai,38.748317,105.58416
VMU,AYBA,Baimuru Airport,Baimuru,PG,Pacific/Port_Moresby,-7.496955,144.821756
BUA,AYBK,Buka Airport,Buka Island,PG,Pacific/Port_Moresby,-5.422299,154.672698
OPU,AYBM,Balimo Airport,Balimo,PG,Pacific/Port_Moresby,-8.05000019073,142.932998657
CMU,AYCH,Chimbu Airport,Kundiawa,PG,Pacific/Port_Moresby,-6.024290084838867,144.9709930419922
DAU,AYDU,Daru Airport,Daru,PG,Pacific/Port_Moresby,-9.08676,143.207993
GKA,AYGA,Goroka Airport,Goronka,PG,Pacific/Port_Moresby,-6.081689834590001,145.391998291
GUR,AYGN,Gurney Airport,Gurney,PG,Pacific/Port_Moresby,-10.3114995956,150.333999634
PNP,AYGR,Girua Airport,Popondetta,PG,Pacific/Port_Moresby,-8.80453968048,148.309005737
HKN,AYHK,Hoskins Airport,Kimbe,PG,Pacific/Port_Moresby,-5.463846,150.407327
KMA,AYKM,Kerema Airport,Kerema,PG,Pacific/Port_Moresby,-7.96361017227,145.770996094
KVG,AYKV,Kavieng Airport,Kavieng,PG,Pacific/Port_Moresby,-2.57940006256,150.807998657
MAG,AYMD,Madang Airport,Madang,PG,Pacific/Port_Moresby,-5.20707988739,145.789001465
HGU,AYMH,Mount Hagen Kagamuga Airport,Mount Hagen,PG,Pacific/Port_Moresby,-5.828212,144.299412
MDU,AYMN,Mendi Airport,Mendi,PG,Pacific/Port_Moresby,-6.14774,143.656998
MAS,AYMO,Momote Airport,Manus Island,PG,Pacific/Port_Moresby,-2.06189,147.423996
LAE,AYNZ,Nadzab Tomodachi International Airport,Lae,PG,Pacific/Port_Moresby,-6.567995,146.726544
POM,AYPY,Port Moresby Jacksons International Airport,Port Moresby,PG,Pacific/Port_Moresby,-9.443380355834961,147.22000122070312
RAB,AYTK,Tokua Airport,Kokopo,PG,Pacific/Port_Moresby,-4.34046,152.380005
VAI,AYVN,Vanimo Airport,Vanimo,PG,Pacific/Port_Moresby,-2.6926,141.3028
WBM,AYWD,Wapenamanda Airport,Wapenamanda,PG,Pacific/Port_Moresby,-5.635293,143.892231
WWK,AYWK,Wewak International Airport,Wewak,PG,Pacific/Port_Moresby,-3.58383011818,143.669006348
ZXT,AZ-0001,Zabrat Airport,Zabrat,AZ,Asia/Baku,40.494884,49.977065
BCW,BCW,Benguera Island Airport,Benguera Island,MZ,,-21.8533,35.438301
JAM,BG-JAM,Bezmer Air Base,Bezmer,BG,Europe/Sofia,42.454899,26.3522
JEG,BGAA,Aasiaat Airport,Aasiaat,GL,America/Nuuk,68.721802,-52.784698
CNP,BGCO,Neerlerit Inaat Airport,Neerlerit Inaat,GL,America/Scoresbysund,70.743103,-22.650499
GOH,BGGH,Nuuk International Airport,Nuuk,GL,America/Nuuk,64.191066,-51.67914
JAV,BGJN,Ilulissat Airport,Ilulissat,GL,America/Nuuk,69.243202,-51.057098
KUS,BGKK,Kulusuk Airport,Kulusuk,GL,America/Nuuk,65.573601,-37.1236
NAQ,BGQQ,Qaanaaq Airport,Qaanaaq,GL,America/Thule,77.488602,-69.388702
SFJ,BGSF,Kangerlussuaq International Airport,Kangerlussuaq,GL,America/Nuuk,67.010446,-50.715294
JHS,BGSS,Sisimiut Airport,Sisimiut,GL,America/Nuuk,66.951302,-53.729301
THU,BGTL,Pituffik Space Base,Pituffik,GL,America/Thule,76.53063,-68.700541
AEY,BIAR,Akureyri International Airport,Akureyri,IS,Atlantic/Reykjavik,65.656573,-18.072018
BIU,BIBD,Bildudalur Airport,Bildudalur,IS,Atlantic/Reykjavik,65.641296,-23.5462
EGS,BIEG,Egilsstaðir Airport,Egilsstaðir,IS,Atlantic/Reykjavik,65.2833023071289,-14.401399612426758
GRY,BIGR,Grímsey Airport,Grímsey/Sandvík,IS,Atlantic/Reykjavik,66.5458,-18.0173
HFN,BIHN,Hornafjörður Airport,Höfn,IS,Atlantic/Reykjavik,64.295601,-15.2272
HZK,BIHU,Húsavík Airport,Húsavík,IS,Atlantic/Reykjavik,65.952301,-17.426001
IFJ,BIIS,Ísafjörður Airport,Ísafjörður,IS,Atlantic/Reykjavik,66.058098,-23.1353
KEF,BIKF,Keflavik International Airport,Reykjavík,IS,Atlantic/Reykjavik,63.985001,-22.6056
RKV,BIRK,Reykjavík Domestic Airport,Reykjavík,IS,Atlantic/Reykjavik,64.128732,-21.93759
MVA,BIRL,Mývatn Airport,Myvatn,IS,Atlantic/Reykjavik,65.6558,-16.9181
SIJ,BISI,Siglufjörður Airport,Siglufjörður,IS,Atlantic/Reykjavik,66.137847,-18.908157
VEY,BIVM,Vestmannaeyjar Airport,Vestmannaeyjar,IS,Atlantic/Reykjavik,63.42430114746094,-20.278900146484375
VPN,BIVO,Vopnafjörður Airport,Vopnafjörður,IS,Atlantic/Reykjavik,65.720596,-14.8506
PRN,BKPR,Priština Adem Jashari International Airport,Prishtina,XK,Europe/Belgrade,42.5728,21.035801
VDC,BR-0569,Glauber de Andrade Rocha Airport,Vitória da Conquista,BR,America/Bahia,-14.907885,-40.914804
BTZ,BTZ,Betong International Airport,Betong,TH,Europe/Istanbul,5.79,101.15
TXC,BY-0001,Orsha Airport - Balbasovo Air Base,Orsha,BY,,54.439999,30.2967
CUK,BZ-CUK,Caye Caulker Airport,Caye Caulker,BZ,America/Belize,17.735015,-88.032862
CYC,BZ-CYC,Caye Chapel Airport,Caye Chapel,BZ,,17.683792,-88.044985
CZH,BZ-CZH,Corozal Airport,Corozal,BZ,,18.3822,-88.411903
DGA,BZ-DGA,Dangriga Airport,Dangriga,BZ,America/Belize,16.98251,-88.230988
SJX,BZ-SJX,Sartaneja Airport,Sartaneja,BZ,,18.3561,-88.130798
SPR,BZ-SPR,John Greif II Airport,San Pedro,BZ,,17.9139,-87.9711
TZA,BZ-TZA,Sir Barry Bowen Municipal Airport,Belize City,BZ,,17.517239,-88.195775
BZB,BZB,Bazaruto Island Airport,Bazaruto Island,MZ,,-21.5411,35.4729
YAA,CAJ4,Anahim Lake Airport,Anahim Lake,CA,America/Vancouver,52.451501,-125.303776
XQU,CAT4,Qualicum Beach Airport,Qualicum Beach,CA,America/Vancouver,49.337456,-124.393086
YZA,CAZ5,Cache Creek-Ashcroft Regional Airport,Cache Creek,CA,,50.775258,-121.321314
ZEL,CBBC,Bella Bella (Campbell Island) Airport,Bella Bella,CA,America/Vancouver,52.185001,-128.156994
BZX,CN-0062,Bazhong Enyang Airport,Bazhong,CN,Asia/Shanghai,31.73842,106.644872
HSC,CN-0079,Shaoguan Danxia Airport,Shaoguan,CN,Asia/Shanghai,24.9786,113.420998
JGS,CN-0081,Jinggangshan Airport,Ji'an,CN,Asia/Shanghai,26.856899,114.737
HNG,CN-0117,Hainanzhou Gonghe Airport,Hainan (Gonghe),CN,,36.3367,100.480003
JNH,CN-0154,Jiaxing Nanhu Airport,"Xiuzhou, Hangzhou",CN,Asia/Shanghai,30.698056,120.663056
WHN,CN-0178,Wuhan Hannan Municipal Airport,Wuhan (Hannan),CN,,30.25521,114.062805
DDR,CN-0236,Shigatse Tingri Airport,Xigazê (Dingri),CN,Asia/Shanghai,28.604567,86.798
HQL,CN-0237,Tashikuergan Hongqilafu Airport,Tashikuergan,CN,Asia/Shanghai,37.661333,75.288877
JDE,CN-0253,Jiande Qiandaohu General Airport,Hangzhou,CN,,29.360905,119.180829
APJ,CN-0354,Ali Pulan Airport,Burang Town,CN,Asia/Shanghai,30.397898,81.13317
ZAT,CN-0421,Zhaotong Zhaoyang Airport （Not fully opened),Zhaotong,CN,Asia/Shanghai,27.205843,103.691511
BFY,CN-0476,Bengbu Tenghu Airport,Bengbu,CN,Asia/Shanghai,33.166292,117.058344
YAG,CYAG,Fort Frances Municipal Airport,Fort Frances,CA,America/Winnipeg,48.655749,-93.44349
YAH,CYAH,La Grande-4 Airport,La Grande-4,CA,America/Toronto,53.754699707,-73.6753005981
YAM,CYAM,Sault Ste Marie Airport,Sault Ste Marie,CA,America/Toronto,46.483216,-84.508467
XKS,CYAQ,Kasabonika Airport,Kasabonika,CA,America/Toronto,53.52470016479492,-88.6427993774414
YAY,CYAY,St. Anthony Airport,St. Anthony,CA,America/St_Johns,51.391909,-56.08321
YAZ,CYAZ,Tofino / Long Beach Airport,Tofino,CA,America/Vancouver,49.079833,-125.775583
YBC,CYBC,Baie-Comeau Airport,Baie-Comeau,CA,America/Toronto,49.1325,-68.204399
QBC,CYBD,Bella Coola Airport,Bella Coola,CA,America/Vancouver,52.387501,-126.596001
YBY,CYBF,Bonnyville Airport,Bonnyville,CA,America/Edmonton,54.304199,-110.744003
YBG,CYBG,Saguenay-Bagotville Airport,Saguenay,CA,America/Toronto,48.330123,-70.992012
YBK,CYBK,Baker Lake Airport,Baker Lake,CA,America/Winnipeg,64.29889678960001,-96.077796936
YBL,CYBL,Campbell River Airport,Campbell River,CA,America/Vancouver,49.950802,-125.271004
YBR,CYBR,Brandon Municipal Airport,Brandon,CA,America/Winnipeg,49.91,-99.951897
YBX,CYBX,Lourdes-de-Blanc-Sablon Airport,Blanc-Sablon,CA,America/Blanc-Sablon,51.4436,-57.185299
YCB,CYCB,Cambridge Bay Airport,Cambridge Bay,CA,America/Edmonton,69.1081008911,-105.138000488
YCC,CYCC,Cornwall Regional Airport,Cornwall,CA,America/Toronto,45.092637,-74.567724
YCD,CYCD,Nanaimo Airport,Nanaimo,CA,America/Vancouver,49.05497,-123.869863
YCE,CYCE,Centralia / James T. Field Memorial Aerodrome,Huron Park,CA,America/Toronto,43.285599,-81.508301
YCG,CYCG,Castlegar/West Kootenay Regional Airport,Castlegar,CA,America/Vancouver,49.296398,-117.632004
YCH,CYCH,Miramichi Airport,Miramichi,CA,America/Halifax,47.007801,-65.449203
YCL,CYCL,Charlo Airport,Charlo,CA,America/Halifax,47.990799,-66.330299
YCN,CYCN,Cochrane Airport,Cochrane,CA,America/Toronto,49.10559844970703,-81.01360321044922
YCQ,CYCQ,Chetwynd Airport,Chetwynd,CA,America/Dawson_Creek,55.687198638916016,-121.62699890136719
YDA,CYDA,Dawson City Airport,Dawson City,CA,America/Vancouver,64.04309844970703,-139.1280059814453
YDB,CYDB,Burwash Airport,Burwash Landing,CA,America/Vancouver,61.371101,-139.041
YDF,CYDF,Deer Lake Airport,Deer Lake,CA,America/St_Johns,49.208159,-57.396147
XRR,CYDM,Ross River Airport,Ross River,CA,America/Whitehorse,61.9706001282,-132.42300415
YDN,CYDN,Dauphin Barker Airport,Dauphin,CA,America/Winnipeg,51.1008,-100.052002
YDO,CYDO,Dolbeau-Saint-Felicien Airport,Dolbeau-Saint-Felicien,CA,America/Toronto,48.7785,-72.375
YDQ,CYDQ,Dawson Creek Airport,Dawson Creek,CA,America/Dawson_Creek,55.741245,-120.183263
YEG,CYEG,Edmonton International Airport,Edmonton,CA,America/Edmonton,53.3097,-113.580002
YEL,CYEL,Elliot Lake Municipal Airport,Elliot Lake,CA,America/Toronto,46.351398468,-82.5614013672
YEM,CYEM,Manitoulin East Municipal Airport,Sheguiandah,CA,America/Toronto,45.842435,-81.857595
YEN,CYEN,Estevan Airport,Estevan,CA,America/Regina,49.2103004456,-102.966003418
YET,CYET,Edson Airport,Edson,CA,America/Edmonton,53.578899383499994,-116.464996338
YEV,CYEV,Inuvik Mike Zubko Airport,Inuvik,CA,America/Inuvik,68.30419921880001,-133.483001709
YEY,CYEY,Amos/Magny Airport,Amos,CA,America/Toronto,48.563903,-78.249702
YFB,CYFB,Iqaluit Airport,Iqaluit,CA,America/Toronto,63.756402,-68.555801
YFC,CYFC,Fredericton International Airport,Fredericton,CA,America/Moncton,45.868697,-66.529891
YFE,CYFE,Forestville Airport,Forestville,CA,America/Toronto,48.74610137939453,-69.09719848632812
YTM,CYFJ,Mont-Tremblant International Airport,La Macaza,CA,America/Toronto,46.409401,-74.779999
YFR,CYFR,Fort Resolution Airport,Fort Resolution,CA,America/Edmonton,61.1808013916,-113.690002441
YFS,CYFS,Fort Simpson Airport,Fort Simpson,CA,America/Edmonton,61.76020050048828,-121.23699951171875
YGK,CYGK,Kingston Norman Rogers Airport,Kingston,CA,America/Toronto,44.2253,-76.596901
YGL,CYGL,La Grande Rivière Airport,La Grande Rivière,CA,America/Toronto,53.625301361083984,-77.7042007446289
YGM,CYGM,Gimli Industrial Park Airport,Gimli,CA,America/Winnipeg,50.62810134887695,-97.04329681396484
YGP,CYGP,Michel-Pouliot Gaspé Airport,Gaspé,CA,America/Toronto,48.774915,-64.481893
YGQ,CYGQ,Geraldton Greenstone Regional Airport,Geraldton,CA,America/Toronto,49.77830123901367,-86.93939971923828
YGR,CYGR,Îles-de-la-Madeleine Airport,Les Îles-de-la-Madeleine,CA,America/Toronto,47.425242,-61.778612
YGV,CYGV,Havre-Saint-Pierre Airport,Havre-Saint-Pierre,CA,America/Toronto,50.281898,-63.611401
YGW,CYGW,Kuujjuarapik Airport,Kuujjuarapik,CA,America/Toronto,55.281898498535156,-77.76529693603516
YHD,CYHD,Dryden Regional Airport,Dryden,CA,America/Winnipeg,49.831699,-92.744202
YHF,CYHF,Hearst René Fontaine Municipal Airport,Hearst,CA,America/Toronto,49.71419906616211,-83.68609619140625
YHM,CYHM,John C. Munro Hamilton International Airport,Hamilton,CA,America/Toronto,43.17348,-79.931185
YHN,CYHN,Hornepayne Municipal Airport,Hornepayne,CA,America/Toronto,49.19309997558594,-84.75890350341797
YHT,CYHT,Haines Junction Airport,Haines Junction,CA,America/Whitehorse,60.7892,-137.546005
YHU,CYHU,Montréal / Saint-Hubert Metropolitan Airport,Montréal,CA,America/Toronto,45.517502,-73.416901
YHY,CYHY,Hay River / Merlyn Carter Airport,Hay River,CA,America/Yellowknife,60.8396987915,-115.782997131
YHZ,CYHZ,Halifax / Stanfield International Airport,Halifax,CA,America/Halifax,44.8807983398,-63.5085983276
YIB,CYIB,Atikokan Municipal Airport,Atikokan,CA,America/Panama,48.773899,-91.638603
YDG,CYID,Digby / Annapolis Regional Airport,Digby,CA,America/Halifax,44.5458450365,-65.7854247093
YIF,CYIF,St Augustin Airport,St-Augustin,CA,America/Blanc-Sablon,51.2117,-58.658298
YIV,CYIV,Island Lake Airport,Island Lake,CA,America/Winnipeg,53.857200622558594,-94.65360260009766
YJF,CYJF,Fort Liard Airport,Fort Liard,CA,America/Yellowknife,60.235801696799996,-123.46900177
YJN,CYJN,St Jean Airport,St Jean,CA,America/Toronto,45.29439926147461,-73.28109741210938
YJT,CYJT,Stephenville Dymond International Airport,Stephenville,CA,America/St_Johns,48.54339,-58.552892
YKA,CYKA,Kamloops John Moose Fulton Field Regional Airport,Kamloops,CA,America/Vancouver,50.703038,-120.448641
YKF,CYKF,Region of Waterloo International Airport,Breslau,CA,America/Toronto,43.4608,-80.378601
YKJ,CYKJ,Key Lake Airport,Key Lake,CA,America/Regina,57.256099700927734,-105.61799621582031
YKL,CYKL,Schefferville Airport,Schefferville,CA,America/Toronto,54.805301666259766,-66.8052978515625
YKD,CYKM,Kincardine Municipal Airport,Kincardine,CA,America/Toronto,44.201401,-81.606697
YKX,CYKX,Kirkland Lake Airport,Kirkland Lake,CA,America/Toronto,48.21030044555664,-79.98139953613281
YKY,CYKY,Kindersley Airport,Kindersley,CA,America/Regina,51.5175018311,-109.180999756
YLD,CYLD,Chapleau Airport,Chapleau,CA,America/Toronto,47.81999969482422,-83.3467025756836
YLJ,CYLJ,Meadow Lake Airport,Meadow Lake,CA,America/Regina,54.125301361083984,-108.52300262451172
YLL,CYLL,Lloydminster Airport,Lloydminster,CA,America/Edmonton,53.3092,-110.072998
YLR,CYLR,Leaf Rapids Airport,Leaf Rapids,CA,America/Winnipeg,56.513301849365234,-99.98529815673828
YLK,CYLS,Barrie-Lake Simcoe Regional Airport,Barrie,CA,America/Toronto,44.485056,-79.554663
YLT,CYLT,Alert Airport,Alert,CA,America/Toronto,82.517263,-62.283037
YLW,CYLW,Kelowna International Airport,Kelowna,CA,America/Vancouver,49.9561,-119.377998
YMA,CYMA,Mayo Airport,Mayo,CA,America/Vancouver,63.61640167236328,-135.8679962158203
YME,CYME,Matane Airport,Matane,CA,America/Toronto,48.85689926147461,-67.45330047607422
YMG,CYMG,Manitouwadge Airport,Manitouwadge,CA,America/Toronto,49.083900451660156,-85.86060333251953
YMJ,CYMJ,Moose Jaw Air Vice Marshal C. M. McEwen Airport,Moose Jaw,CA,America/Regina,50.330299377441406,-105.55899810791016
YML,CYML,Charlevoix Airport,Charlevoix,CA,America/Toronto,47.59749984741211,-70.2238998413086
YMM,CYMM,Fort McMurray International Airport,Fort McMurray,CA,America/Edmonton,56.653301,-111.222
YMO,CYMO,Moosonee Airport,Moosonee,CA,America/Toronto,51.291099548339844,-80.60780334472656
YMT,CYMT,Chapais Airport,Chibougamau,CA,America/Toronto,49.77190017700195,-74.5280990600586
YMX,CYMX,Montreal Mirabel International Airport,Montréal,CA,America/Toronto,45.679501,-74.038696
YNA,CYNA,Natashquan Airport,Natashquan,CA,America/Toronto,50.190114,-61.78898
YND,CYND,Ottawa / Gatineau Airport,Gatineau,CA,America/Toronto,45.521702,-75.563599
YLY,CYNJ,Langley Airport,Langley,CA,America/Vancouver,49.1008,-122.630997
YNL,CYNL,Points North Landing Airport,Points North Landing,CA,America/Regina,58.27669906616211,-104.08200073242188
YNM,CYNM,Matagami Airport,Matagami,CA,America/Toronto,49.76169967651367,-77.80280303955078
YOA,CYOA,Ekati Airport,Ekati,CA,America/Edmonton,64.6988983154,-110.614997864
YOD,CYOD,CFB Cold Lake,Cold Lake,CA,America/Edmonton,54.404998779296875,-110.27899932861328
YOJ,CYOJ,High Level Airport,High Level,CA,America/Edmonton,58.62139892578125,-117.16500091552734
YOO,CYOO,Oshawa Executive Airport,Oshawa,CA,America/Toronto,43.922798,-78.894997
YOP,CYOP,Rainbow Lake Airport,Rainbow Lake,CA,America/Edmonton,58.491402,-119.407997
YOS,CYOS,Owen Sound / Billy Bishop Regional Airport,Owen Sound,CA,America/Toronto,44.5903015137,-80.8375015259
YOW,CYOW,Ottawa Macdonald-Cartier International Airport,Ottawa,CA,America/Toronto,45.322498,-75.669197
YPA,CYPA,Prince Albert Glass Field,Prince Albert,CA,America/Regina,53.214199066199996,-105.672996521
YPS,CYPD,Port Hawkesbury Airport,Port Hawkesbury,CA,America/Halifax,45.6567001343,-61.3680992126
YPE,CYPE,Peace River Airport,Peace River,CA,America/Edmonton,56.226898,-117.446999
YPG,CYPG,Portage-la-Prairie / Southport Airport,Portage la Prairie,CA,America/Winnipeg,49.903099,-98.273817
YPL,CYPL,Pickle Lake Airport,Pickle Lake,CA,America/Panama,51.4463996887207,-90.21420288085938
YPN,CYPN,Port-Menier Airport,Port-Menier,CA,America/Toronto,49.836399,-64.288597
YPQ,CYPQ,Peterborough Regional Airport,Peterborough,CA,America/Toronto,44.232251,-78.362053
YPR,CYPR,Prince Rupert Airport,Prince Rupert,CA,America/Vancouver,54.286098480199996,-130.445007324
YPW,CYPW,Powell River Airport,Powell River,CA,America/Vancouver,49.83420181274414,-124.5
YPX,CYPX,Puvirnituq Airport,Puvirnituq,CA,America/Toronto,60.050598,-77.286903
YPY,CYPY,Fort Chipewyan Airport,Fort Chipewyan,CA,America/Edmonton,58.7672004699707,-111.11699676513672
YPZ,CYPZ,Burns Lake Airport,Burns Lake,CA,America/Vancouver,54.3764,-125.950996
YQA,CYQA,Muskoka Airport,Gravenhurst,CA,America/Toronto,44.975376,-79.306546
YQB,CYQB,Quebec Jean Lesage International Airport,Quebec,CA,America/Toronto,46.7911,-71.393303
YQD,CYQD,The Pas Airport,The Pas,CA,America/Winnipeg,53.97140121459961,-101.09100341796875
YQF,CYQF,Red Deer Regional Airport,Springbrook,CA,America/Edmonton,52.182201,-113.893997
YQG,CYQG,Windsor International Airport,Windsor,CA,America/Toronto,42.2756,-82.955597
YQH,CYQH,Watson Lake Airport,Watson Lake,CA,America/Vancouver,60.116839,-128.821993
YQI,CYQI,Yarmouth Airport,Yarmouth,CA,America/Halifax,43.826900482177734,-66.08809661865234
YQK,CYQK,Kenora Airport,Kenora,CA,America/Winnipeg,49.788299560546875,-94.36309814453125
YQL,CYQL,Lethbridge County Airport,Lethbridge,CA,America/Edmonton,49.6302986145,-112.800003052
YQM,CYQM,Greater Moncton Roméo LeBlanc International Airport,Moncton,CA,America/Halifax,46.113189,-64.67719
YQN,CYQN,Nakina Airport,Nakina,CA,America/Toronto,50.18280029296875,-86.69640350341797
YQQ,CYQQ,Comox Valley International Airport / CFB Comox,Comox,CA,America/Vancouver,49.7108,-124.887001
YQR,CYQR,Regina International Airport,Regina,CA,America/Regina,50.431938,-104.660906
YQS,CYQS,St Thomas Municipal Airport,St Thomas,CA,America/Toronto,42.77000045776367,-81.11080169677734
YQT,CYQT,Thunder Bay International Airport,Thunder Bay,CA,America/Thunder_Bay,48.371899,-89.323898
YQU,CYQU,Grande Prairie Airport,Grande Prairie,CA,America/Edmonton,55.1796989441,-118.885002136
YQV,CYQV,Yorkton Municipal Airport,Yorkton,CA,America/Regina,51.264702,-102.461998
YQW,CYQW,North Battleford Airport,North Battleford,CA,America/Regina,52.769409,-108.243742
YQX,CYQX,Gander International Airport,Gander,CA,America/St_Johns,48.936258,-54.567719
YQY,CYQY,Sydney / J.A. Douglas McCurdy Airport,Sydney,CA,America/Glace_Bay,46.161072,-60.049759
YQZ,CYQZ,Quesnel Airport,Quesnel,CA,America/Vancouver,53.026100158691406,-122.51000213623047
YRB,CYRB,Resolute Bay Airport,Resolute Bay,CA,America/Winnipeg,74.7169036865,-94.9693984985
YRI,CYRI,Rivière-du-Loup Airport,Rivière-du-Loup,CA,America/Toronto,47.764400482177734,-69.58470153808594
YRJ,CYRJ,Roberval Airport,Roberval,CA,America/Toronto,48.519665,-72.265735
YRL,CYRL,Red Lake Airport,Red Lake,CA,America/Winnipeg,51.066898345947266,-93.79309844970703
YRO,CYRO,Ottawa / Rockcliffe Airport,Ottawa,CA,America/Toronto,45.460496,-75.644001
YRQ,CYRQ,Trois-Rivières Airport,Trois-Rivières,CA,America/Toronto,46.35279846191406,-72.67939758300781
YRT,CYRT,Rankin Inlet Airport,Rankin Inlet,CA,America/Winnipeg,62.8114013672,-92.1157989502
YRV,CYRV,Revelstoke Airport,Revelstoke,CA,America/Vancouver,50.962245,-118.184258
YSB,CYSB,Sudbury Airport,Sudbury,CA,America/Toronto,46.625,-80.79889678955078
YSC,CYSC,Sherbrooke Airport,Sherbrooke,CA,America/Toronto,45.438599,-71.691399
YSF,CYSF,Stony Rapids Airport,Stony Rapids,CA,America/Regina,59.250301361083984,-105.84100341796875
YSH,CYSH,Smiths Falls-Montague (Russ Beach) Airport,Smiths Falls,CA,America/Toronto,44.945801,-75.940598
YSJ,CYSJ,Saint John Airport,Saint John,CA,America/Halifax,45.31610107421875,-65.89029693603516
YSL,CYSL,Saint-Léonard Airport,Saint-Léonard,CA,America/Moncton,47.157097,-67.836242
YSM,CYSM,Fort Smith Airport,Fort Smith,CA,America/Edmonton,60.020302,-111.961998
YCM,CYSN,Niagara District Airport,Niagara-on-the-Lake,CA,America/Toronto,43.191598,-79.171686
YSP,CYSP,Marathon Airport,Marathon,CA,America/Toronto,48.75529861450195,-86.34439849853516
YSU,CYSU,Summerside Airport,Slemon Park,CA,America/Halifax,46.440601,-63.833599
YTA,CYTA,Pembroke Airport,Pembroke,CA,America/Toronto,45.86439895629883,-77.25170135498047
YTF,CYTF,Alma Airport,Alma,CA,America/Toronto,48.5089,-71.641899
YTH,CYTH,Thompson Airport,Thompson,CA,America/Winnipeg,55.80110168457031,-97.86419677734375
YTR,CYTR,CFB Trenton,Trenton,CA,America/Toronto,44.118900299072266,-77.5280990600586
YTS,CYTS,Timmins/Victor M. Power,Timmins,CA,America/Toronto,48.569698333699996,-81.376701355
YTZ,CYTZ,Billy Bishop Toronto City Airport,Toronto,CA,America/Toronto,43.627852,-79.39553
YUL,CYUL,Montreal / Pierre Elliott Trudeau International Airport,Montréal,CA,America/Toronto,45.467837,-73.742294
YUX,CYUX,Hall Beach Airport,Sanirajak,CA,America/Toronto,68.7761,-81.2425
YUY,CYUY,Rouyn Noranda Airport,Rouyn-Noranda,CA,America/Toronto,48.20610046386719,-78.83560180664062
YVB,CYVB,Bonaventure Airport,Bonaventure,CA,America/Toronto,48.071098,-65.460297
YVC,CYVC,La Ronge Airport,La Ronge,CA,America/Regina,55.151401519800004,-105.262001038
YVE,CYVK,Vernon Regional Airport,Vernon,CA,America/Vancouver,50.246163,-119.330963
YVO,CYVO,Val-d'Or Airport,Val-d'Or,CA,America/Toronto,48.0532989502,-77.7827987671
YVP,CYVP,Kuujjuaq Airport,Kuujjuaq,CA,America/Toronto,58.096099853515625,-68.4269027709961
YVQ,CYVQ,Norman Wells Airport,Norman Wells,CA,America/Edmonton,65.28160095214844,-126.7979965209961
YVR,CYVR,Vancouver International Airport,Vancouver,CA,America/Vancouver,49.193901,-123.183998
YVV,CYVV,Wiarton Airport,Wiarton,CA,America/Toronto,44.7458,-81.107201
YWG,CYWG,Winnipeg / James Armstrong Richardson International Airport,Winnipeg,CA,America/Winnipeg,49.909999847399995,-97.2398986816
YWK,CYWK,Wabush Airport,Wabush,CA,America/Halifax,52.92190170288086,-66.8644027709961
YWL,CYWL,Williams Lake Airport,Williams Lake,CA,America/Vancouver,52.1831016541,-122.054000854
YWY,CYWY,Wrigley Airport,Wrigley,CA,America/Edmonton,63.20940017700195,-123.43699645996094
YXC,CYXC,Cranbrook/Canadian Rockies International Airport,Cranbrook,CA,America/Edmonton,49.610802,-115.781998
YXE,CYXE,Saskatoon John G. Diefenbaker International Airport,Saskatoon,CA,America/Regina,52.170723,-106.700793
YXH,CYXH,Medicine Hat Regional Airport,Medicine Hat,CA,America/Edmonton,50.018902,-110.721001
YXJ,CYXJ,Fort St John / North Peace Regional Airport,Fort Saint John,CA,America/Dawson_Creek,56.238098,-120.739998
YXK,CYXK,Rimouski Airport,Rimouski,CA,America/Toronto,48.477644,-68.496323
YXL,CYXL,Sioux Lookout Airport,Sioux Lookout,CA,America/Winnipeg,50.11389923095703,-91.9052963256836
YXQ,CYXQ,Beaver Creek Airport,Beaver Creek,CA,America/Whitehorse,62.410301208496094,-140.86700439453125
YXR,CYXR,Earlton (Timiskaming Regional) Airport,Earlton,CA,America/Toronto,47.697400654599996,-79.8473453522
YXS,CYXS,Prince George (International) Airport,Prince George,CA,America/Vancouver,53.884311,-122.666554
YXT,CYXT,Northwest Regional Airport Terrace-Kitimat,Terrace,CA,America/Vancouver,54.468498,-128.576009
YXU,CYXU,London International Airport,London,CA,America/Toronto,43.032845,-81.149003
YXX,CYXX,Abbotsford International Airport,Abbotsford,CA,America/Vancouver,49.025299,-122.361
YXY,CYXY,Whitehorse / Erik Nielsen International Airport,Whitehorse,CA,America/Whitehorse,60.708533,-135.065705
YXZ,CYXZ,Wawa Airport,Wawa,CA,America/Toronto,47.96670150756836,-84.78669738769531
YYB,CYYB,North Bay Jack Garland Airport,North Bay,CA,America/Toronto,46.363602,-79.422798
YYC,CYYC,Calgary International Airport,Calgary,CA,America/Edmonton,51.118822,-114.009933
YYD,CYYD,Smithers Airport,Smithers,CA,America/Vancouver,54.82469940185547,-127.18299865722656
YYE,CYYE,Fort Nelson Airport,Fort Nelson,CA,America/Fort_Nelson,58.8363990784,-122.597000122
YYF,CYYF,Penticton Airport,Penticton,CA,America/Vancouver,49.46310043334961,-119.60199737548828
YYG,CYYG,Charlottetown Airport,Charlottetown,CA,America/Halifax,46.288911,-63.125174
YYJ,CYYJ,Victoria International Airport,Victoria,CA,America/Vancouver,48.647201,-123.427792
YYL,CYYL,Lynn Lake Airport,Lynn Lake,CA,America/Winnipeg,56.86389923095703,-101.07599639892578
YYN,CYYN,Swift Current Airport,Swift Current,CA,America/Regina,50.291900634799994,-107.691001892
YYQ,CYYQ,Churchill Airport,Churchill,CA,America/Winnipeg,58.739200592041016,-94.06500244140625
YYR,CYYR,Goose Bay Airport,Goose Bay,CA,America/Goose_Bay,53.3191986084,-60.4258003235
YYT,CYYT,St. John's International Airport,St. John's,CA,America/St_Johns,47.618599,-52.7519
YYU,CYYU,Kapuskasing Airport,Kapuskasing,CA,America/Toronto,49.411587,-82.469645
YYW,CYYW,Armstrong Airport,Armstrong,CA,America/Toronto,50.29029846191406,-88.90969848632812
YYY,CYYY,Mont Joli Airport,Mont-Joli,CA,America/Toronto,48.60860061645508,-68.20809936523438
YYZ,CYYZ,Toronto Pearson International Airport,Toronto,CA,America/Toronto,43.675935,-79.629421
YZE,CYZE,Gore Bay Manitoulin Airport,Gore Bay,CA,America/Toronto,45.8853,-82.567802
YZF,CYZF,Yellowknife International Airport,Yellowknife,CA,America/Edmonton,62.462799,-114.440002
YZH,CYZH,Slave Lake Airport,Slave Lake,CA,America/Edmonton,55.292945,-114.777276
YZP,CYZP,Sandspit Airport,Sandspit,CA,America/Vancouver,53.25429916379999,-131.813995361
YZR,CYZR,Chris Hadfield Airport,Sarnia,CA,America/Toronto,42.999401,-82.308899
YZS,CYZS,Coral Harbour Airport,Coral Harbour,CA,America/Panama,64.1932983398,-83.3593978882
YZT,CYZT,Port Hardy Airport,Port Hardy,CA,America/Vancouver,50.680599212646484,-127.36699676513672
YZU,CYZU,Whitecourt Airport,Whitecourt,CA,America/Edmonton,54.143902,-115.787003
YZV,CYZV,Sept-Îles Airport,Sept-Îles,CA,America/Toronto,50.22330093383789,-66.2656021118164
YZW,CYZW,Teslin Airport,Teslin,CA,America/Vancouver,60.17279815673828,-132.7429962158203
YZX,CYZX,CFB Greenwood,Greenwood,CA,America/Halifax,44.98440170288086,-64.91690063476562
YSN,CZAM,Shuswap Regional Airport,Salmon Arm,CA,America/Vancouver,50.682802,-119.228996
YDT,CZBB,Boundary Bay Airport,Delta,CA,America/Vancouver,49.074338,-123.006877
ZBF,CZBF,Bathurst Airport,South Tetagouche,CA,America/Halifax,47.6297,-65.738899
ZBM,CZBM,Bromont (Roland Désourdy) Airport,Bromont,CA,America/Toronto,45.290798,-72.741402
KES,CZEE,Kelsey Airport,Kelsey,CA,America/Winnipeg,56.0374984741,-96.50969696039999
ZFA,CZFA,Faro Airport,Faro,CA,America/Vancouver,62.20750045776367,-133.37600708007812
ZGF,CZGF,Grand Forks Airport,Grand Forks,CA,America/Vancouver,49.015598,-118.431
ZJG,CZJG,Jenpeg Airport,Jenpeg,CA,America/Winnipeg,54.51890182495117,-98.04609680175781
ZJN,CZJN,Swan River Airport,Swan River,CA,America/Winnipeg,52.120602,-101.236
YTD,CZLQ,Thicket Portage Airport,Thicket Portage,CA,America/Winnipeg,55.31890106201172,-97.70780181884766
PIW,CZMN,Pikwitonei Airport,Pikwitonei,CA,America/Winnipeg,55.58890151977539,-97.16419982910156
ZMT,CZMT,Masset Airport,Masset,CA,America/Vancouver,54.0275,-132.125
WPC,CZPC,Pincher Creek Airport,Pincher Creek,CA,America/Edmonton,49.520429,-113.997002
ZSJ,CZSJ,Sandy Lake Airport,Sandy Lake,CA,America/Winnipeg,53.06420135498047,-93.34439849853516
ZST,CZST,Stewart Airport,Stewart,CA,America/Vancouver,55.935410448,-129.982434511
ZUC,CZUC,Ignace Municipal Airport,Ignace,CA,America/Winnipeg,49.428204,-91.720418
BUJ,DAAD,Bou Saada Airport,Ouled Sidi Brahim,DZ,Africa/Algiers,35.3325,4.20639
BJA,DAAE,Soummam–Abane Ramdane Airport,Béjaïa,DZ,Africa/Algiers,36.712547,5.069909
ALG,DAAG,Houari Boumediene Airport,Algiers,DZ,Africa/Algiers,36.693886,3.214531
DJG,DAAJ,Tiska Djanet Airport,Djanet,DZ,Africa/Algiers,24.285448,9.463652
VVZ,DAAP,Illizi Takhamalt Airport,Illizi,DZ,Africa/Algiers,26.723499,8.62265
QSF,DAAS,Ain Arnat Airport,Sétif,DZ,Africa/Algiers,36.178488,5.329909
TMR,DAAT,Aguenar – Hadj Bey Akhamok Airport,Tamanrasset,DZ,Africa/Algiers,22.810992,5.450832
GJL,DAAV,Jijel Ferhat Abbas Airport,Tahir,DZ,Africa/Algiers,36.794125,5.873652
MZW,DAAY,Mecheria Airport,Mecheria,DZ,Africa/Algiers,33.535900116,-0.242353007197
AAE,DABB,Annaba Rabah Bitat Airport,Annaba,DZ,Africa/Algiers,36.826781,7.81334
CZL,DABC,Mohamed Boudiaf International Airport,Constantine,DZ,Africa/Algiers,36.276001,6.62039
TEE,DABS,Cheikh Larbi Tébessi Airport,Tébessi,DZ,Africa/Algiers,35.4315986633,8.12071990967
BLJ,DABT,Batna Mostefa Ben Boulaid Airport,Batna,DZ,Africa/Algiers,35.752102,6.30859
HRM,DAFH,Hassi R'Mel Airport,Hassi R'Mel,DZ,Africa/Algiers,32.930401,3.31154
TID,DAOB,Abdelhafid Boussouf Bou Chekif Airport,Tiaret,DZ,Africa/Algiers,35.341099,1.46315
TIN,DAOF,Tindouf Airport,Tindouf,DZ,Africa/Algiers,27.7003993988,-8.167099952700001
CFK,DAOI,Chlef Aboubakr Belkaid International Airport,Chlef,DZ,Africa/Algiers,36.216614,1.341114
TAF,DAOL,Oran Tafraoui Airport,Tafraoui,DZ,Africa/Algiers,35.5424,-0.532278
TLM,DAON,Zenata – Messali El Hadj Airport,Zenata,DZ,Africa/Algiers,35.012732,-1.457117
ORN,DAOO,Oran Es-Sénia (Ahmed Ben Bella) International Airport,Es-Sénia,DZ,Africa/Algiers,35.620648,-0.622486
CBH,DAOR,Béchar Boudghene Ben Ali Lotfi Airport,Béchar,DZ,Africa/Algiers,31.645700454711914,-2.269860029220581
MUW,DAOV,Ghriss Airport,Ghriss,DZ,Africa/Algiers,35.207699,0.147142
BMW,DATM,Bordj Badji Mokhtar Airport,Bordj Badji Mokhtar,DZ,Africa/Algiers,21.3778,0.92698
AZR,DAUA,Touat-Cheikh Sidi Mohamed Belkebir Airport,Adrar,DZ,Africa/Algiers,27.837601,-0.186414
BSK,DAUB,Biskra - Mohamed Khider Airport,Biskra,DZ,Africa/Algiers,34.79318,5.738899
ELG,DAUE,El Golea Airport,El Menia,DZ,Africa/Algiers,30.580732,2.861595
GHA,DAUG,Noumérat - Moufdi Zakaria Airport,El Atteuf,DZ,Africa/Algiers,32.384102,3.79411
HME,DAUH,Hassi Messaoud-Oued Irara Krim Belkacem Airport,Hassi Messaoud,DZ,Africa/Algiers,31.673,6.14044
INZ,DAUI,In Salah Airport,In Salah,DZ,Africa/Algiers,27.250999,2.51202
TGR,DAUK,Touggourt Sidi Madhi Airport,Touggourt,DZ,Africa/Algiers,33.067799,6.08867
LOO,DAUL,Laghouat - Molay Ahmed Medeghri Airport,Laghouat,DZ,Africa/Algiers,33.7644,2.92834
ELU,DAUO,Guemar Airport - مطار قمار بالوادي,Guemar,DZ,Africa/Algiers,33.511398,6.77679
TMX,DAUT,Timimoun Airport,Timimoun,DZ,Africa/Algiers,29.237101,0.276033
OGX,DAUU,Ain Beida Airport,Ouargla,DZ,Africa/Algiers,31.9172,5.41278
IAM,DAUZ,Zarzaitine - In Aménas Airport,In Aménas,DZ,Africa/Algiers,28.0515,9.64291
COO,DBBB,Cotonou Cadjehoun International Airport,Cotonou,BJ,Africa/Porto-Novo,6.35723,2.38435
OUA,DFFD,Ouagadougou Thomas Sankara International Airport,Ouagadougou,BF,Africa/Ouagadougou,12.3532,-1.51242
BOY,DFOO,Bobo Dioulasso Airport,Bobo Dioulasso,BF,Africa/Ouagadougou,11.1601,-4.33097
ACC,DGAA,Kotoka International Airport,Accra,GH,Africa/Accra,5.605189800262451,-0.16678600013256073
TML,DGLE,Yakubu Tali International Airport,Tamale,GH,Africa/Accra,9.553909,-0.86606
KMS,DGSI,Prempeh I International Airport,Kumasi,GH,Africa/Accra,6.71456,-1.59082
NYI,DGSN,Sunyani Airport,Sunyani,GH,Africa/Accra,7.36183,-2.32876
TKD,DGTK,Takoradi Airport,Sekondi-Takoradi,GH,Africa/Accra,4.896059989929199,-1.7747600078582764
ABJ,DIAP,Félix-Houphouët-Boigny International Airport,Abidjan,CI,Africa/Abidjan,5.26139,-3.92629
BYK,DIBK,Bouaké Airport,Bouaké,CI,Africa/Abidjan,7.7388,-5.07367
DJO,DIDL,Daloa Airport,,CI,Africa/Abidjan,6.79281,-6.47319
HGO,DIKO,Korhogo Airport,Korhogo,CI,Africa/Abidjan,9.38718,-5.55666
MJC,DIMN,Man Airport,,CI,Africa/Abidjan,7.27207,-7.58736
SPY,DISP,San Pedro Airport,,CI,Africa/Abidjan,4.74672,-6.66082
ASK,DIYO,Yamoussoukro International Airport,Yamoussoukro,CI,Africa/Abidjan,6.90317,-5.36558
DKA,DN57,Umaru Musa Yar'adua Airport,Katsina,NG,,13.0078,7.66045
ABV,DNAA,Nnamdi Azikiwe International Airport,Abuja,NG,Africa/Lagos,9.00679,7.26317
QUO,DNAI,Akwa Ibom International Airport,Uyo,NG,,4.8725,8.093
AKR,DNAK,Akure Airport,Akure,NG,,7.246739864349365,5.3010101318359375
ABB,DNAS,Asaba International Airport,Asaba,NG,Africa/Lagos,6.204167,6.665278
BCU,DNBC,Sir Abubakar Tafawa Balewa Bauchi State International Airport,Bauchi,NG,,10.482833,9.744
BNI,DNBE,Benin Airport,Benin,NG,Africa/Lagos,6.316979885101318,5.5995001792907715
CBQ,DNCA,Margaret Ekpo International Airport,Calabar,NG,Africa/Lagos,4.976019859313965,8.347200393676758
ENU,DNEN,Akanu Ibiam International Airport,Enegu,NG,Africa/Lagos,6.473718,7.560463
GMO,DNGO,Gombe Lawanti International Airport,Gombe,NG,Africa/Lagos,10.298889,10.9
IBA,DNIB,Ibadan Airport,Ibadan,NG,Africa/Lagos,7.362460136413574,3.97832989692688
ILR,DNIL,General Tunde Idiagbon International Airport,Ilorin/Ogbomosho,NG,Africa/Lagos,8.44021,4.49392
QOW,DNIM,Sam Mbakwe International Cargo Airport,Owerri,NG,Africa/Lagos,5.42706,7.20603
JOS,DNJO,Yakubu Gowon Airport,Jos,NG,Africa/Lagos,9.639829635620117,8.869050025939941
KAD,DNKA,Kaduna International Airport,Kaduna,NG,Africa/Lagos,10.696,7.32011
KAN,DNKN,Mallam Aminu Kano International Airport,Kano,NG,Africa/Lagos,12.045613,8.523566
MIU,DNMA,Maiduguri International Airport,Maiduguri,NG,Africa/Lagos,11.854163,13.080702
MDI,DNMK,Makurdi Airport,Makurdi,NG,Africa/Lagos,7.70388,8.61394
LOS,DNMM,Murtala Muhammed International Airport,Lagos,NG,Africa/Lagos,6.57737,3.32116
MXJ,DNMN,Minna Airport,Minna,NG,Africa/Lagos,9.652170181274414,6.462259769439697
PHC,DNPO,Port Harcourt International Airport,Port Harcourt,NG,Africa/Lagos,5.01549,6.94959
SKO,DNSO,Sadiq Abubakar III International Airport,Sokoto,NG,Africa/Lagos,12.915729,5.207547
QRW,DNSU,Warri Airport,Okpe,NG,,5.59821,5.8187
YOL,DNYO,Yola Airport,Yola,NG,Africa/Lagos,9.257550239562988,12.430399894714355
ZAR,DNZA,Zaria Airport,Zaria,NG,Africa/Lagos,11.1302,7.68581
MFQ,DRRM,Maradi Airport,Maradi,NE,Africa/Niamey,13.5025,7.12675
NIM,DRRN,Diori Hamani International Airport,Niamey,NE,Africa/Niamey,13.4815,2.18361
THZ,DRRT,Tahoua Airport,Tahoua,NE,Africa/Niamey,14.8757,5.26536
AJY,DRZA,Mano Dayak International Airport,Agadez,NE,Africa/Niamey,16.966,8.00011
ZND,DRZR,Zinder Airport,Zinder,NE,Africa/Niamey,13.779000282287598,8.983759880065918
TBJ,DTKA,Tabarka-Aïn Draham International Airport,Tabarka,TN,Africa/Tunis,36.98,8.87694
MIR,DTMB,Monastir Habib Bourguiba International Airport,Monastir,TN,Africa/Tunis,35.75809860229492,10.75469970703125
NBE,DTNH,Enfidha - Hammamet International Airport,Enfidha,TN,Africa/Tunis,36.075833,10.438611
TUN,DTTA,Tunis Carthage International Airport,Tunis,TN,Africa/Tunis,36.851002,10.2272
GAF,DTTF,Gafsa Ksar International Airport,Gafsa,TN,Africa/Tunis,34.422000885009766,8.822500228881836
GAE,DTTG,Gabès Matmata International Airport,Gabès,TN,Africa/Tunis,33.733691,9.91941
DJE,DTTJ,Djerba Zarzis International Airport,Mellita,TN,Africa/Tunis,33.873719,10.7773
EBM,DTTR,El Borma Airport,El Borma,TN,Africa/Tunis,31.7043,9.25462
SFA,DTTX,Sfax Thyna International Airport,Sfax,TN,Africa/Tunis,34.717999,10.691
TOE,DTTZ,Tozeur Nefta International Airport,Tozeur,TN,Africa/Tunis,33.939701080322266,8.110560417175293
LRL,DXNG,Niamtougou International Airport,Niamtougou,TG,Africa/Lome,9.766675,1.090944
LFW,DXXX,Lomé–Tokoin International Airport,Lomé,TG,Africa/Lome,6.16561,1.25451
ANR,EBAW,Antwerp International Airport (Deurne),Antwerp,BE,Europe/Brussels,51.190667,4.463153
BRU,EBBR,Brussels Airport,Zaventem,BE,Europe/Brussels,50.901402,4.48444
CRL,EBCI,Brussels South Charleroi Airport,Charleroi,BE,Europe/Brussels,50.461963,4.459562
KJK,EBKT,Flanders International Airport Kortrijk-Wevelgem,Wevelgem,BE,Europe/Brussels,50.818878,3.209551
LGG,EBLG,Liège Airport,Grâce-Hollogne,BE,Europe/Brussels,50.638574,5.443897
OST,EBOS,Ostend-Bruges International Airport,Oostende,BE,Europe/Brussels,51.1998,2.874673
AOC,EDAC,Leipzig–Altenburg Airport,Nobitz,DE,Europe/Berlin,50.981945,12.506389
HDF,EDAH,Heringsdorf Airport,Zirchow,DE,Europe/Berlin,53.8787,14.1523
FNB,EDBN,Neubrandenburg Trollenhagen Airport,Trollenhagen,DE,Europe/Berlin,53.6022,13.306
BER,EDDB,Berlin Brandenburg Airport,Berlin,DE,Europe/Berlin,52.361738,13.502341
DRS,EDDC,Dresden Airport,Dresden,DE,Europe/Berlin,51.134123,13.767831
ERF,EDDE,Erfurt-Weimar Airport,Erfurt,DE,Europe/Berlin,50.978281,10.960713
FRA,EDDF,Frankfurt Main Airport,Frankfurt am Main,DE,Europe/Berlin,50.026706,8.55835
FMO,EDDG,Münster Osnabrück Airport,Greven,DE,Europe/Berlin,52.133816,7.688482
HAM,EDDH,Hamburg Helmut Schmidt Airport,Hamburg,DE,Europe/Berlin,53.630402,9.98823
CGN,EDDK,Cologne Bonn Airport,Köln (Cologne),DE,Europe/Berlin,50.865898,7.14274
DUS,EDDL,Düsseldorf Airport,Düsseldorf,DE,Europe/Berlin,51.289501,6.76678
MUC,EDDM,Munich Airport,Munich,DE,Europe/Berlin,48.353802,11.7861
NUE,EDDN,Nuremberg Airport,Nuremberg,DE,Europe/Berlin,49.498699,11.078056
LEJ,EDDP,Leipzig/Halle Airport,Schkeuditz,DE,Europe/Berlin,51.420657,12.232705
SCN,EDDR,Saarbrücken Airport,Saarbrücken,DE,Europe/Berlin,49.214545,7.109735
STR,EDDS,Stuttgart Airport,Stuttgart,DE,Europe/Berlin,48.689899,9.22196
HAJ,EDDV,Hannover Airport,Hannover,DE,Europe/Berlin,52.461102,9.68508
BRE,EDDW,Bremen Airport,Bremen,DE,Europe/Berlin,53.046786,8.78932
HHN,EDFH,Frankfurt-Hahn Airport,Frankfurt am Main (Lautzenhausen),DE,Europe/Berlin,49.946353,7.261734
MHG,EDFM,Mannheim-City Airport,Mannheim,DE,Europe/Berlin,49.473057,8.514167
EIB,EDGE,Eisenach-Kindel Airport,Hörselberg-Hainich,DE,Europe/Berlin,50.991604,10.47973
SGE,EDGS,Siegerland Airport,Burbach,DE,Europe/Berlin,50.707699,8.08297
XFW,EDHI,Hamburg-Finkenwerder Airport,Hamburg,DE,Europe/Berlin,53.5352783203125,9.835556030273438
KEL,EDHK,Kiel-Holtenau Airport,Kiel,DE,Europe/Berlin,54.37957,10.145266
LBC,EDHL,Lübeck Blankensee Airport,Lübeck,DE,Europe/Berlin,53.805401,10.7192
FMM,EDJA,Memmingen Allgau Airport,Memmingen,DE,Europe/Berlin,47.988092,10.238248
BFE,EDLI,Bielefeld Airport,Bielefeld,DE,Europe/Berlin,51.964722,8.544444
MGL,EDLN,Mönchengladbach Airport,Mönchengladbach,DE,Europe/Berlin,51.230278,6.504444
PAD,EDLP,Paderborn Lippstadt Airport,Büren,DE,Europe/Berlin,51.612527,8.617459
NRN,EDLV,Weeze (Niederrhein) Airport,Weeze,DE,Europe/Berlin,51.601362,6.141228
DTM,EDLW,Dortmund Airport,Dortmund,DE,Europe/Berlin,51.518299,7.61224
AGB,EDMA,Augsburg Airport,Augsburg,DE,Europe/Berlin,48.425278,10.931667
OBF,EDMO,Oberpfaffenhofen Airport,Weßling,DE,Europe/Berlin,48.081402,11.2831
FDH,EDNY,Bodensee Airport Friedrichshafen,Friedrichshafen,DE,Europe/Berlin,47.671299,9.51149
BYU,EDQD,Bayreuth Airport,Bindlach,DE,Europe/Berlin,49.985001,11.64
HOQ,EDQM,Hof-Plauen Airport,Hof,DE,Europe/Berlin,50.288544,11.852876
FKB,EDSB,Karlsruhe Baden-Baden Airport,Rheinmünster,DE,Europe/Berlin,48.7794,8.0805
LHA,EDTL,Lahr Airport,Lahr/Schwarzwald,DE,Europe/Berlin,48.369301,7.82772
BWE,EDVE,Braunschweig-Wolfsburg Airport,Braunschweig,DE,Europe/Berlin,52.319199,10.5561
KSF,EDVK,Kassel Airport,Calden,DE,Europe/Berlin,51.418395,9.391638
GWT,EDXW,Westerland Sylt Airport,Sylt,DE,Europe/Berlin,54.9132,8.34047
KDL,EEKA,Kärdla Airport,Kärdla,EE,Europe/Tallinn,58.99079895019531,22.830699920654297
URE,EEKE,Kuressaare Airport,Kuressaare,EE,Europe/Tallinn,58.22990036010742,22.50950050354004
EPU,EEPU,Pärnu Airport,Pärnu,EE,Europe/Tallinn,58.41899871826172,24.47279930114746
EES,EES,Berenice International Airport / Banas Cape Air Base,Berenice Troglodytica,EG,,23.980437,35.460277
TLL,EETN,Lennart Meri Tallinn Airport,Tallinn,EE,Europe/Tallinn,59.413246,24.83264
TAY,EETU,Tartu Airport,Tartu,EE,Europe/Tallinn,58.307438,26.686473
ENF,EFET,Enontekio Airport,Enontekio,FI,Europe/Helsinki,68.362602233887,23.424299240112
KEV,EFHA,Halli Airport,Jämsä,FI,Europe/Helsinki,61.856039,24.786686
HEL,EFHK,Helsinki Vantaa Airport,Helsinki (Vantaa),FI,Europe/Helsinki,60.318363,24.963341
KTQ,EFIT,Kitee Airport,Kitee,FI,Europe/Helsinki,62.1661,30.073601
IVL,EFIV,Ivalo Airport,Ivalo,FI,Europe/Helsinki,68.6073,27.4053
JOE,EFJO,Joensuu Airport,Joensuu,FI,Europe/Helsinki,62.658815,29.619398
JYV,EFJY,Jyväskylä Airport,Jyväskylän Maalaiskunta,FI,Europe/Helsinki,62.399502,25.678301
KAU,EFKA,Kauhava Airfield,Kauhava,FI,Europe/Helsinki,63.127102,23.051399
KEM,EFKE,Kemi-Tornio Airport,Kemi / Tornio,FI,Europe/Helsinki,65.778701782227,24.582099914551
KAJ,EFKI,Kajaani Airport,Kajaani,FI,Europe/Helsinki,64.2855,27.6924
KHJ,EFKJ,Kauhajoki Airfield,Kauhajoki,FI,Europe/Helsinki,62.463212,22.390817
KOK,EFKK,Kokkola-Pietarsaari Airport,Kokkola / Kruunupyy,FI,Europe/Helsinki,63.721199,23.143101
KAO,EFKS,Kuusamo Airport,Kuusamo,FI,Europe/Helsinki,65.987602,29.239401
KTT,EFKT,Kittilä International Airport,Kittilä,FI,Europe/Helsinki,67.700996,24.8468
KUO,EFKU,Kuopio Airport,Kuopio / Siilinjärvi,FI,Europe/Helsinki,63.007099,27.7978
LPP,EFLP,Lappeenranta Airport,Lappeenranta,FI,Europe/Helsinki,61.044601,28.144743
MHQ,EFMA,Mariehamn Airport,Mariehamn,FI,Europe/Mariehamn,60.1222,19.898199
MIK,EFMI,Mikkeli Airport,Mikkeli,FI,Europe/Helsinki,61.6866,27.201799
OUL,EFOU,Oulu Airport,Oulu / Oulunsalo,FI,Europe/Helsinki,64.930099,25.354601
POR,EFPO,Pori Airport,Pori,FI,Europe/Helsinki,61.4617,21.799999
RVN,EFRO,Rovaniemi Airport,Rovaniemi,FI,Europe/Helsinki,66.563327,25.829751
SVL,EFSA,Savonlinna Airport,Savonlinna,FI,Europe/Helsinki,61.9431,28.945101
SJY,EFSI,Seinäjoki Airport,Seinäjoki / Ilmajoki,FI,Europe/Helsinki,62.692101,22.8323
SOT,EFSO,Sodankyla Airport,Sodankyla,FI,Europe/Helsinki,67.3949966431,26.6191005707
TMP,EFTP,Tampere-Pirkkala Airport,Tampere / Pirkkala,FI,Europe/Helsinki,61.414101,23.604401
TKU,EFTU,Turku Airport,Turku,FI,Europe/Helsinki,60.514099,22.2628
UTI,EFUT,Utti Air Base,Utti / Valkeala,FI,Europe/Helsinki,60.8964,26.9384
VAA,EFVA,Vaasa Airport,Vaasa,FI,Europe/Helsinki,63.05023,21.762543
VRK,EFVR,Varkaus Airport,Varkaus / Joroinen,FI,Europe/Helsinki,62.171101,27.868601
YLI,EFYL,Ylivieska Airfield,Ylivieska,FI,Europe/Helsinki,64.054722,24.725278
BFS,EGAA,Belfast International Airport,Belfast,GB,Europe/London,54.6575012207,-6.2158298492399995
ENK,EGAB,Enniskillen/St Angelo Airport,"Enniskillen, Fermanagh and Omagh",GB,Europe/London,54.398274,-7.651179
BHD,EGAC,George Best Belfast City Airport,Belfast,GB,Europe/London,54.618099,-5.8725
LDY,EGAE,City of Derry Airport,"Derry, Derry and Strabane",GB,Europe/London,55.042801,-7.16111
BHX,EGBB,Birmingham Airport,"Birmingham, West Midlands",GB,Europe/London,52.453899,-1.74803
CVT,EGBE,Coventry Airport,"Coventry, West Midlands",GB,Europe/London,52.369701,-1.47972
GLO,EGBJ,Gloucestershire Airport,"Staverton, Gloucestershire",GB,Europe/London,51.894199,-2.16722
NQT,EGBN,Nottingham City Airport,"Nottingham, Nottinghamshire",GB,Europe/London,52.919998,-1.07917
MAN,EGCC,Manchester Airport,"Manchester, Greater Manchester",GB,Europe/London,53.349375,-2.279521
YEO,EGDY,RNAS Yeovilton,"Yeovil, Somerset",GB,Europe/London,51.009399,-2.63882
CAL,EGEC,Campbeltown Airport,Campbeltown,GB,Europe/London,55.437199,-5.68639
EOI,EGED,Eday Airport,Eday,GB,Europe/London,59.19060134887695,-2.7722198963165283
HAW,EGFE,Haverfordwest Airport,Haverfordwest,GB,Europe/London,51.833099365234375,-4.9611101150512695
CWL,EGFF,Cardiff International Airport,Cardiff,GB,Europe/London,51.396702,-3.34333
SWS,EGFH,Swansea Airport,Swansea,GB,Europe/London,51.601366,-4.071006
BRS,EGGD,Bristol Airport,Bristol,GB,Europe/London,51.382326,-2.716453
LPL,EGGP,Liverpool John Lennon Airport,Liverpool,GB,Europe/London,53.334863,-2.849637
LTN,EGGW,London Luton Airport,"Luton, Luton",GB,Europe/London,51.874699,-0.368333
BOH,EGHH,Bournemouth Airport,Bournemouth,GB,Europe/London,50.780483,-1.839576
SOU,EGHI,Southampton Airport,Southampton,GB,Europe/London,50.950298,-1.3568
NQY,EGHQ,Cornwall Airport Newquay,Newquay,GB,Europe/London,50.440601,-4.99541
ACI,EGJA,Alderney Airport,Saint Anne,GG,Europe/Guernsey,49.706104,-2.21472
GCI,EGJB,Guernsey Airport,Saint Peter Port,GG,Europe/Guernsey,49.435001,-2.60197
JER,EGJJ,Jersey Airport,St. Peter,JE,Europe/Jersey,49.207901,-2.19551
ESH,EGKA,Brighton City Airport,"Brighton, East Sussex",GB,Europe/London,50.835602,-0.297222
BQH,EGKB,London Biggin Hill Airport,London,GB,Europe/London,51.33079910279999,0.0324999988079
LGW,EGKK,London Gatwick Airport,London,GB,Europe/London,51.148744,-0.185739
LCY,EGLC,London City Airport,London,GB,Europe/London,51.505299,0.055278
FAB,EGLF,Farnborough Airport,"Farnborough, Hampshire",GB,Europe/London,51.275799,-0.776333
BBS,EGLK,Blackbushe Airport,"Camberley, Surrey",GB,Europe/London,51.323898,-0.8475
LHR,EGLL,London Heathrow Airport,London,GB,Europe/London,51.470748,-0.459909
SEN,EGMC,London Southend Airport,"Southend-on-Sea, Essex",GB,Europe/London,51.570562,0.693627
LYX,EGMD,Lydd London Ashford Airport,"Romney Marsh, Kent",GB,Europe/London,50.956246,0.939074
CAX,EGNC,Carlisle Lake District Airport,"Carlisle, Cumbria",GB,Europe/London,54.9375,-2.80917
BLK,EGNH,Blackpool Airport,Blackpool,GB,Europe/London,53.771702,-3.02861
HUY,EGNJ,Humberside Airport,"Grimsby, Lincolnshire",GB,Europe/London,53.576152,-0.34954
BWF,EGNL,Barrow Walney Island Airport,Barrow-in-Furness,GB,Europe/London,54.1286111,-3.2675
LBA,EGNM,Leeds Bradford Airport,"Leeds, West Yorkshire",GB,Europe/London,53.865898,-1.66057
WRT,EGNO,Warton Aerodrome,Warton,GB,Europe/London,53.745098,-2.88306
CEG,EGNR,Hawarden Airport,Broughton,GB,Europe/London,53.178101,-2.97778
IOM,EGNS,Isle of Man Airport,Castletown,IM,Europe/Isle_of_Man,54.083081,-4.623871
NCL,EGNT,Newcastle International Airport,"Newcastle upon Tyne, Tyne and Wear",GB,Europe/London,55.037958,-1.689577
MME,EGNV,Teesside International Airport,"Darlington, Durham",GB,Europe/London,54.509201,-1.42941
EMA,EGNX,East Midlands Airport,"Nottingham, Leicestershire",GB,Europe/London,52.8311,-1.32806
VLY,EGOV,Anglesey Airport,Angelsey,GB,,53.2481,-4.53534
KOI,EGPA,Kirkwall Airport,"Kirkwall, Orkney Islands",GB,Europe/London,58.957903,-2.905077
LSI,EGPB,Sumburgh Airport,"Lerwick, Shetland",GB,Europe/London,59.878899,-1.29556
WIC,EGPC,Wick John O'Groats Airport,Wick,GB,Europe/London,58.4589,-3.09306
ABZ,EGPD,Aberdeen International Airport,Aberdeen,GB,Europe/London,57.2019,-2.19778
INV,EGPE,Inverness Airport,Inverness,GB,Europe/London,57.5425,-4.0475
GLA,EGPF,Glasgow Airport,Glasgow,GB,Europe/London,55.871899,-4.43306
EDI,EGPH,Edinburgh Airport,Edinburgh,GB,Europe/London,55.950145,-3.372288
ILY,EGPI,Islay Airport,"Isle of Islay, Argyll and Bute",GB,Europe/London,55.682708,-6.257525
PIK,EGPK,Glasgow Prestwick Airport,"Prestwick, South Ayrshire",GB,Europe/London,55.501499,-4.577182
BEB,EGPL,Benbecula Airport,Balivanich,GB,Europe/London,57.481098,-7.36278
DND,EGPN,Dundee Airport,Dundee,GB,Europe/London,56.452499,-3.02583
SYY,EGPO,Stornoway Airport,"Stornoway, Western Isles",GB,Europe/London,58.215599,-6.33111
BRR,EGPR,Barra Airport,Eoligarry,GB,Europe/London,57.0228,-7.44306
TRE,EGPU,Tiree Airport,"Balemartine, Argyll and Bute",GB,Europe/London,56.499199,-6.86917
ADX,EGQL,Leuchars Station Airfield,"Leuchars, Fife",GB,Europe/London,56.37398,-2.868862
LMO,EGQS,RAF Lossiemouth,"Lossiemouth, Moray",GB,Europe/London,57.7052,-3.33917
CBG,EGSC,Cambridge City Airport,"Cambridge, Cambridgeshire",GB,Europe/London,52.205002,0.175
NWI,EGSH,Norwich Airport,"Norwich, Norfolk",GB,Europe/London,52.6758,1.28278
STN,EGSS,London Stansted Airport,"London, Essex",GB,Europe/London,51.884998,0.235
EXT,EGTE,Exeter International Airport,"Exeter, Devon",GB,Europe/London,50.734261,-3.413984
OXF,EGTK,London Oxford Airport,"Kidlington, Oxfordshire",GB,Europe/London,51.836899,-1.32
BEX,EGUB,RAF Benson,"Wallingford, Oxfordshire",GB,Europe/London,51.614366,-1.095991
LKZ,EGUL,RAF Lakenheath,"Brandon, Suffolk",GB,Europe/London,52.40954,0.561161
MHZ,EGUN,RAF Mildenhall,"Bury Saint Edmunds, Suffolk",GB,Europe/London,52.3619,0.486406
FFD,EGVA,RAF Fairford,"Fairford, Gloucestershire",GB,Europe/London,51.683568,-1.789172
BZZ,EGVN,RAF Brize Norton,"Carterton, Oxfordshire",GB,Europe/London,51.75,-1.58362
ODH,EGVO,RAF Odiham,"Hook, Hampshire",GB,Europe/London,51.2341,-0.942825
NHT,EGWU,RAF Northolt,"Northolt, Greater London",GB,Europe/London,51.553001,-0.418167
QCY,EGXC,RAF Coningsby,"Lincoln, Lincolnshire",GB,Europe/London,53.092999,-0.166014
BEQ,EGXH,RAF Honington,"Bury Saint Edmunds, Suffolk",GB,Europe/London,52.342602,0.772939
WTN,EGXW,RAF Waddington,"Lincoln, Lincolnshire",GB,Europe/London,53.166199,-0.523811
KNF,EGYM,RAF Marham,"King's Lynn, Norfolk",GB,Europe/London,52.648395,0.550692
MPN,EGYP,Mount Pleasant Airport / RAF Mount Pleasant,Mount Pleasant,FK,Atlantic/Stanley,-51.822642,-58.445777
AMS,EHAM,Amsterdam Airport Schiphol,Amsterdam,NL,Europe/Amsterdam,52.308601,4.76389
MST,EHBK,Maastricht Aachen Airport,Maastricht,NL,Europe/Amsterdam,50.911087,5.769401
EIN,EHEH,Eindhoven Airport,Eindhoven,NL,Europe/Amsterdam,51.4500999451,5.37452983856
GRQ,EHGG,Groningen Airport Eelde,Groningen,NL,Europe/Amsterdam,53.119107,6.577652
GLZ,EHGR,Gilze Rijen Air Base,Rijen,NL,Europe/Amsterdam,51.567402,4.93183
DHR,EHKD,De Kooy Airfield / Den Helder Naval Air Station,Den Helder,NL,Europe/Amsterdam,52.923401,4.78062
LEY,EHLE,Lelystad Airport,Lelystad,NL,Europe/Amsterdam,52.453188,5.514622
LWR,EHLW,Leeuwarden Air Base,Leeuwarden,NL,Europe/Amsterdam,53.228599548339844,5.760560035705566
RTM,EHRD,Rotterdam The Hague Airport,Rotterdam,NL,Europe/Amsterdam,51.956902,4.43722
ENS,EHTW,Twente Airport,Enschede,NL,Europe/Amsterdam,52.275833,6.889167
UDE,EHVK,Volkel Air Base,Uden,NL,Europe/Amsterdam,51.657222,5.707778
WOE,EHWO,Woensdrecht Air Base,Hoogerheide,NL,Europe/Amsterdam,51.4491,4.34203
ORK,EICK,Cork International Airport,Cork,IE,Europe/Dublin,51.841301,-8.49111
CFN,EIDL,Donegal Airport,Donegal,IE,Europe/Dublin,55.0442008972168,-8.340999603271484
DUB,EIDW,Dublin Airport,Dublin,IE,Europe/Dublin,53.428713,-6.262121
NOC,EIKN,Ireland West Airport Knock,Charlestown,IE,Europe/Dublin,53.910439,-8.817002
KIR,EIKY,Kerry Airport,Farranfore,IE,Europe/Dublin,52.180901,-9.52378
SNN,EINN,Shannon Airport,Shannon,IE,Europe/Dublin,52.702,-8.92482
SXL,EISG,Sligo Airport,Sligo,IE,Europe/Dublin,54.280200958252,-8.5992097854614
WAT,EIWF,Waterford Airport,Waterford,IE,Europe/Dublin,52.187199,-7.08696
AAR,EKAH,Aarhus Airport,Aarhus,DK,Europe/Copenhagen,56.303331,10.618286
BLL,EKBI,Billund Airport,Billund,DK,Europe/Copenhagen,55.740335,9.157019
CPH,EKCH,Copenhagen Kastrup Airport,Copenhagen,DK,Europe/Copenhagen,55.617900848389,12.656000137329
EBJ,EKEB,Esbjerg Airport,Esbjerg,DK,Europe/Copenhagen,55.525902,8.5534
KRP,EKKA,Midtjyllands Airport / Air Base Karup,Karup,DK,Europe/Copenhagen,56.297139,9.104311
MRW,EKMB,Lolland Falster Maribo Airport,Rødby,DK,Europe/Copenhagen,54.699447,11.438163
ODE,EKOD,Odense Hans Christian Andersen Airport,Odense,DK,Europe/Copenhagen,55.475307,10.327206
RKE,EKRK,Copenhagen Roskilde Airport,Roskilde,DK,Europe/Copenhagen,55.585602,12.1314
RNN,EKRN,Bornholm Airport,Rønne,DK,Europe/Copenhagen,55.063301,14.7596
SGD,EKSB,Sønderborg Airport,Sønderborg,DK,Europe/Copenhagen,54.96440124511719,9.791729927062988
CNL,EKSN,Sindal Airport,Sindal,DK,Europe/Copenhagen,57.503502,10.2294
SKS,EKSP,Skrydstrup Air Base,Vojens,DK,Europe/Copenhagen,55.221048,9.26702
SQW,EKSV,Skive Airport,Skive,DK,Europe/Copenhagen,56.550201,9.17298
TED,EKTS,Thisted Airport,Thisted,DK,Europe/Copenhagen,57.068802,8.70522
FAE,EKVG,Vágar Airport,Vágar,FO,Atlantic/Faroe,62.063256,-7.275782
STA,EKVJ,Stauning Vestjylland  Airport,Skjern,DK,Europe/Copenhagen,55.990101,8.35391
AAL,EKYT,Aalborg Airport,Aalborg,DK,Europe/Copenhagen,57.094763,9.84993
LUX,ELLX,Luxembourg-Findel International Airport,Luxembourg,LU,Europe/Luxembourg,49.626845,6.212134
AES,ENAL,Ålesund Airport,Ålesund,NO,Europe/Oslo,62.560443,6.110845
ANX,ENAN,"Andøya Airport, Andenes",Andenes,NO,Europe/Oslo,69.295193,16.139379
ALF,ENAT,Alta Airport,Alta,NO,Europe/Oslo,69.976097,23.3717
BNN,ENBN,"Brønnøysund Airport, Brønnøy",Brønnøy,NO,Europe/Oslo,65.461098,12.2175
BOO,ENBO,Bodø Airport,Bodø,NO,Europe/Oslo,67.269203,14.3653
BGO,ENBR,"Bergen Airport, Flesland",Bergen,NO,Europe/Oslo,60.2934,5.21814
BJF,ENBS,Båtsfjord Airport,Båtsfjord,NO,Europe/Oslo,70.60025,29.692612
BVG,ENBV,Berlevåg Airport,Berlevåg,NO,Europe/Oslo,70.871517,29.034097
KRS,ENCN,Kristiansand Airport,Kristiansand(Kjevik),NO,Europe/Oslo,58.204201,8.08537
BDU,ENDU,Bardufoss Airport,Målselv,NO,Europe/Oslo,69.055801,18.5404
EVE,ENEV,Harstad/Narvik Airport,Evenes,NO,Europe/Oslo,68.491302,16.678101
FRO,ENFL,Florø Airport,Florø,NO,Europe/Oslo,61.583599090576,5.0247201919556
OSL,ENGM,Oslo-Gardermoen International Airport,Oslo (Gardermoen),NO,Europe/Oslo,60.193901,11.1004
HAU,ENHD,"Haugesund Airport, Karmøy",Karmøy,NO,Europe/Oslo,59.345299,5.20836
HFT,ENHF,Hammerfest Airport,Hammerfest,NO,Europe/Oslo,70.679703,23.6686
HVG,ENHV,"Honningsvåg Airport, Valan",Honningsvåg,NO,Europe/Oslo,71.009697,25.983601
KSU,ENKB,"Kristiansund Airport, Kvernberget",Kvernberget,NO,Europe/Oslo,63.111801,7.82452
KKN,ENKR,"Kirkenes Airport, Høybuktmoen",Kirkenes,NO,Europe/Oslo,69.7258,29.8913
LKN,ENLK,Leknes Airport,Leknes,NO,Europe/Oslo,68.152496337891,13.609399795532
MEH,ENMH,Mehamn Airport,Mehamn,NO,Europe/Oslo,71.029701,27.8267
MOL,ENML,"Molde Airport, Årø",Årø,NO,Europe/Oslo,62.744701,7.2625
MJF,ENMS,"Mosjøen Airport, Kjærstad",Mosjøen,NO,Europe/Oslo,65.783997,13.2149
LKL,ENNA,"Lakselv Airport, Banak",Lakselv,NO,Europe/Oslo,70.068802,24.973499
NTB,ENNO,Notodden Airport,Notodden,NO,Europe/Oslo,59.565071,9.213152
OLA,ENOL,Ørland Airport,Ørland,NO,Europe/Oslo,63.69889831542969,9.604000091552734
HOV,ENOV,"Ørsta-Volda Airport, Hovden",Ørsta,NO,Europe/Oslo,62.180000305176,6.0741000175476
MQN,ENRA,"Mo i Rana Airport, Røssvoll",Mo i Rana,NO,Europe/Oslo,66.363899230957,14.301400184631
RVK,ENRM,"Rørvik Airport, Ryum",Rørvik,NO,Europe/Oslo,64.838302612305,11.14610004425
RRS,ENRO,Røros Airport,Røros,NO,Europe/Oslo,62.578399658203,11.342300415039
LYR,ENSB,"Svalbard Airport, Longyear",Longyearbyen,NO,Arctic/Longyearbyen,78.246101,15.4656
SVJ,ENSH,"Svolvær Airport, Helle",Svolvær,NO,Europe/Oslo,68.243301,14.6692
SKN,ENSK,"Stokmarknes Airport, Skagen",Hadsel,NO,Europe/Oslo,68.578827,15.033417
SRP,ENSO,"Stord Airport, Sørstokken",Leirvik,NO,Europe/Oslo,59.791901,5.34085
SOJ,ENSR,Sørkjosen Airport,Sørkjosen,NO,Europe/Oslo,69.786797,20.9594
VAW,ENSS,"Vardø Airport, Svartnes",Vardø,NO,Europe/Oslo,70.3554,31.044901
SSJ,ENST,"Sandnessjøen Airport, Stokka",Alstahaug,NO,Europe/Oslo,65.956802,12.4689
TOS,ENTC,Tromsø Airport,Tromsø,NO,Europe/Oslo,69.683296,18.9189
TRF,ENTO,"Sandefjord Airport, Torp",Sandefjord(Torp),NO,Europe/Oslo,59.186699,10.2586
TRD,ENVA,"Trondheim Airport, Værnes",Trondheim,NO,Europe/Oslo,63.457802,10.924
VDS,ENVD,Vadsø Airport,Vadsø,NO,Europe/Oslo,70.0653,29.8447
SVG,ENZV,"Stavanger Airport, Sola",Stavanger,NO,Europe/Oslo,58.876701,5.63778
BZG,EPBY,Ignacy Jan Paderewski Bydgoszcz Airport,Bydgoszcz,PL,Europe/Warsaw,53.096802,17.977699
GDN,EPGD,Gdańsk Lech Wałęsa Airport,Gdańsk,PL,Europe/Warsaw,54.377602,18.4662
KRK,EPKK,Kraków John Paul II International Airport,Balice,PL,Europe/Warsaw,50.077702,19.7848
KTW,EPKT,Katowice Wojciech Korfanty International Airport,Katowice,PL,Europe/Warsaw,50.476015,19.080705
LUZ,EPLB,Lublin Airport,Lublin,PL,Europe/Warsaw,51.240157,22.713461
LCJ,EPLL,Łódź Władysław Reymont Airport,Łódź,PL,Europe/Warsaw,51.721901,19.3981
WMI,EPMO,Warsaw Modlin Airport,Nowy Dwór Mazowiecki,PL,Europe/Warsaw,52.451099,20.6518
POZ,EPPO,Poznań-Ławica Airport,Poznań,PL,Europe/Warsaw,52.421598,16.823359
RDO,EPRA,Warsaw Radom Airport,Radom,PL,Europe/Warsaw,51.38937,21.214742
RZE,EPRZ,Rzeszów-Jasionka Airport,Jasionka,PL,Europe/Warsaw,50.109791,22.024155
SZZ,EPSC,Solidarity Szczecin–Goleniów Airport,Szczecin(Glewice),PL,Europe/Warsaw,53.584702,14.9022
SZY,EPSY,Olsztyn-Mazury Airport,Szymany,PL,Europe/Warsaw,53.481899,20.9377
WAW,EPWA,Warsaw Chopin Airport,Warsaw,PL,Europe/Warsaw,52.165699,20.9671
WRO,EPWR,Copernicus Wrocław Airport,Wrocław,PL,Europe/Warsaw,51.103719,16.882096
IEG,EPZG,Zielona Góra-Babimost Airport,Nowe Kramsko,PL,Europe/Warsaw,52.1385,15.7986
RNB,ESDF,Ronneby Airport,Ronneby,SE,Europe/Stockholm,56.266701,15.265
GOT,ESGG,Göteborg Landvetter Airport,Göteborg,SE,Europe/Stockholm,57.6628,12.2798
JKG,ESGJ,Jönköping Airport,Jönköping,SE,Europe/Stockholm,57.757598876953125,14.068699836730957
GSE,ESGP,Säve Airport,Göteborg,SE,Europe/Stockholm,57.7747,11.8704
KVB,ESGR,Skövde Airport,Skövde,SE,Europe/Stockholm,58.456402,13.9727
THN,ESGT,Trollhättan-Vänersborg Airport,Trollhättan,SE,Europe/Stockholm,58.31809997558594,12.345000267028809
KSK,ESKK,Karlskoga Airport,Karlskoga,SE,Europe/Stockholm,59.345901,14.4959
MXX,ESKM,Mora Airport,Mora,SE,Europe/Stockholm,60.957901,14.5114
NYO,ESKN,Stockholm Skavsta Airport,Nyköping,SE,Europe/Stockholm,58.789656,16.911479
SCR,ESKS,Scandinavian Mountains Airport,Malung-Sälen,SE,Europe/Stockholm,61.16508,12.83352
KID,ESMK,Kristianstad Airport,Kristianstad,SE,Europe/Stockholm,55.9217,14.0855
KLR,ESMQ,Kalmar Airport,Kalmar,SE,Europe/Stockholm,56.685501,16.2876
MMX,ESMS,Malmö Sturup Airport,Malmö,SE,Europe/Stockholm,55.535564,13.376327
HAD,ESMT,Halmstad Airport,Halmstad,SE,Europe/Stockholm,56.69110107421875,12.820199966430664
VXO,ESMX,Växjö Kronoberg Airport,Växjö,SE,Europe/Stockholm,56.929100036621094,14.727999687194824
GEV,ESNG,Gällivare Airport,Gällivare,SE,Europe/Stockholm,67.13240051269531,20.814599990844727
KRF,ESNK,Kramfors-Sollefteå Höga Kusten Airport,Nyland,SE,Europe/Stockholm,63.048599,17.7689
LYC,ESNL,Lycksele Airport,Lycksele,SE,Europe/Stockholm,64.548302,18.7162
SDL,ESNN,Sundsvall-Härnösand Airport,Sundsvall/ Härnösand,SE,Europe/Stockholm,62.528099060058594,17.443899154663086
OER,ESNO,Örnsköldsvik Airport,Örnsköldsvik,SE,Europe/Stockholm,63.40829849243164,18.989999771118164
KRN,ESNQ,Kiruna Airport,Kiruna,SE,Europe/Stockholm,67.821999,20.3368
SFT,ESNS,Skellefteå Airport,Skellefteå,SE,Europe/Stockholm,64.62480163574219,21.076900482177734
UME,ESNU,Umeå Airport,Umeå,SE,Europe/Stockholm,63.791801,20.282801
VHM,ESNV,Vilhelmina South Lapland Airport,Vilhelmina,SE,Europe/Stockholm,64.579102,16.833599
AJR,ESNX,Arvidsjaur Airport,Arvidsjaur,SE,Europe/Stockholm,65.59030151367188,19.28190040588379
SOO,ESNY,Söderhamn Airport,Söderhamn,SE,Europe/Stockholm,61.261501,17.0991
OSD,ESNZ,Åre Östersund Airport,Östersund,SE,Europe/Stockholm,63.193546,14.504168
ORB,ESOE,Örebro Airport,Örebro,SE,Europe/Stockholm,59.22370147705078,15.038000106811523
KSD,ESOK,Karlstad Airport,Karlstad,SE,Europe/Stockholm,59.444698,13.3374
VST,ESOW,Stockholm Västerås Airport,Stockholm / Västerås,SE,Europe/Stockholm,59.589401,16.6336
LLA,ESPA,Luleå Airport,Luleå,SE,Europe/Stockholm,65.5438,22.122
ARN,ESSA,Stockholm-Arlanda Airport,Stockholm,SE,Europe/Stockholm,59.64849,17.928829
BMA,ESSB,Stockholm-Bromma Airport,Stockholm,SE,Europe/Stockholm,59.354401,17.9417
BLE,ESSD,Dala Airport,Borlange,SE,Europe/Stockholm,60.422001,15.5152
GVX,ESSK,Gävle Sandviken Airport,Gävle / Sandviken,SE,Europe/Stockholm,60.5933,16.951401
LPI,ESSL,Linköping City Airport,Linköping,SE,Europe/Stockholm,58.404909,15.684499
NRK,ESSP,Norrköping Airport,Norrköping,SE,Europe/Stockholm,58.586299896240234,16.250600814819336
TYF,ESST,Torsby Airport,Torsby,SE,Europe/Stockholm,60.1576,12.9913
EKT,ESSU,Eskilstuna Airport,Eskilstuna,SE,Europe/Stockholm,59.351101,16.708401
VBY,ESSV,Visby Airport,Visby,SE,Europe/Stockholm,57.6628,18.346201
AGH,ESTA,Ängelholm-Helsingborg Airport,Ängelholm,SE,Europe/Stockholm,56.29610061645508,12.847100257873535
SQO,ESUD,Storuman Airport,Storuman,SE,Europe/Stockholm,64.960899,17.6966
SPM,ETAD,Spangdahlem Air Base,Trier,DE,Europe/Berlin,49.976507,6.698413
RMS,ETAR,Ramstein Air Base,Ramstein-Miesenbach,DE,Europe/Berlin,49.436901,7.60028
FRZ,ETHF,Fritzlar Army Airfield,Fritzlar,DE,Europe/Berlin,51.1146,9.286
FCN,ETMN,Sea-Airport Cuxhaven/Nordholz / Nordholz Naval Airbase,Wurster Nordseeküste,DE,,53.767689,8.659201
GKE,ETNG,Geilenkirchen Air Base,Geilenkirchen,DE,Europe/Berlin,50.9608,6.04242
RLG,ETNL,Rostock-Laage Airport,Laage,DE,Europe/Berlin,53.918201,12.2783
WBG,ETNS,Schleswig Air Base,Jagel,DE,Europe/Berlin,54.459301,9.51633
WIE,ETOU,Wiesbaden Army Airfield,Wiesbaden,DE,Europe/Berlin,50.049800872802734,8.325400352478027
IGS,ETSI,Ingolstadt Manching Airport,Manching,DE,Europe/Berlin,48.7156982421875,11.534000396728516
LPX,EVLA,Liepāja International Airport,Liepāja,LV,Europe/Riga,56.517502,21.096901
RIX,EVRA,Riga International Airport,Riga,LV,Europe/Riga,56.920752,23.970711
KUN,EYKA,Kaunas International Airport,Kaunas,LT,Europe/Vilnius,54.963965,24.08582
PLQ,EYPA,Palanga International Airport,Palanga,LT,Europe/Vilnius,55.973202,21.093901
PNV,EYPP,Panevėžys Air Base,Panevėžys,LT,,55.729400634765625,24.460800170898438
SQQ,EYSA,Šiauliai International Airport,Šiauliai,LT,Europe/Vilnius,55.89390182495117,23.395000457763672
VNO,EYVI,Vilnius International Airport,Vilnius,LT,Europe/Vilnius,54.634102,25.285801
ALJ,FAAB,Alexander Bay Airport,Alexander Bay,ZA,Africa/Johannesburg,-28.575001,16.5333
AGZ,FAAG,Aggeneys Airport,Aggeneys,ZA,Africa/Johannesburg,-29.281799,18.8139
BIY,FABE,Bisho Airport,Bisho,ZA,Africa/Johannesburg,-32.897099,27.2791
BFN,FABL,Bram Fischer International Airport,Bloemfontein,ZA,Africa/Johannesburg,-29.092699,26.302401
CPT,FACT,Cape Town International Airport,Cape Town,ZA,Africa/Johannesburg,-33.97403,18.604333
ELS,FAEL,King Phalo Airport,East London,ZA,Africa/Johannesburg,-33.035599,27.825899
FCB,FAFB,Ficksburg Sentraoes Airport,Ficksburg,ZA,Africa/Johannesburg,-28.82309913635254,27.908899307250977
GCJ,FAGC,Grand Central Airport,Midrand,ZA,Africa/Johannesburg,-25.986299514799995,28.1401004791
GRJ,FAGG,George Airport,George,ZA,Africa/Johannesburg,-34.0056,22.378902
QRA,FAGM,Rand Airport,Johannesburg,ZA,Africa/Johannesburg,-26.2425,28.151199
HRS,FAHR,Harrismith Airport,Harrismith,ZA,Africa/Johannesburg,-28.2351,29.106199
HDS,FAHT,Eastgate Airport / Air Force Base Hoedspruit,Hoedspruit,ZA,Africa/Johannesburg,-24.361864,31.052921
KXE,FAKD,P C Pelser Airport,Klerksdorp,ZA,Africa/Johannesburg,-26.871099,26.718
KIM,FAKM,Kimberley Airport,Kimberley,ZA,Africa/Johannesburg,-28.805401,24.764872
MQP,FAKN,Kruger Mpumalanga International Airport,Mbombela,ZA,Africa/Johannesburg,-25.383327,31.105325
KMH,FAKU,Johan Pienaar Airport,Kuruman,ZA,Africa/Johannesburg,-27.456596,23.411946
KLZ,FAKZ,Kleinsee Airport,Kleinsee,ZA,Africa/Johannesburg,-29.6884002686,17.093999862700002
HLA,FALA,Lanseria International Airport,Johannesburg,ZA,Africa/Johannesburg,-25.938964,27.926642
LMR,FALC,Lime Acres Finsch Mine Airport,Lime Acres,ZA,Africa/Johannesburg,-28.36009979248047,23.43910026550293
DUR,FALE,King Shaka International Airport,Durban,ZA,Africa/Johannesburg,-29.6144444444,31.1197222222
SDB,FALW,Langebaanweg Airport,Langebaanweg,ZA,Africa/Johannesburg,-32.968898773199996,18.1602993011
LAY,FALY,Ladysmith Airport,Ladysmith,ZA,Africa/Johannesburg,-28.5816993713,29.749700546299998
AAM,FAMD,Malamala Airport,Malamala,ZA,Africa/Johannesburg,-24.816866,31.544085
MGH,FAMG,Margate Airport,Margate,ZA,Africa/Johannesburg,-30.8574008942,30.343000412
MBD,FAMM,Mmabatho International Airport,Mafeking,ZA,Africa/Johannesburg,-25.798400878900004,25.548000335699996
MZQ,FAMU,Mkuze Airport,Mkuze,ZA,Africa/Johannesburg,-27.626101,32.0443
NCS,FANC,Newcastle Airport,Newcastle,ZA,Africa/Johannesburg,-27.7705993652,29.976900100699996
OUH,FAOH,Oudtshoorn Airport,Oudtshoorn,ZA,Africa/Johannesburg,-33.6069984436,22.188999176
JNB,FAOR,O.R. Tambo International Airport,Johannesburg,ZA,Africa/Johannesburg,-26.140081,28.246801
PLZ,FAPE,Chief Dawid Stuurman International Airport,Gqeberha (Port Elizabeth),ZA,Africa/Johannesburg,-33.989715,25.617353
PBZ,FAPG,Plettenberg Bay Airport,Plettenberg Bay,ZA,,-34.08816,23.328723
PHW,FAPH,Hendrik Van Eck Airport,Phalaborwa,ZA,Africa/Johannesburg,-23.937200546299998,31.1553993225
JOH,FAPJ,Port St Johns Airport,Port St Johns,ZA,Africa/Johannesburg,-31.60612,29.52175
PZB,FAPM,Pietermaritzburg Airport,Pietermaritzburg,ZA,Africa/Johannesburg,-29.649000167799997,30.3987007141
NTY,FAPN,Pilanesberg International Airport,Pilanesberg,ZA,Africa/Johannesburg,-25.333799,27.173401
PTG,FAPP,Polokwane International Airport,Polokwane,ZA,Africa/Johannesburg,-23.845269,29.458615
PCF,FAPS,Potchefstroom Airport,Potchefstroom,ZA,Africa/Johannesburg,-26.670999527,27.0818996429
UTW,FAQT,Queenstown Airport,Queenstown,ZA,Africa/Johannesburg,-31.92020034790039,26.882200241088867
RCB,FARB,Richards Bay Airport,Richards Bay,ZA,Africa/Johannesburg,-28.740999221800003,32.0920982361
ROD,FARS,Robertson Airport,Robertson,ZA,Africa/Johannesburg,-33.812199,19.9028
SBU,FASB,Springbok Airport,Springbok,ZA,Africa/Johannesburg,-29.689300537109375,17.939599990844727
ZEC,FASC,Secunda Airport,Secunda,ZA,Africa/Johannesburg,-26.52409935,29.170099258399997
SIS,FASS,Sishen Airport,Sishen,ZA,Africa/Johannesburg,-27.6486,22.9993
SZK,FASZ,Skukuza Airport,Skukuza,ZA,Africa/Johannesburg,-24.96085,31.588587
LTA,FATZ,Tzaneen Airport,Tzaneen,ZA,Africa/Johannesburg,-23.8244,30.3293
ULD,FAUL,Prince Mangosuthu Buthelezi Airport,Ulundi,ZA,Africa/Johannesburg,-28.3206005096,31.4165000916
UTN,FAUP,Upington Airport,Upington,ZA,Africa/Johannesburg,-28.400246,21.263592
UTT,FAUT,K. D. Matanzima Airport,Mthatha,ZA,Africa/Johannesburg,-31.546363184900002,28.6733551025
VRU,FAVB,Vryburg Airport,Vyrburg,ZA,Africa/Johannesburg,-26.9824008942,24.7287998199
VIR,FAVG,Virginia Airport,Durban,ZA,Africa/Johannesburg,-29.770599,31.058399
VRE,FAVR,Vredendal Airport,Vredendal,ZA,Africa/Johannesburg,-31.641000747680664,18.5447998046875
PRY,FAWB,Wonderboom Airport,Pretoria,ZA,Africa/Johannesburg,-25.6539,28.224199
WKF,FAWK,Waterkloof Air Force Base,Pretoria,ZA,Africa/Johannesburg,-25.829999923699997,28.222499847399998
FRW,FBFT,Phillip Gaonwe Matante International Airport,Francistown,BW,Africa/Gaborone,-21.159183,27.468826
JWA,FBJW,Jwaneng Airport,Jwaneng,BW,Africa/Gaborone,-24.602301,24.691
BBK,FBKE,Kasane International Airport,Kasane,BW,Africa/Gaborone,-17.831653,25.166195
MUB,FBMN,Maun International Airport,Maun,BW,Africa/Gaborone,-19.970491,23.431409
GBE,FBSK,Sir Seretse Khama International Airport,Gaborone,BW,Africa/Gaborone,-24.555201,25.9182
SXN,FBSN,Sua Pan Airport,Sowa,BW,Africa/Gaborone,-20.5534,26.115801
PKW,FBSP,Selebi Phikwe Airport,Selebi Phikwe,BW,Africa/Gaborone,-22.0583,27.8288
BZV,FCBB,Maya-Maya International Airport,Brazzaville,CG,Africa/Brazzaville,-4.2517,15.253
OLL,FCOD,Oyo Ollombo Airport,Oyo,CG,,-1.226666,15.91
FTX,FCOO,Owando Airport,Owando,CG,Africa/Brazzaville,-0.524566,15.93782
OUE,FCOU,Ouesso Airport,,CG,Africa/Brazzaville,1.61599,16.037901
DIS,FCPL,Ngot Nzoungou Airport,Dolisie,CG,Africa/Brazzaville,-4.20635,12.6599
PNR,FCPP,Antonio Agostinho-Neto International Airport,Pointe Noire,CG,Africa/Brazzaville,-4.81603,11.8866
MTS,FDMS,Matsapha International Airport,Manzini,SZ,Africa/Mbabane,-26.528919,31.307577
SHO,FDSK,King Mswati III International Airport,Mpaka,SZ,Africa/Mbabane,-26.358611,31.716944
BGF,FEFF,Bangui M'Poko International Airport,Bangui,CF,Africa/Bangui,4.39848,18.518801
BBT,FEFT,Berbérati Airport,Berbérati,CF,Africa/Bangui,4.2215800285339355,15.786399841308594
BSG,FGBT,Bata International Airport,Bata,GQ,Africa/Malabo,1.90547,9.80568
GEM,FGMY,President Obiang Nguema International Airport,Mengomeyén,GQ,,1.676437,11.024904
SSG,FGSL,Malabo International Airport,Malabo,GQ,Africa/Malabo,3.75527,8.70872
ASI,FHAW,RAF Ascension Island,Cat Hill,SH,Atlantic/St_Helena,-7.970179,-14.392744
HLE,FHSH,Saint Helena International Airport,Jamestown,SH,Atlantic/St_Helena,-15.958898,-5.646066
MRU,FIMP,Sir Seewoosagur Ramgoolam International Airport,Plaine Magnien,MU,Indian/Mauritius,-20.430201,57.683601
RRG,FIMR,Sir Charles Gaetan Duval Airport,Port Mathurin,MU,Indian/Mauritius,-19.756696,63.359326
NKW,FJDG,Naval Support Facility Diego Garcia,Diego Garcia,IO,,-7.31327,72.411102
TKC,FKKC,Tiko Airport,Tiko,CM,Africa/Douala,4.08919000626,9.360529899600001
DLA,FKKD,Douala International Airport,Douala,CM,Africa/Douala,4.00608,9.71948
MVR,FKKL,Salak Airport,Maroua,CM,Africa/Douala,10.451399803161621,14.257399559020996
FOM,FKKM,Foumban Nkounja Airport,Foumban,CM,Africa/Douala,5.63692,10.7508
NGE,FKKN,N'Gaoundéré Airport,N'Gaoundéré,CM,Africa/Douala,7.3570098876953125,13.559200286865234
GOU,FKKR,Garoua International Airport,Garoua,CM,Africa/Douala,9.334785,13.372129
BFX,FKKU,Bafoussam Airport,Bafoussam,CM,Africa/Douala,5.536920070650001,10.354599952700001
BPC,FKKV,Bamenda Airport,Bamenda,CM,Africa/Douala,6.03924,10.1226
YAO,FKKY,Yaoundé Ville Airport,Yaoundé,CM,Africa/Douala,3.83604,11.5235
NSI,FKYS,Yaoundé Nsimalen International Airport,Yaoundé,CM,Africa/Douala,3.72256,11.5533
CGJ,FLKE,Kasompe Airport,Chingola,ZM,Africa/Lusaka,-12.5728,27.8939
LVI,FLLI,Harry Mwanga Nkumbula International Airport,Livingstone,ZM,Africa/Lusaka,-17.821524,25.819642
LUN,FLLS,Kenneth Kaunda International Airport,Lusaka,ZM,Africa/Lusaka,-15.330833,28.452722
MFU,FLMF,Mfuwe International Airport,Mfuwe,ZM,Africa/Lusaka,-13.2589,31.9366
MNR,FLMG,Mongu Airport,Mongu,ZM,Africa/Lusaka,-15.2545,23.1623
NLA,FLSK,Simon Mwansa Kapwepwe International Airport,Ndola,ZM,Africa/Lusaka,-12.96513,28.515624
KIW,FLSO,Southdowns Airport,Kitwe,ZM,Africa/Lusaka,-12.9005,28.1499
HAH,FMCH,Prince Said Ibrahim International Airport,Moroni,KM,Indian/Comoro,-11.5337,43.2719
NWA,FMCI,Mohéli Bandar Es Eslam Airport,Fomboni,KM,Indian/Comoro,-12.298096,43.766496
AJN,FMCV,Ouani Airport,Ouani,KM,Indian/Comoro,-12.131047,44.430044
DZA,FMCZ,Dzaoudzi Pamandzi International Airport,Dzaoudzi,YT,Indian/Mayotte,-12.809319,45.281815
RUN,FMEE,Roland Garros Airport,Sainte-Marie,RE,Indian/Reunion,-20.890087,55.518894
ZSE,FMEP,Saint-Pierre Pierrefonds Airport,Saint-Pierre,RE,Indian/Reunion,-21.319362,55.422506
TNR,FMMI,Ivato International Airport,Antananarivo,MG,Indian/Antananarivo,-18.7969,47.478802
ZVA,FMMN,Miandrivazo Airport,Miandrivazo,MG,Indian/Antananarivo,-19.562799,45.450802
SMS,FMMS,Sainte Marie Airport,Vohilava,MG,Indian/Antananarivo,-17.093901,49.8158
TMM,FMMT,Toamasina Ambalamanasy Airport,Toamasina,MG,Indian/Antananarivo,-18.113537,49.392262
MOQ,FMMV,Morondava Airport,Morondava,MG,Indian/Antananarivo,-20.2847,44.3176
DIE,FMNA,Arrachart Airport,Antisiranana,MG,Indian/Antananarivo,-12.3494,49.291698
WMR,FMNC,Mananara Nord Airport,Mananara Nord,MG,Indian/Antananarivo,-16.1639,49.7738
ZWA,FMND,Andapa Airport,,MG,Indian/Antananarivo,-14.651700019836426,49.620601654052734
ANM,FMNH,Antsirabe Airport,Antsirabe,MG,Indian/Antananarivo,-14.9994,50.320202
HVA,FMNL,Analalava Airport,Analalava,MG,Indian/Antananarivo,-14.629514,47.763555
MJN,FMNM,Amborovy Airport,Mahajanga,MG,Indian/Antananarivo,-15.666842,46.351233
NOS,FMNN,Nosy Be-Fascene International Airport,Nosy Be,MG,Indian/Antananarivo,-13.3121,48.3148
BPY,FMNQ,Besalampy Airport,Besalampy,MG,Indian/Antananarivo,-16.74453,44.482484
WMN,FMNR,Maroantsetra Airport,Maroantsetra,MG,Indian/Antananarivo,-15.437742,49.689081
SVB,FMNS,Sambava Airport,Sambava,MG,Indian/Antananarivo,-14.2786,50.174702
VOH,FMNV,Vohemar Airport,Vohemar,MG,Indian/Antananarivo,-13.3758,50.0028
WAI,FMNW,Ambalabe Airport,Antsohihy,MG,Indian/Antananarivo,-14.8988,47.9939
FTU,FMSD,Tôlanaro Airport,Tôlanaro,MG,Indian/Antananarivo,-25.038099,46.9561
WFI,FMSF,Fianarantsoa Airport,Fianarantsoa,MG,Indian/Antananarivo,-21.441601,47.111698
WVK,FMSK,Manakara Airport,Manakara,MG,Indian/Antananarivo,-22.119699,48.021702
MNJ,FMSM,Mananjary Airport,Mananjary,MG,Indian/Antananarivo,-21.201799,48.358299
MXM,FMSR,Morombe Airport,Morombe,MG,Indian/Antananarivo,-21.753837,43.374753
TLE,FMST,Toliara Airport,Toliara,MG,Indian/Antananarivo,-23.3834,43.7285
SSY,FNBC,Mbanza Congo Airport,Mbanza Congo,AO,Africa/Luanda,-6.269899845123291,14.246999740600586
BUG,FNBG,Benguela Airport,Benguela,AO,Africa/Luanda,-12.609,13.4037
NBJ,FNBJ,Dr. Antonio Agostinho Neto International Airport,Luanda (Ícolo e Bengo),AO,Africa/Luanda,-9.050734,13.499078
CAB,FNCA,Cabinda Airport,Cabinda,AO,Africa/Luanda,-5.59839,12.188145
CBT,FNCT,Catumbela Airport,Catumbela,AO,Africa/Luanda,-12.4792,13.4869
DUE,FNDU,Dundo Airport,Chitato,AO,Africa/Luanda,-7.400889873504639,20.818500518798828
VPE,FNGI,Ngjiva Pereira Airport,Ngiva,AO,Africa/Luanda,-17.0435009003,15.683799743700002
NOV,FNHU,Albano Machado Airport,Huambo,AO,Africa/Luanda,-12.8089,15.7605
SVP,FNKU,Kuito Airport,Kuito,AO,Africa/Luanda,-12.404600143433,16.947399139404
LAD,FNLU,Quatro de Fevereiro International Airport,Luanda,AO,Africa/Luanda,-8.85837,13.2312
MEG,FNMA,Malanje Airport,Malanje,AO,Africa/Luanda,-9.525090217590332,16.312400817871094
SPP,FNME,Menongue Airport,Menongue,AO,Africa/Luanda,-14.657600402832031,17.71980094909668
MSZ,FNMO,Welwitschia Mirabilis International Airport,Moçâmedes,AO,Africa/Luanda,-15.2612,12.1468
GXG,FNNG,Negage Airport,Negage,AO,Africa/Luanda,-7.754509925842285,15.287699699401855
PBN,FNPA,Porto Amboim Airport,Port Amboim,AO,Africa/Luanda,-10.722,13.7655
VHC,FNSA,Saurimo Airport,Saurimo,AO,Africa/Luanda,-9.68907,20.4319
SZA,FNSO,Soyo Airport,Soyo,AO,Africa/Luanda,-6.141089916229248,12.371800422668457
NDD,FNSU,Sumbe Airport,Sumbe,AO,Africa/Luanda,-11.1679,13.8475
SDD,FNUB,Lubango Mukanka International Airport,Lubango,AO,Africa/Luanda,-14.924839,13.576653
LUO,FNUE,Luena Airport,Luena,AO,Africa/Luanda,-11.7681,19.897699
UGO,FNUG,Uige Airport,Uige,AO,Africa/Luanda,-7.60307,15.0278
XGN,FNXA,Xangongo Airport,Xangongo,AO,Africa/Luanda,-16.755399703979492,14.965299606323242
KOU,FOGK,Koulamoutou Mabimbi Airport,Koulamoutou,GA,Africa/Libreville,-1.18461,12.4413
MJL,FOGM,Mouilla Ville Airport,Mouila,GA,Africa/Libreville,-1.84514,11.0567
OYE,FOGO,Oyem Airport,Oyem,GA,Africa/Libreville,1.5431100130081177,11.581399917602539
OKN,FOGQ,Okondja Airport,Okondja,GA,Africa/Libreville,-0.665214,13.6731
LBQ,FOGR,Lambarene Airport,Lambarene,GA,Africa/Libreville,-0.704389,10.2457
BMM,FOOB,Bitam Airport,Bitam,GA,Africa/Libreville,2.07564,11.4932
POG,FOOG,Port Gentil International Airport,Port Gentil,GA,Africa/Libreville,-0.711739,8.75438
OMB,FOOH,Omboue Hospital Airport,Omboue,GA,Africa/Libreville,-1.57473,9.26269
MKU,FOOK,Makokou Airport,Makokou,GA,Africa/Libreville,0.5792109966278076,12.890899658203125
LBV,FOOL,Libreville Leon M'ba International Airport,Libreville,GA,Africa/Libreville,0.458951,9.41214
MVB,FOON,M'Vengue El Hadj Omar Bongo Ondimba International Airport,Franceville,GA,Africa/Libreville,-1.65616,13.438
PCP,FPPR,Principe Airport,São Tomé & Príncipe,ST,Africa/Sao_Tome,1.661155,7.411081
TMS,FPST,São Tomé International Airport,São Tomé,ST,Africa/Sao_Tome,0.378175,6.71215
BEW,FQBR,Beira International Airport,Beira,MZ,Africa/Maputo,-19.7964,34.9076
VPY,FQCH,Chimoio Airport,Chimoio,MZ,Africa/Maputo,-19.15130043029785,33.42900085449219
INH,FQIN,Inhambane Airport,Inhambane,MZ,Africa/Maputo,-23.8764,35.408501
VXC,FQLC,Lichinga Airport,Lichinga,MZ,Africa/Maputo,-13.274,35.2663
MPM,FQMA,Maputo Airport,Maputo,MZ,Africa/Maputo,-25.920799,32.572601
MUD,FQMD,Mueda Airport,Mueda,MZ,Africa/Maputo,-11.6729,39.563099
MZB,FQMP,Mocímboa da Praia Airport,Mocímboa da Praia,MZ,Africa/Maputo,-11.3618,40.3549
MNC,FQNC,Nacala International Airport,Nacala,MZ,Africa/Maputo,-14.4882,40.7122
APL,FQNP,Nampula Airport,Nampula,MZ,Africa/Maputo,-15.1056,39.281799
POL,FQPB,Pemba Airport,Pemba,MZ,Africa/Maputo,-12.993302,40.524867
UEL,FQQL,Quelimane Airport,Quelimane,MZ,Africa/Maputo,-17.855499267578125,36.86909866333008
TET,FQTT,Tete Airport,Tete,MZ,Africa/Maputo,-16.104799,33.640202
VNX,FQVL,Vilankulo Airport,Vilanculo,MZ,Africa/Maputo,-22.018400192260742,35.31330108642578
SEZ,FSIA,Seychelles International Airport,Victoria,SC,Indian/Mahe,-4.67434,55.521801
PRI,FSPP,Praslin Island Airport,Praslin Island,SC,Indian/Mahe,-4.319256,55.691561
AEH,FTTC,Abeche Airport,Abeche,TD,Africa/Ndjamena,13.847,20.844299
MQQ,FTTD,Moundou Airport,Moundou,TD,Africa/Ndjamena,8.628503,16.074241
NDJ,FTTJ,N'Djamena International Airport,N'Djamena,TD,Africa/Ndjamena,12.1337,15.034
FYT,FTTY,Faya-Largeau Airport,Faya-Largeau,TD,Africa/Ndjamena,17.917101,19.111099
BUQ,FVBU,Joshua Mqabuko Nkomo International Airport,Bulawayo,ZW,Africa/Harare,-20.016284,28.622897
BFO,FVCZ,Buffalo Range Airport,Chiredzi,ZW,Africa/Harare,-21.008101,31.5786
VFA,FVFA,Victoria Falls International Airport,Victoria Falls,ZW,Africa/Harare,-18.097437,25.836867
HRE,FVHA,Robert Gabriel Mugabe International Airport,Harare,ZW,Africa/Harare,-17.931801,31.0928
KAB,FVKB,Kariba Airport,Kariba,ZW,Africa/Harare,-16.5198,28.885
MVZ,FVMV,Masvingo International Airport,Masvingo,ZW,Africa/Harare,-20.0553,30.8591
GWE,FVTL,Josiah Tungamirai Air Force Base,Gweru,ZW,Africa/Harare,-19.436718,29.861945
HWN,FVWN,Hwange National Park Airport,Gwayi River Farms,ZW,Africa/Harare,-18.6299,27.021
BLZ,FWCL,Chileka International Airport,Blantyre,MW,Africa/Blantyre,-15.677189,34.972319
DWA,FWDW,Dwangwa Airport,Dwangwa,MW,,-12.517527,34.131877
KGJ,FWKA,Karonga Airport,Karonga,MW,Africa/Blantyre,-9.953571,33.893264
LLW,FWKI,Kamuzu International Airport,Lumbadzi,MW,Africa/Blantyre,-13.7894,33.780998
ZZU,FWUU,Mzuzu Airport,Mzuzu,MW,,-11.4447,34.011799
MSU,FXMM,Moshoeshoe I International Airport,Maseru(Mazenod),LS,Africa/Maseru,-29.456277,27.554456
ADI,FYAR,Arandis Airport,Arandis,NA,Africa/Windhoek,-22.461875,14.979322
GFY,FYGF,Grootfontein Airport,Grootfontein,NA,Africa/Windhoek,-19.6022,18.1227
MPA,FYKM,Katima Mulilo Airport,Mpacha,NA,Africa/Windhoek,-17.634258,24.176688
KMP,FYKT,Keetmanshoop Airport,Keetmanshoop,NA,Africa/Windhoek,-26.539801,18.111401
LUD,FYLZ,Luderitz Airport,Luderitz,NA,Africa/Windhoek,-26.687400817871094,15.242899894714355
OND,FYOA,Ondangwa Airport,Ondangwa,NA,Africa/Windhoek,-17.878201,15.9526
OMD,FYOG,Oranjemund Airport,Oranjemund,NA,Africa/Windhoek,-28.585318,16.44638
NDU,FYRU,Rundu Airport,Rundu,NA,Africa/Windhoek,-17.956499,19.7194
TSB,FYTM,Tsumeb Airport,Tsumeb,NA,Africa/Windhoek,-19.262079,17.732509
WVB,FYWB,Walvis Bay International Airport,Walvis Bay(Rooikop),NA,Africa/Windhoek,-22.979332,14.647102
ERS,FYWE,Eros Airport,Windhoek,NA,Africa/Windhoek,-22.60492,17.079002
WDH,FYWH,Hosea Kutako International Airport,Windhoek,NA,Africa/Windhoek,-22.4799,17.4709
FIH,FZAA,Ndjili International Airport,Kinshasa,CD,Africa/Kinshasa,-4.38575,15.4446
NLO,FZAB,Ndolo Airport,N'dolo,CD,Africa/Kinshasa,-4.32666015625,15.327500343323
FDU,FZBO,Bandundu Airport,Bandundu,CD,Africa/Kinshasa,-3.31132,17.381701
KKW,FZCA,Kikwit Airport,Kikwit,CD,Africa/Kinshasa,-5.03577,18.785601
MDK,FZEA,Mbandaka Airport,Mbandaka,CD,Africa/Kinshasa,0.0226000007242,18.2887001038
BDT,FZFD,Gbadolite Airport,Gbadolite,CD,Africa/Kinshasa,4.252745,20.975271
GMA,FZFK,Gemena Airport,Gemena,CD,Africa/Kinshasa,3.23537,19.771299
LIQ,FZGA,Lisala Airport,Lisala,CD,Africa/Lubumbashi,2.17066,21.496901
FKI,FZIC,Bangoka International Airport,Kisangani,CD,Africa/Lubumbashi,0.481639,25.337999
IRP,FZJH,Matari Airport,Isiro,CD,Africa/Lubumbashi,2.82761,27.588301
BUX,FZKA,Bunia Airport,Bunia,CD,Africa/Lubumbashi,1.565743,30.220685
BZU,FZKJ,Buta Zega Airport,Buta,CD,Africa/Lubumbashi,2.818058,24.793997
BKY,FZMA,Bukavu Kavumu Airport,Kamakombe,CD,Africa/Lubumbashi,-2.30898,28.8088
GOM,FZNA,Goma International Airport,Goma,CD,Africa/Kigali,-1.666758,29.238037
KND,FZOA,Kindu Airport,Kindu,CD,Africa/Lubumbashi,-2.91917991638,25.915399551399997
FBM,FZQA,Lubumbashi International Airport,Lubumbashi,CD,Africa/Lubumbashi,-11.591494,27.530753
KWZ,FZQM,Kolwezi Airport,Kolwezi,CD,Africa/Lubumbashi,-10.7659,25.505699
FMI,FZRF,Kalemie Airport,Kalemie,CD,Africa/Lubumbashi,-5.87556,29.25
KGA,FZUA,Kananga Airport,Kananga,CD,Africa/Lubumbashi,-5.90005,22.4692
MJM,FZWA,Mbuji Mayi Airport,Mbuji Mayi,CD,Africa/Lubumbashi,-6.121240139010001,23.569000244099996
BKO,GABS,Modibo Keita International Airport,Bamako,ML,Africa/Bamako,12.5335,-7.94994
GAQ,GAGO,Gao International Airport,Gao,ML,Africa/Bamako,16.248466,-0.005389
KYS,GAKY,Kayes Dag Dag Airport,Kayes,ML,Africa/Bamako,14.482521,-11.399335
MZI,GAMB,Mopti Airport,Sévaré,ML,Africa/Bamako,14.5128,-4.07956
TOM,GATB,Tombouktou Airport,Timbuktu,ML,Africa/Bamako,16.730499,-3.00758
BJL,GBYD,Banjul International Airport,Yundum,GM,Africa/Banjul,13.338,-16.652201
FUE,GCFV,Fuerteventura Airport,El Matorral,ES,Atlantic/Canary,28.4527,-13.8638
VDE,GCHI,El Hierro Airport,El Hierro Island,ES,Atlantic/Canary,27.8148,-17.8871
SPC,GCLA,La Palma Airport,"Sta Cruz de la Palma, La Palma Island",ES,Atlantic/Canary,28.626499,-17.7556
LPA,GCLP,Gran Canaria Airport,Gran Canaria Island,ES,Atlantic/Canary,27.9319,-15.3866
ACE,GCRR,César Manrique-Lanzarote Airport,San Bartolomé,ES,Atlantic/Canary,28.945499,-13.6052
TFS,GCTS,Tenerife Sur Airport,Tenerife,ES,Atlantic/Canary,28.0445,-16.5725
TFN,GCXO,Tenerife Norte-Ciudad de La Laguna Airport,Tenerife,ES,Atlantic/Canary,28.482752,-16.341707
MLN,GEML,Melilla Airport,Melilla,ES,Europe/Madrid,35.2798,-2.95626
KBS,GFBO,Bo Airport,Bo,SL,Africa/Freetown,7.9444,-11.761
KEN,GFKE,Kenema Airport,Kenema,SL,Africa/Freetown,7.896364,-11.174126
FNA,GFLL,Lungi International Airport,Freetown (Lungi-Town),SL,Africa/Freetown,8.61644,-13.1955
WYE,GFYE,Yengema Airport,Yengema,SL,Africa/Freetown,8.61047,-11.0454
OXB,GGOV,Osvaldo Vieira International Airport,Bissau,GW,Africa/Bissau,11.894262,-15.653596
JJU,GL-0012,Qaqortoq Airport,Qaqortoq,GL,,60.76383,-46.065001
SNI,GLGE,Greenville/Sinoe Airport,Greenville,LR,Africa/Monrovia,5.032124,-9.064236
MLW,GLMR,Spriggs Payne Airport,Monrovia,LR,Africa/Monrovia,6.28906,-10.7587
ROB,GLRB,Roberts International Airport,Monrovia,LR,Africa/Monrovia,6.23379,-10.3623
AGA,GMAD,Al Massira Airport,Agadir (Temsia),MA,Africa/Casablanca,30.322478,-9.412003
TTA,GMAT,Tan Tan Airport,Tan Tan,MA,Africa/Casablanca,28.447563,-11.161749
OZG,GMAZ,Zagora Airport,Zagora,MA,Africa/Casablanca,30.265788,-5.860808
UAR,GMFB,Bouarfa Airport,Bouarfa,MA,Africa/Casablanca,32.514306,-1.983056
FEZ,GMFF,Fes Saïss International Airport,Saïss,MA,Africa/Casablanca,33.927299,-4.97796
ERH,GMFK,Moulay Ali Cherif Airport,Errachidia,MA,Africa/Casablanca,31.9475002289,-4.39833021164
MEK,GMFM,Bassatine Airport,Meknes,MA,Africa/Casablanca,33.879101,-5.51512
OUD,GMFO,Oujda Angads Airport,Ahl Angad,MA,Africa/Casablanca,34.789558,-1.926041
SMW,GMMA,Smara Airport,Smara,EH,Africa/Casablanca,26.731987,-11.683655
BEM,GMMD,Beni Mellal Airport,Oulad Yaich,MA,Africa/Casablanca,32.401895,-6.315905
RBA,GMME,Rabat-Salé Airport,Rabat,MA,Africa/Casablanca,34.051498,-6.75152
VIL,GMMH,Dakhla Airport,Dakhla,EH,Africa/Casablanca,23.7183,-15.932
ESU,GMMI,Essaouira-Mogador Airport,Essaouira,MA,Africa/Casablanca,31.397499,-9.68167
EUN,GMML,Laayoune Hassan I International Airport,El Aaiún,EH,Africa/Casablanca,27.142467,-13.224947
CMN,GMMN,Mohammed V International Airport,Casablanca,MA,Africa/Casablanca,33.3675,-7.58997
NDR,GMMW,Nador Al Aaroui International Airport,Al Aaroui,MA,Africa/Casablanca,34.9888,-3.02821
RAK,GMMX,Marrakesh Menara Airport,Marrakesh,MA,Africa/Casablanca,31.604807,-8.035788
NNA,GMMY,Kenitra Air Base,Kenitra,MA,Africa/Casablanca,34.298901,-6.59588
OZZ,GMMZ,Ouarzazate International Airport,Ouarzazate,MA,Africa/Casablanca,30.9391,-6.90943
AHU,GMTA,Cherif Al Idrissi Airport,Al Hoceima,MA,Africa/Casablanca,35.177101,-3.83952
TTU,GMTN,Sania Ramel Airport,Tétouan,MA,Africa/Casablanca,35.594299,-5.32002
TNG,GMTT,Tangier Ibn Battuta Airport,Tangier,MA,Africa/Casablanca,35.731741,-5.921459
DSS,GOBD,Blaise Diagne International Airport,Dakar,SN,Africa/Dakar,14.670878,-17.072829
ZIG,GOGG,Ziguinchor Airport,Ziguinchor,SN,Africa/Dakar,12.55559,-16.283298
CSK,GOGS,Cap Skirring Airport,Cap Skirring,SN,Africa/Dakar,12.39533,-16.748
KLC,GOOK,Kaolack Airport,Kaolack,SN,Africa/Dakar,14.146900177001953,-16.051300048828125
DKR,GOOY,Léopold Sédar Senghor International Airport,Dakar,SN,Africa/Dakar,14.742337,-17.479222
MAX,GOSM,Ouro Sogui Airport,Ouro Sogui,SN,Africa/Dakar,15.5936,-13.3228
XLS,GOSS,Saint Louis Airport,Saint Louis,SN,Africa/Dakar,16.049814,-16.461039
BXE,GOTB,Bakel Airport,Bakel,SN,Africa/Dakar,14.847299575805664,-12.468299865722656
KGG,GOTK,Kédougou Airport,Kédougou,SN,Africa/Dakar,12.57229995727539,-12.22029972076416
TUD,GOTT,Tambacounda Airport,Tambacounda,SN,Africa/Dakar,13.7368,-13.6531
NKC,GQNO,Nouakchott–Oumtounsy International Airport,Nouakchott,MR,Africa/Nouakchott,18.31,-15.969722
ATR,GQPA,Atar International Airport,Atar,MR,Africa/Nouakchott,20.505823,-13.043744
NDB,GQPP,Nouadhibou International Airport,Nouadhibou,MR,Africa/Nouakchott,20.932404,-17.030199
OUZ,GQPZ,Tazadit Airport,Zouérate,MR,Africa/Nouakchott,22.757345,-12.482228
CKY,GUCY,Ahmed Sékou Touré International Airport,Conakry,GN,Africa/Conakry,9.57689,-13.612
SID,GVAC,Amílcar Cabral International Airport,Espargos,CV,Atlantic/Cape_Verde,16.7414,-22.9494
BVC,GVBA,Aristides Pereira International Airport,Rabil,CV,Atlantic/Cape_Verde,16.136499,-22.888901
MMO,GVMA,Maio Airport,Vila do Maio,CV,Atlantic/Cape_Verde,15.155900001525879,-23.213699340820312
RAI,GVNP,Nelson Mandela International Airport,Praia,CV,Atlantic/Cape_Verde,14.941126,-23.484728
SNE,GVSN,Preguiça Airport,Preguiça,CV,Atlantic/Cape_Verde,16.588852,-24.284132
VXE,GVSV,Cesaria Evora International Airport,São Pedro,CV,Atlantic/Cape_Verde,16.833363,-25.055308
ADD,HAAB,Addis Ababa Bole International Airport,Addis Ababa,ET,Africa/Addis_Ababa,8.97789,38.799301
AMH,HAAM,Arba Minch Airport,Arba Minch,ET,Africa/Addis_Ababa,6.03939,37.5905
AXU,HAAX,Axum Airport,Axum,ET,Africa/Addis_Ababa,14.1468,38.7728
BJR,HABD,Bahir Dar Airport,Bahir Dar,ET,Africa/Addis_Ababa,11.6081,37.321602
DIR,HADR,Aba Tenna Dejazmach Yilma International Airport,Dire Dawa,ET,Africa/Addis_Ababa,9.623549,41.855027
GMB,HAGM,Gambela Airport,Gambela,ET,Africa/Addis_Ababa,8.12876,34.563099
GDQ,HAGN,Gondar Airport,Azezo,ET,Africa/Addis_Ababa,12.5199,37.433998
GDE,HAGO,Gode Airport,Gode,ET,Africa/Addis_Ababa,5.93513011932,43.5786018372
QHR,HAHM,Harar Meda Airport,Debre Zeyit,ET,,8.7163,39.0059
JIJ,HAJJ,Gerad Wilwal International Airport,Jijiga,ET,Africa/Addis_Ababa,9.331907,42.911811
BCO,HAJK,Jinka Airport,Jinka,ET,Africa/Addis_Ababa,5.749655,36.560165
JIM,HAJM,Jimma Airport,Jimma,ET,Africa/Addis_Ababa,7.66609001159668,36.81660079956055
ABK,HAKD,Kebri Dahar Airport,Kebri Dahar,ET,Africa/Addis_Ababa,6.732577,44.241339
AWA,HALA,Hawassa International Airport,Hawassa,ET,Africa/Addis_Ababa,7.100611,38.396455
MQX,HAMK,Mekele Alula Aba Nega Airport,Mekele,ET,Africa/Addis_Ababa,13.4674,39.533501
ASO,HASO,Asosa Airport,Asosa,ET,Africa/Addis_Ababa,10.018500328063965,34.586299896240234
BJM,HBBA,Bujumbura Melchior Ndadaye International Airport,Bujumbura,BI,Africa/Bujumbura,-3.32402,29.318501
GID,HBBE,Gitega Airport,Gitega,BI,Africa/Bujumbura,-3.417209,29.911308
BSA,HCMF,Bender Qassim International Airport,Bosaso,SO,Africa/Mogadishu,11.275235,49.139231
HGA,HCMH,Egal International Airport,Hargeisa,SO,Africa/Mogadishu,9.514082,44.083469
BBO,HCMI,Berbera Airport,Berbera,SO,Africa/Mogadishu,10.385035,44.936723
KMU,HCMK,Kismayo Airport,Kismayo,SO,Africa/Mogadishu,-0.377353,42.459202
MGQ,HCMM,Aden Adde International Airport,Mogadishu,SO,Africa/Mogadishu,2.01444,45.304699
JIB,HDAM,Djibouti-Ambouli Airport,Djibouti City,DJ,Africa/Djibouti,11.5473,43.1595
RDL,HE36,Bardawil International Airport,El Hassana,EG,,30.410714,33.15535
DBB,HEAL,El Alamein International Airport,El Alamein,EG,Africa/Cairo,30.924324,28.46161
AAC,HEAR,El Arish International Airport,El Arish,EG,Africa/Cairo,31.055324,33.827964
ATZ,HEAT,Asyut International Airport,Asyut,EG,Africa/Cairo,27.045962,31.01276
HBE,HEBA,Alexandria International Airport,Alexandria,EG,Africa/Cairo,30.93249,29.696437
ABS,HEBL,Abu Simbel Airport,Abu Simbel,EG,Africa/Cairo,22.375924,31.611734
CAI,HECA,Cairo International Airport,Cairo,EG,Africa/Cairo,30.111534,31.396694
CCE,HECP,Capital International Airport,New Cairo,EG,Africa/Cairo,30.06465,31.839974
HRG,HEGN,Hurghada International Airport,Hurghada,EG,Africa/Cairo,27.176776,33.796692
EGH,HEGR,El Jora Airport,El Jora,EG,,31.078138,34.153131
LXR,HELX,Luxor International Airport,Luxor,EG,Africa/Cairo,25.671018,32.706446
RMF,HEMA,Marsa Alam International Airport,Marsa Alam,EG,Africa/Cairo,25.555548,34.59245
MUH,HEMM,Mersa Matruh International Airport,Marsa Matruh,EG,Africa/Cairo,31.324313,27.22227
PSD,HEPS,Port Said International Airport,Port Said,EG,Africa/Cairo,31.279285,32.240582
SKV,HESC,Saint Catherine International Airport,Saint Catherine,EG,Africa/Cairo,28.684292,34.064409
HMB,HESG,Sohag International Airport,Suhaj,EG,Africa/Cairo,26.342515,31.743017
SSH,HESH,Sharm El Sheikh International Airport,Sharm El Sheikh,EG,Africa/Cairo,27.977272,34.394717
ASW,HESN,Aswan International Airport,Aswan,EG,Africa/Cairo,23.961075,32.820382
SPX,HESX,Sphinx International Airport,Al Jiza,EG,Africa/Cairo,30.108179,30.895728
TCP,HETB,Taba International Airport,Taba,EG,Africa/Cairo,29.594496,34.775752
ASM,HHAS,Asmara International Airport,Asmara,ER,Africa/Asmara,15.2919,38.910702
MSW,HHMS,Massawa International Airport,Massawa,ER,Africa/Asmara,15.67,39.370098
ASA,HHSB,Assab International Airport,Assab,ER,Africa/Asmara,13.0718,42.645
JUB,HJJJ,Juba International Airport,Juba,SS,Africa/Juba,4.87201,31.601101
ASV,HKAM,Amboseli Airport,Ol Tukai,KE,Africa/Nairobi,-2.644786,37.252922
EDL,HKEL,Eldoret International Airport,Eldoret,KE,Africa/Nairobi,0.404458,35.238899
NBO,HKJK,Jomo Kenyatta International Airport,Nairobi,KE,Africa/Nairobi,-1.318886,36.928233
KIS,HKKI,Kisumu International Airport,Kisumu,KE,Africa/Nairobi,-0.086139,34.728901
KTL,HKKT,Kitale Airport,Kitale,KE,Africa/Nairobi,0.971989,34.958599
LKG,HKLK,Lokichogio Airport,Lokichogio,KE,Africa/Nairobi,4.20412,34.348202
LOK,HKLO,Lodwar Airport,Lodwar,KE,Africa/Nairobi,3.12197,35.6087
LAU,HKLU,Manda Airport,Lamu,KE,Africa/Nairobi,-2.252431,40.912892
MYD,HKML,Malindi International Airport,Malindi,KE,Africa/Nairobi,-3.22931,40.1017
MBA,HKMO,Moi International Airport,Mombasa,KE,Africa/Nairobi,-4.03483,39.5942
MRE,HKMS,Mara Serena Lodge Airstrip,Serena,KE,Africa/Nairobi,-1.404588,35.008349
NUU,HKNK,Nakuru Lanet Airport,Nakuru,KE,Africa/Nairobi,-0.298419,36.159193
NYK,HKNL,Nanyuki Civil Airport,Gathiuru,KE,Africa/Nairobi,-0.062352,37.041296
WIL,HKNW,Nairobi Wilson Airport,Nairobi,KE,Africa/Nairobi,-1.32172,36.8148
WJR,HKWJ,Wajir Airport,Wajir,KE,Africa/Nairobi,1.73324,40.091599
SRX,HLGD,Sirt International Airport / Ghardabiya Airbase,Sirt,LY,Africa/Tripoli,31.058578,16.597095
GHT,HLGT,Ghat Airport,Ghat,LY,Africa/Tripoli,25.1455993652,10.142600059500001
AKF,HLKF,Kufra Airport,Kufra,LY,Africa/Tripoli,24.178699493408203,23.31399917602539
BEN,HLLB,Benina International Airport,Benina,LY,Africa/Tripoli,32.096802,20.269501
MJI,HLLM,Mitiga International Airport,Tripoli,LY,Africa/Tripoli,32.89177,13.287878
LAQ,HLLQ,Al Abraq International Airport,Al Albraq,LY,Africa/Tripoli,32.789036,21.954864
SEB,HLLS,Sabha Airport,Sabha,LY,Africa/Tripoli,26.992452,14.466162
LMQ,HLMB,Marsa al Brega Airport,Marsa al Brega,LY,Africa/Tripoli,30.378099,19.576401
LTD,HLTD,Ghadames Airport,Ghadames,LY,Africa/Tripoli,30.145484,9.702095
GYI,HRYG,Gisenyi Airport,Gisenyi,RW,Africa/Kigali,-1.6772,29.2589
KGL,HRYR,Kigali International Airport,Kigali,RW,Africa/Kigali,-1.96863,30.1395
KME,HRZA,Kamembe Airport,Kamembe,RW,Africa/Kigali,-2.462239980697632,28.907899856567383
DOG,HSDN,Dongola Airport,Dongola,SD,Africa/Khartoum,19.153666,30.430069
ELF,HSFS,El Fasher Airport,El Fasher,SD,Africa/Khartoum,13.614899635314941,25.324600219726562
KSL,HSKA,Kassala Airport,Kassala,SD,Africa/Khartoum,15.387499809265137,36.328800201416016
MWE,HSMN,Merowe Airport,Merowe,SD,Africa/Khartoum,18.443333,31.843333
UYL,HSNN,Nyala Airport,Nyala,SD,Africa/Khartoum,12.0535,24.9562
EBD,HSOB,El-Obeid Airport,El-Obeid,SD,Africa/Khartoum,13.1532,30.2327
PZU,HSPN,Port Sudan New International Airport,Port Sudan,SD,Africa/Khartoum,19.434558,37.234125
KRT,HSSK,Khartoum International Airport,Khartoum,SD,Africa/Khartoum,15.5895,32.5532
MAK,HSSM,Malakal International Airport,Malakal,SS,Africa/Juba,9.558739,31.651937
WUU,HSWW,Wau Airport,Wau,SS,Africa/Juba,7.72583,27.975
ARK,HTAR,Arusha Airport,Arusha,TZ,Africa/Dar_es_Salaam,-3.3677899837493896,36.63330078125
DAR,HTDA,Julius Nyerere International Airport,Dar es Salaam,TZ,Africa/Dar_es_Salaam,-6.873499,39.207288
DOD,HTDO,Dodoma Airport,Dodoma,TZ,Africa/Dar_es_Salaam,-6.170559,35.756036
MBI,HTGW,Songwe Airport,Mbeya,TZ,Africa/Dar_es_Salaam,-8.919942,33.273981
IRI,HTIR,Iringa Airport,Nduli,TZ,Africa/Dar_es_Salaam,-7.66863,35.752102
JRO,HTKJ,Kilimanjaro International Airport,Arusha,TZ,Africa/Dar_es_Salaam,-3.427049,37.07353
LKY,HTLM,Lake Manyara Airport,Lake Manyara National Park,TZ,Africa/Dar_es_Salaam,-3.37631,35.818298
MYW,HTMT,Mtwara Airport,Mtwara,TZ,Africa/Dar_es_Salaam,-10.336204,40.181997
MWZ,HTMW,Mwanza International Airport,Mwanza,TZ,Africa/Dar_es_Salaam,-2.446563,32.936049
PMA,HTPE,Pemba Airport,Chake Chake,TZ,Africa/Dar_es_Salaam,-5.25726,39.811401
TGT,HTTG,Tanga Airport,Tanga,TZ,Africa/Dar_es_Salaam,-5.09236,39.071201
ZNZ,HTZA,Abeid Amani Karume International Airport,Zanzibar,TZ,Africa/Dar_es_Salaam,-6.22202,39.224899
RUA,HUAR,Arua Airport,Arua,UG,Africa/Kampala,3.049152,30.911714
EBB,HUEN,Entebbe International Airport,Entebbe,UG,Africa/Kampala,0.042386,32.443501
ULU,HUGU,Gulu Airport,Gulu,UG,Africa/Kampala,2.8055601119995117,32.27180099487305
SRT,HUSO,Soroti Airport,Soroti,UG,Africa/Kampala,1.7276899814605713,33.622798919677734
HZU,HZU,Chengdu Huaizhou Airport,Chengdu (Jintang),CN,,30.677339,104.529397
IBL,IBL,Indigo Bay Lodge Airport,Bazaruto Island,MZ,,-21.708,35.452801
DHX,ID-0277,Dhoho International Airport,Kediri,ID,,-7.749527,111.946831
UGU,ID-ZGP,Bilorai Airport,Bilogai,ID,,-3.739503,137.031183
AYJ,IN-0025,Maharshi Valmiki International Airport,Faizabad,IN,Asia/Kolkata,26.747736,82.163664
SDW,IN-0107,Sindhudurg Airport,Chipi,IN,,16.002552,73.529846
NMI,IN-0276,Navi Mumbai International Airport,Navi Mumbai,IN,Asia/Kolkata,18.984597,73.065253
RQY,IN-0301,Rashtrakavi Kuvempu Airport,Shimoga,IN,Asia/Kolkata,13.858024,75.618868
HGI,IN-0308,Itanagar Donyi Polo Hollongi Airport,Hollongi,IN,Asia/Kolkata,26.96683,93.638792
DXN,IN-0392,Noida International Airport,Gautam Buddha Nagar,IN,Asia/Kolkata,28.179868,77.611843
AHA,IN-0393,Maa Mahamaya Airport,Ambikapur,IN,Asia/Kolkata,22.98753,83.19612
BLD,K61B,Boulder City Municipal Airport,Boulder City,US,America/Los_Angeles,35.947161,-114.858799
MFH,K67L,Mesquite Airport,Mesquite,US,America/Los_Angeles,36.833105,-114.055928
ABE,KABE,Lehigh Valley International Airport,Allentown/Bethlehem,US,America/New_York,40.651773,-75.442797
ABI,KABI,Abilene Regional Airport,Abilene,US,America/Chicago,32.4113006592,-99.68190002440001
ABQ,KABQ,Albuquerque International Sunport,Albuquerque,US,America/Denver,35.039976,-106.608925
ABR,KABR,Aberdeen Regional Airport,Aberdeen,US,America/Chicago,45.449100494384766,-98.42179870605469
ABY,KABY,Southwest Georgia Regional Airport,Albany,US,America/New_York,31.532946,-84.196215
ACK,KACK,Nantucket Memorial Airport,Nantucket,US,America/New_York,41.25310135,-70.06020355
ACT,KACT,Waco Regional Airport,Waco,US,America/Chicago,31.611299514770508,-97.23049926757812
ACV,KACV,California Redwood Coast-Humboldt County Airport,Arcata/Eureka,US,America/Los_Angeles,40.978101,-124.109
ACY,KACY,Atlantic City International Airport,Atlantic City,US,America/New_York,39.456201,-74.577511
ADT,KADH,Ada Regional Airport,Ada,US,America/Chicago,34.805214,-96.671988
ADW,KADW,Joint Base Andrews,Camp Springs,US,America/New_York,38.810799,-76.866997
AEX,KAEX,Alexandria International Airport,Alexandria,US,America/Chicago,31.325828,-92.546702
AFW,KAFW,Perot Field/Fort Worth Alliance Airport,Fort Worth,US,America/Chicago,32.99044,-97.31947
AGC,KAGC,Allegheny County Airport,Pittsburgh,US,America/New_York,40.354401,-79.930199
AGS,KAGS,Augusta Regional At Bush Field,Augusta,US,America/New_York,33.3699,-81.9645
AHN,KAHN,Athens Ben Epps Airport,Athens,US,America/New_York,33.948842,-83.325634
AIA,KAIA,Alliance Municipal Airport,Alliance,US,America/Denver,42.052543,-102.803965
AKC,KAKR,Akron Fulton International Airport,Akron,US,America/New_York,41.037355,-81.46784
ALB,KALB,Albany International Airport,Albany,US,America/New_York,42.748299,-73.801697
ALI,KALI,Alice International Airport,Alice,US,America/Chicago,27.7409,-98.026901
ALM,KALM,Alamogordo White Sands Regional Airport,Alamogordo,US,America/Denver,32.837818,-105.993149
ALN,KALN,St Louis Regional Airport,Alton/St Louis,US,America/Chicago,38.89030075069999,-90.0459976196
ALO,KALO,Waterloo Regional Airport,Waterloo,US,America/Chicago,42.557098388671875,-92.40029907226562
ALS,KALS,San Luis Valley Regional Airport/Bergman Field,Alamosa,US,America/Denver,37.434898,-105.866997
ALW,KALW,Walla Walla Regional Airport,Walla Walla,US,America/Los_Angeles,46.09489822,-118.288002
AMA,KAMA,Rick Husband Amarillo International Airport,Amarillo,US,America/Chicago,35.217857,-101.706444
ANB,KANB,Anniston Regional Airport,Anniston,US,America/Chicago,33.5882,-85.8581
AND,KAND,Anderson Regional Airport,Anderson,US,America/New_York,34.4945983887,-82.70939636230001
AOO,KAOO,Altoona Blair County Airport,Altoona,US,America/New_York,40.296398,-78.32
APA,KAPA,Centennial Airport,Denver,US,America/Denver,39.57009888,-104.848999
APF,KAPF,Naples Municipal Airport,Naples,US,America/New_York,26.1525993347,-81.7752990723
APG,KAPG,Phillips Army Air Field,Aberdeen,US,America/New_York,39.466202,-76.1688
APN,KAPN,Alpena County Regional Airport,Alpena,US,America/New_York,45.0780983,-83.56030273
ARA,KARA,Acadiana Regional Airport,New Iberia,US,America/Chicago,30.0378,-91.883904
ART,KART,Watertown International Airport,Watertown,US,America/New_York,43.991901,-76.021698
ASE,KASE,Aspen-Pitkin County Airport (Sardy Field),Aspen,US,America/Denver,39.223202,-106.869003
AST,KAST,Astoria Regional Airport,Astoria,US,America/Los_Angeles,46.158000946,-123.878997803
ATL,KATL,Hartsfield Jackson Atlanta International Airport,Atlanta,US,America/New_York,33.6367,-84.428101
ATW,KATW,Appleton International Airport,Appleton,US,America/Chicago,44.258515,-88.519
ATY,KATY,Watertown Regional Airport,Watertown,US,America/Chicago,44.91400146,-97.15470123
AUG,KAUG,Augusta State Airport,Augusta,US,America/New_York,44.320598602299995,-69.7973022461
AUS,KAUS,Austin Bergstrom International Airport,Austin,US,America/Chicago,30.197535,-97.662015
AUW,KAUW,Wausau Downtown Airport,Wausau,US,America/Chicago,44.9262008667,-89.6266021729
AVL,KAVL,Asheville Regional Airport,Asheville,US,America/New_York,35.435488,-82.541853
AVP,KAVP,Wilkes-Barre/Scranton International Airport,Wilkes-Barre/Scranton,US,America/New_York,41.337064,-75.724232
AXN,KAXN,Chandler Field,Alexandria,US,America/Chicago,45.866299,-95.394699
AZO,KAZO,Kalamazoo/Battle Creek International Airport,Kalamazoo,US,America/Detroit,42.232105,-85.549637
BAB,KBAB,Beale Air Force Base,Beale Air Force Base,US,America/Los_Angeles,39.136101,-121.436996
BAD,KBAD,Barksdale Air Force Base,Bossier City,US,America/Chicago,32.501801,-93.662697
BAF,KBAF,Westfield-Barnes Regional Airport,Westfield,US,America/New_York,42.157799,-72.715599
CLU,KBAK,Columbus Municipal Airport,Columbus,US,America/Indiana/Indianapolis,39.262386,-85.895576
BBD,KBBD,Curtis Field,Brady,US,America/Chicago,31.178931,-99.324732
BKG,KBBG,Branson Airport,Branson,US,America/Chicago,36.532082,-93.200544
BCE,KBCE,Bryce Canyon Airport,Bryce Canyon,US,America/Denver,37.706401825,-112.144996643
BCT,KBCT,Boca Raton Airport,Boca Raton,US,America/New_York,26.3785,-80.107697
BDE,KBDE,Baudette International Airport,Baudette,US,America/Chicago,48.728401,-94.612198
BDL,KBDL,Bradley International Airport,Hartford,US,America/New_York,41.938555,-72.688016
BDR,KBDR,Igor I Sikorsky Memorial Airport,Bridgeport,US,America/New_York,41.163502,-73.126198
BED,KBED,Laurence G Hanscom Field,Bedford,US,America/New_York,42.470001,-71.289001
BFD,KBFD,Bradford Regional Airport,Bradford,US,America/New_York,41.8031005859375,-78.64009857177734
BFF,KBFF,Western Neb. Rgnl/William B. Heilig Airport,Scottsbluff,US,America/Denver,41.87400055,-103.5960007
BFI,KBFI,King County International Airport - Boeing Field,Seattle,US,America/Los_Angeles,47.527042,-122.29995
BFL,KBFL,Meadows Field,Bakersfield,US,America/Los_Angeles,35.433601,-119.056999
BFM,KBFM,Mobile Downtown Airport,Mobile,US,America/Chicago,30.626800537100003,-88.06809997559999
BGM,KBGM,Greater Binghamton/Edwin A Link field,Binghamton,US,America/New_York,42.20869827,-75.97979736
BGR,KBGR,Bangor International Airport,Bangor,US,America/New_York,44.806364,-68.826668
BHB,KBHB,Hancock County-Bar Harbor Airport,Bar Harbor,US,America/New_York,44.45000076,-68.3615036
BHM,KBHM,Birmingham-Shuttlesworth International Airport,Birmingham,US,America/Chicago,33.562877,-86.750712
BIF,KBIF,Biggs Army Air Field (Fort Bliss),Fort Bliss/El Paso,US,America/Denver,31.84950066,-106.3799973
BIH,KBIH,Eastern Sierra Regional Airport,Bishop,US,America/Los_Angeles,37.3731,-118.363998
BIL,KBIL,Billings Logan International Airport,Billings,US,America/Denver,45.808932,-108.541242
BIS,KBIS,Bismarck Municipal Airport,Bismarck,US,America/Chicago,46.772734,-100.746874
BIX,KBIX,Keesler Air Force Base,Biloxi,US,America/Chicago,30.4104003906,-88.92440032959999
BJC,KBJC,Rocky Mountain Metropolitan Airport,Denver,US,America/Denver,39.908798,-105.116997
BJI,KBJI,Bemidji Regional Airport,Bemidji,US,America/Chicago,47.50939941,-94.93370056
BKE,KBKE,Baker City Municipal Airport,Baker City,US,America/Los_Angeles,44.837299346900004,-117.808998108
BFK,KBKF,Buckley Space Force Base,Aurora,US,America/Denver,39.701698,-104.751999
BKL,KBKL,Burke Lakefront Airport,Cleveland,US,America/New_York,41.51750183105469,-81.68329620361328
BKW,KBKW,Raleigh County Memorial Airport,Beaver,US,America/New_York,37.7873,-81.124199
BLF,KBLF,Mercer County Airport,Bluefield,US,America/New_York,37.295799,-81.207703
BLH,KBLH,Blythe Airport,Blythe,US,America/Los_Angeles,33.6192016602,-114.717002869
BLI,KBLI,Bellingham International Airport,Bellingham,US,America/Los_Angeles,48.79280090332031,-122.53800201416016
BLV,KBLV,Scott AFB/Midamerica Airport,Belleville,US,America/Chicago,38.5452,-89.835197
BMG,KBMG,Monroe County Airport,Bloomington,US,America/New_York,39.145999908447266,-86.61669921875
BMI,KBMI,Central Illinois Regional Airport at Bloomington-Normal,Bloomington/Normal,US,America/Chicago,40.4771,-88.915901
BNA,KBNA,Nashville International Airport,Nashville,US,America/Chicago,36.1245,-86.6782
BNO,KBNO,Burns Municipal Airport,Burns,US,America/Los_Angeles,43.590463,-118.955154
BOI,KBOI,Boise Air Terminal/Gowen Field,Boise,US,America/Boise,43.5644,-116.223
BOS,KBOS,Boston Logan International Airport,Boston,US,America/New_York,42.36197,-71.0079
BPI,KBPI,Miley Memorial Field,Big Piney,US,America/Denver,42.58509827,-110.1110001
WMH,KBPK,Ozark Regional Airport,Mountain Home,US,America/Chicago,36.3689002991,-92.47049713130001
BPT,KBPT,Jack Brooks Regional Airport,Beaumont/Port Arthur,US,America/Chicago,29.9508,-94.020699
BQK,KBQK,Brunswick Golden Isles Airport,Brunswick,US,America/New_York,31.258801,-81.466499
BRD,KBRD,Brainerd Lakes Regional Airport,Brainerd,US,America/Chicago,46.402861,-94.129727
BRL,KBRL,Southeast Iowa Regional Airport,Burlington,US,America/Chicago,40.783199310302734,-91.12550354003906
BRO,KBRO,Brownsville South Padre Island International Airport,Brownsville,US,America/Chicago,25.907238,-97.425235
BTL,KBTL,Battle Creek Executive Airport at Kellogg Field,Battle Creek,US,America/Detroit,42.307301,-85.251503
BTM,KBTM,Bert Mooney Airport,Butte,US,America/Denver,45.95479965209961,-112.49700164794922
BTR,KBTR,Baton Rouge Metropolitan Airport,Baton Rouge,US,America/Chicago,30.533199,-91.149597
BTV,KBTV,Patrick Leahy Burlington International Airport,Burlington,US,America/New_York,44.471901,-73.153297
BUF,KBUF,Buffalo Niagara International Airport,Buffalo,US,America/New_York,42.940498,-78.732201
BUR,KBUR,Hollywood Burbank/Bob Hope Airport,Burbank,US,America/Los_Angeles,34.202834,-118.35805
BFP,KBVI,Beaver County Airport,Beaver Falls,US,America/New_York,40.772499,-80.391403
BVY,KBVY,Beverly Regional Airport,Beverly / Danvers,US,America/New_York,42.584202,-70.916496
BWG,KBWG,Bowling Green Warren County Regional Airport,Bowling Green,US,America/Chicago,36.964500427199994,-86.41970062259999
BWI,KBWI,Baltimore/Washington International Thurgood Marshall Airport,Baltimore,US,America/New_York,39.1754,-76.668297
NHZ,KBXM,Brunswick Executive Airport,Brunswick,US,America/New_York,43.89220047,-69.93859863
BYH,KBYH,Arkansas International Airport,Blytheville,US,America/Chicago,35.9642982483,-89.94400024410001
BYI,KBYI,Burley Municipal Airport,Burley,US,America/Boise,42.542598724399994,-113.772003174
BYS,KBYS,Bicycle Lake Army Air Field,Fort Irwin/Barstow,US,America/Los_Angeles,35.2804985046,-116.629997253
BZN,KBZN,Bozeman Yellowstone International Airport,Bozeman,US,America/Denver,45.778853,-111.153711
CAE,KCAE,Columbia Metropolitan Airport,Columbia,US,America/New_York,33.938172,-81.123022
CAK,KCAK,Akron Canton Regional Airport,Akron,US,America/New_York,40.916099548339844,-81.44219970703125
CAR,KCAR,Caribou Municipal Airport,Caribou,US,America/New_York,46.871498,-68.017899
CBM,KCBM,Columbus Air Force Base,Columbus,US,America/Chicago,33.643799,-88.443802
CCR,KCCR,Buchanan Field,Concord,US,America/Los_Angeles,37.9897,-122.056999
CCY,KCCY,Northeast Iowa Regional Airport,Charles City,US,America/Chicago,43.0726013184,-92.6108016968
CDC,KCDC,Cedar City Regional Airport,Cedar City,US,America/Denver,37.70100021362305,-113.0989990234375
CDR,KCDR,Chadron Municipal Airport,Chadron,US,America/Denver,42.837601,-103.095001
CDS,KCDS,Childress Municipal Airport,Childress,US,America/Chicago,34.4337997437,-100.288002014
CEC,KCEC,Jack Mc Namara Field Airport,Crescent City,US,America/Los_Angeles,41.778929,-124.236403
CEF,KCEF,Westover Metropolitan Airport / Westover Air Reserve Base,Chicopee,US,America/New_York,42.194,-72.534798
CEW,KCEW,Bob Sikes Airport,Crestview,US,America/Chicago,30.778799057,-86.522102356
CEZ,KCEZ,Cortez Municipal Airport,Cortez,US,America/Denver,37.303001,-108.627998
CGF,KCGF,Cuyahoga County Airport,Cleveland,US,America/New_York,41.5651016235,-81.4863967896
CGI,KCGI,Cape Girardeau Regional Airport,Cape Girardeau,US,America/Chicago,37.2253,-89.570801
CHA,KCHA,Chattanooga Metropolitan Airport (Lovell Field),Chattanooga,US,America/New_York,35.035301,-85.203796
CHO,KCHO,Charlottesville Albemarle Airport,Charlottesville,US,America/New_York,38.13859939575195,-78.4529037475586
CHS,KCHS,Charleston International Airport,Charleston,US,America/New_York,32.896159,-80.038151
CID,KCID,The Eastern Iowa Airport,Cedar Rapids,US,America/Chicago,41.884701,-91.7108
CIU,KCIU,Chippewa County International Airport,Kincheloe,US,America/New_York,46.242038,-84.462082
CKB,KCKB,North Central West Virginia Airport,Bridgeport,US,America/New_York,39.2966,-80.228104
CLE,KCLE,Cleveland Hopkins International Airport,Cleveland,US,America/New_York,41.411701,-81.8498
CLL,KCLL,Easterwood Field,College Station,US,America/Chicago,30.5886,-96.3638
CLM,KCLM,William R Fairchild International Airport,Port Angeles,US,America/Los_Angeles,48.120201,-123.5
CLT,KCLT,Charlotte Douglas International Airport,Charlotte,US,America/New_York,35.2140007019043,-80.94309997558594
CMH,KCMH,John Glenn Columbus International Airport,Columbus,US,America/New_York,39.998001,-82.891899
CMI,KCMI,University of Illinois Willard Airport,Savoy,US,America/Chicago,40.039819,-88.276249
CMX,KCMX,Houghton County Memorial Airport,Hancock,US,America/New_York,47.168399810791016,-88.48909759521484
CNM,KCNM,Cavern City Air Terminal,Carlsbad,US,America/Denver,32.337501525878906,-104.26300048828125
CNU,KCNU,Chanute Martin Johnson Airport,Chanute,US,America/Chicago,37.668173,-95.486727
CNY,KCNY,Canyonlands Regional Airport,Moab,US,America/Denver,38.755001,-109.754997
COD,KCOD,Yellowstone Regional Airport,Cody,US,America/Denver,44.520199,-109.024002
COE,KCOE,Coeur D'Alene Airport - Pappy Boyington Field,Coeur d'Alene,US,America/Los_Angeles,47.7743,-116.82
COF,KCOF,Patrick Space Force Base,Cocoa Beach,US,America/New_York,28.2349,-80.6101
CON,KCON,Concord Municipal Airport,Concord,US,America/New_York,43.20270157,-71.50229645
COS,KCOS,City of Colorado Springs Municipal Airport,Colorado Springs,US,America/Denver,38.805801,-104.700996
COU,KCOU,Columbia Regional Airport,Columbia,US,America/Chicago,38.8181,-92.219597
CPR,KCPR,Casper-Natrona County International Airport,Casper,US,America/Denver,42.907381,-106.461609
CRE,KCRE,Grand Strand Airport,North Myrtle Beach,US,America/New_York,33.8116989136,-78.72389984130001
CRG,KCRG,Jacksonville Executive at Craig Airport,Jacksonville,US,America/New_York,30.3362998962,-81.51439666750001
CRP,KCRP,Corpus Christi International Airport,Corpus Christi,US,America/Chicago,27.770399,-97.501198
CLD,KCRQ,McClellan-Palomar Airport,Carlsbad,US,America/Los_Angeles,33.1283,-117.279999
CRW,KCRW,Yeager Airport,Charleston,US,America/New_York,38.3731,-81.593201
CSG,KCSG,Columbus Airport,Columbus,US,America/New_York,32.516415,-84.939602
CSV,KCSV,Crossville Memorial Airport Whitson Field,Crossville,US,America/Chicago,35.95131,-85.08499
CTB,KCTB,Cut Bank International Airport,Cut Bank,US,America/Denver,48.608657,-112.378183
CUB,KCUB,Jim Hamilton L.B. Owens Airport,Columbia,US,America/New_York,33.970500946,-80.9952011108
CVG,KCVG,Cincinnati Northern Kentucky International Airport,Cincinnati / Covington,US,America/New_York,39.048801,-84.667801
CVN,KCVN,Clovis Municipal Airport,Clovis,US,America/Denver,34.426594,-103.078794
CVO,KCVO,Corvallis Municipal Airport,Corvallis,US,America/Los_Angeles,44.49720001,-123.2900009
CVS,KCVS,Cannon Air Force Base,Clovis,US,America/Denver,34.382801,-103.321999
CWA,KCWA,Central Wisconsin Airport,Mosinee,US,America/Chicago,44.777448,-89.670238
CXO,KCXO,Conroe-North Houston Regional Airport,Houston,US,America/Chicago,30.351801,-95.414497
CSN,KCXP,Carson Airport,Carson City,US,America/Los_Angeles,39.194331,-119.734312
CYS,KCYS,Cheyenne Regional Jerry Olson Field,Cheyenne,US,America/Denver,41.155701,-104.811997
DAA,KDAA,Davison Army Air Field,Fort Belvoir,US,America/New_York,38.715000152600005,-77.1809997559
DAB,KDAB,Daytona Beach International Airport,Daytona Beach,US,America/New_York,29.18255,-81.059464
DAG,KDAG,Barstow Daggett Airport,Daggett,US,America/Los_Angeles,34.85369873,-116.7870026
DAL,KDAL,Dallas Love Field,Dallas,US,America/Chicago,32.844776,-96.847653
DAN,KDAN,Danville Regional Airport,Danville,US,America/New_York,36.572899,-79.336098
DAY,KDAY,James M. Cox Dayton International Airport,Dayton,US,America/New_York,39.902401,-84.219398
DBQ,KDBQ,Dubuque Regional Airport,Dubuque,US,America/Chicago,42.402,-90.709503
DCA,KDCA,Ronald Reagan Washington National Airport,Washington,US,America/New_York,38.8521,-77.037697
DDC,KDDC,Dodge City Regional Airport,Dodge City,US,America/Chicago,37.76340103149414,-99.9655990600586
DEC,KDEC,Decatur Airport,Decatur,US,America/Chicago,39.834598541259766,-88.8656997680664
DEN,KDEN,Denver International Airport,Denver,US,America/Denver,39.860027,-104.673792
DET,KDET,Coleman A. Young Municipal Airport,Detroit,US,America/Detroit,42.40919876,-83.00990295
DFW,KDFW,Dallas Fort Worth International Airport,Dallas-Fort Worth,US,America/Chicago,32.896801,-97.038002
DHN,KDHN,Dothan Regional Airport,Dothan,US,America/Chicago,31.321300506591797,-85.44960021972656
DHT,KDHT,Dalhart Municipal Airport,Dalhart,US,America/Chicago,36.0225982666,-102.54699707
DIK,KDIK,Dickinson Theodore Roosevelt Regional Airport,Dickinson,US,America/Denver,46.797533,-102.801905
DLF,KDLF,Laughlin Air Force Base,Del Rio,US,America/Chicago,29.359501,-100.778002
DLH,KDLH,Duluth International Airport,Duluth,US,America/Chicago,46.841873,-92.198746
DLS,KDLS,Columbia Gorge Regional Airport,Dallesport / The Dalles,US,America/Los_Angeles,45.620979,-121.170777
DMA,KDMA,Davis Monthan Air Force Base,Tucson,US,America/Phoenix,32.1665000916,-110.883003235
DMN,KDMN,Deming Municipal Airport,Deming,US,America/Denver,32.262298584,-107.721000671
DNL,KDNL,Daniel Field,Augusta,US,America/New_York,33.4664993286,-82.0393981934
DOV,KDOV,Dover Civil Air Terminal/Dover Air Force Base,Dover,US,America/New_York,39.129501,-75.466003
DPA,KDPA,Dupage Airport,Chicago/West Chicago,US,America/Chicago,41.90779877,-88.24859619
DRA,KDRA,Desert Rock Airport,Mercury,US,America/Los_Angeles,36.6194,-116.032997
DRI,KDRI,Beauregard Regional Airport,DeRidder,US,America/Chicago,30.831699,-93.339897
DRO,KDRO,Durango La Plata County Airport,Durango,US,America/Denver,37.151501,-107.753998
DRT,KDRT,Del Rio International Airport,Del Rio,US,America/Chicago,29.3742008209,-100.927001953
DSM,KDSM,Des Moines International Airport,Des Moines,US,America/Chicago,41.534027,-93.656719
DSI,KDTS,Destin Executive Airport,Destin,US,America/Chicago,30.400101,-86.471497
DTW,KDTW,Detroit Metropolitan Wayne County Airport,Detroit,US,America/New_York,42.21377,-83.353786
DUA,KDUA,Durant Regional Airport - Eaker Field,Durant,US,America/Chicago,33.939675,-96.395072
DUG,KDUG,Bisbee Douglas International Airport,Douglas Bisbee,US,America/Phoenix,31.464139,-109.60456
DUJ,KDUJ,DuBois Regional Airport,Dubois,US,America/New_York,41.17829895,-78.8986969
DVL,KDVL,Devils Lake Regional Airport,Devils Lake,US,America/Chicago,48.115454,-98.908796
DXR,KDXR,Danbury Municipal Airport,Danbury,US,America/New_York,41.371656,-73.482227
DYS,KDYS,Dyess Air Force Base,Abilene,US,America/Chicago,32.420799,-99.854599
EAR,KEAR,Kearney Regional Airport,Kearney,US,America/Chicago,40.727001,-99.006798
EAT,KEAT,Pangborn Memorial Airport,Wenatchee,US,America/Los_Angeles,47.398899,-120.207001
EAU,KEAU,Chippewa Valley Regional Airport,Eau Claire,US,America/Chicago,44.86579895019531,-91.48429870605469
ECG,KECG,Elizabeth City Regional Airport & Coast Guard Air Station,Elizabeth City,US,America/New_York,36.260601,-76.174599
ECP,KECP,Northwest Florida Beaches International Airport,Panama City Beach,US,America/Chicago,30.357106,-85.795414
EDW,KEDW,Edwards Air Force Base,Edwards,US,America/Los_Angeles,34.910781,-117.886391
EED,KEED,Needles Airport,Needles,US,America/Los_Angeles,34.7663002014,-114.623001099
EEN,KEEN,Dillant Hopkins Airport,Keene,US,America/New_York,42.898399,-72.270798
EFD,KEFD,Ellington Airport,Houston,US,America/Chicago,29.607299804700002,-95.1587982178
EGE,KEGE,Eagle County Regional Airport,Eagle,US,America/Denver,39.64260101,-106.9179993
EGI,KEGI,Duke Field,Crestview,US,America/Chicago,30.65040016,-86.52290344
EKA,KEKA,Murray Field,Eureka,US,America/Los_Angeles,40.803398,-124.112999
EKN,KEKN,Elkins-Randolph County Regional Airport,Elkins,US,America/New_York,38.889759,-79.857651
EKO,KEKO,Elko Regional Airport,Elko,US,America/Los_Angeles,40.82490158081055,-115.79199981689453
ELD,KELD,South Arkansas Regional Airport at Goodwin Field,El Dorado,US,America/Chicago,33.221001,-92.813301
ELM,KELM,Elmira Corning Regional Airport,Elmira/Corning,US,America/New_York,42.1599006652832,-76.8916015625
LYU,KELO,Ely Municipal Airport,Ely,US,America/Chicago,47.82450104,-91.83070374
ELP,KELP,El Paso International Airport,El Paso,US,America/Denver,31.809908,-106.375607
ELY,KELY,Ely Airport Yelland Field,Ely,US,America/Los_Angeles,39.29970169,-114.8420029
END,KEND,Vance Air Force Base,Enid,US,America/Chicago,36.339199,-97.916496
ENV,KENV,Wendover Airport,Wendover,US,America/Denver,40.7187004089,-114.03099823
ENW,KENW,Kenosha Regional Airport,Kenosha,US,America/Chicago,42.59569931,-87.92780304
ERI,KERI,Erie International Tom Ridge Field,Erie,US,America/New_York,42.083127,-80.173867
ESC,KESC,Delta County Airport,Escanaba,US,America/New_York,45.723199,-87.088623
ESF,KESF,Esler Army Airfield / Esler Regional Airport,Alexandria,US,America/Chicago,31.394266,-92.294082
EUG,KEUG,Eugene Airport,Eugene,US,America/Los_Angeles,44.124599,-123.211998
EVV,KEVV,Evansville Regional Airport,Evansville,US,America/Chicago,38.0369987488,-87.5324020386
EVW,KEVW,Evanston-Uinta County Airport-Burns Field,Evanston,US,America/Denver,41.27479935,-111.0350037
EWB,KEWB,New Bedford Regional Airport,New Bedford,US,America/New_York,41.67610168457031,-70.95690155029297
EWN,KEWN,Coastal Carolina Regional Airport,New Bern,US,America/New_York,35.0730018616,-77.04290008539999
EWR,KEWR,Newark Liberty International Airport,Newark,US,America/New_York,40.6894,-74.170545
EYW,KEYW,Key West International Airport,Key West,US,America/New_York,24.556119,-81.759579
FAF,KFAF,Felker Army Air Field,Newport News (Fort Eustis),US,America/New_York,37.1325,-76.608803
FAR,KFAR,Hector International Airport,Fargo,US,America/Chicago,46.9207,-96.815804
FAT,KFAT,Fresno Yosemite International Airport,Fresno,US,America/Los_Angeles,36.775767,-119.718018
FAY,KFAY,Fayetteville Regional Airport - Grannis Field,Fayetteville,US,America/New_York,34.991199,-78.880302
FBG,KFBG,Simmons Army Air Field,Fort Bragg,US,America/New_York,35.13180161,-78.93669891
FCS,KFCS,Butts AAF (Fort Carson) Air Field,Fort Carson,US,America/Denver,38.67839813,-104.7570038
FDY,KFDY,Findlay Airport,Findlay,US,America/New_York,41.013500213600004,-83.66870117190001
FFO,KFFO,Wright-Patterson Air Force Base,Dayton,US,America/New_York,39.826099,-84.048302
FRD,KFHR,Friday Harbor Airport,Friday Harbor,US,America/Los_Angeles,48.523654,-123.024645
FHU,KFHU,Sierra Vista Municipal Airport / Libby Army Air Field,Fort Huachuca / Sierra Vista,US,America/Phoenix,31.587383,-110.348225
FKL,KFKL,Venango Regional Airport,Franklin,US,America/New_York,41.3778991699,-79.8603973389
FLG,KFLG,Flagstaff Pulliam Airport,Flagstaff,US,America/Phoenix,35.139757,-111.669826
FLL,KFLL,Fort Lauderdale Hollywood International Airport,Fort Lauderdale,US,America/New_York,26.072599,-80.152702
FLO,KFLO,Florence Regional Airport,Florence,US,America/New_York,34.18539810180664,-79.7238998413086
FME,KFME,Fort Meade Executive Airport,Fort Meade(Odenton),US,America/New_York,39.0854,-76.759399
FMN,KFMN,Four Corners Regional Airport,Farmington,US,America/Denver,36.741199,-108.230003
FMY,KFMY,Page Field,Fort Myers,US,America/New_York,26.58659935,-81.86329650879999
FNL,KFNL,Northern Colorado Regional Airport,Loveland,US,America/Denver,40.44969,-105.011272
FNT,KFNT,Bishop International Airport,Flint,US,America/New_York,42.969294,-83.743355
FOD,KFOD,Fort Dodge Regional Airport,Fort Dodge,US,America/Chicago,42.552624,-94.191237
FOE,KFOE,Topeka Regional Airport,Topeka,US,America/Chicago,38.950901,-95.663597
FPR,KFPR,Treasure Coast International Airport,Fort Pierce,US,America/New_York,27.4951,-80.368301
FRG,KFRG,Republic Airport,East Farmingdale,US,America/New_York,40.728576,-73.414267
FRI,KFRI,Marshall Army Air Field,Fort Riley (Junction City),US,America/Chicago,39.053021,-96.764202
FSD,KFSD,Sioux Falls Regional Airport,Sioux Falls,US,America/Chicago,43.585463,-96.741152
FSI,KFSI,Henry Post Army Air Field,Fort Sill,US,America/Chicago,34.649799,-98.402199
FSM,KFSM,Fort Smith Regional Airport,Fort Smith,US,America/Chicago,35.336601,-94.367401
FST,KFST,Fort Stockton Pecos County Airport,Fort Stockton,US,America/Chicago,30.9157009125,-102.916000366
FTK,KFTK,Godman Army Air Field,Fort Knox,US,America/New_York,37.907100677500004,-85.9720993042
FTW,KFTW,Fort Worth Meacham International Airport,Fort Worth,US,America/Chicago,32.819919,-97.360818
FTY,KFTY,Fulton County Airport Brown Field,Atlanta,US,America/New_York,33.7790985107,-84.5214004517
FWA,KFWA,Fort Wayne International Airport,Fort Wayne,US,America/New_York,40.978896,-85.194465
FXE,KFXE,Fort Lauderdale Executive Airport,Fort Lauderdale,US,America/New_York,26.1972999573,-80.1707000732
FYV,KFYV,Drake Field,Fayetteville,US,America/Chicago,36.00510025024414,-94.17009735107422
GCC,KGCC,Northeast Wyoming Regional Airport,Gillette,US,America/Denver,44.3489,-105.539001
GCK,KGCK,Garden City Regional Airport,Garden City,US,America/Chicago,37.9275016785,-100.723999023
GCN,KGCN,Grand Canyon National Park Airport,Grand Canyon - Tusayan,US,America/Phoenix,35.9524,-112.147003
GDV,KGDV,Dawson Community Airport,Glendive,US,America/Denver,47.137658,-104.80691
GEG,KGEG,Spokane International Airport,Spokane,US,America/Los_Angeles,47.6199,-117.533997
GFK,KGFK,Grand Forks International Airport,Grand Forks,US,America/Chicago,47.949299,-97.176102
GFL,KGFL,Floyd Bennett Memorial Airport,Glens Falls,US,America/New_York,43.3412017822,-73.6102981567
GGG,KGGG,East Texas Regional Airport,Longview,US,America/Chicago,32.38399887084961,-94.71150207519531
GGW,KGGW,Glasgow Valley County Airport Wokal Field,Glasgow,US,America/Denver,48.212502,-106.614998
GJT,KGJT,Grand Junction Regional Airport,Grand Junction,US,America/Denver,39.126663,-108.529387
GLD,KGLD,Goodland Municipal Airport,Goodland,US,America/Denver,39.370701,-101.699753
GLH,KGLH,Mid Delta Regional Airport,Greenville,US,America/Chicago,33.482899,-90.985603
GLS,KGLS,Scholes International At Galveston Airport,Galveston,US,America/Chicago,29.265301,-94.860397
GMU,KGMU,Greenville Downtown Airport,Greenville,US,America/New_York,34.847903,-82.350217
GNV,KGNV,Gainesville Regional Airport,Gainesville,US,America/New_York,29.6900997162,-82.2717971802
GON,KGON,Groton New London Airport,Groton,US,America/New_York,41.330101,-72.045097
FCA,KGPI,Glacier Park International Airport,Kalispell,US,America/Denver,48.310501,-114.255997
GPT,KGPT,Gulfport Biloxi International Airport,Gulfport,US,America/Chicago,30.405582,-89.069836
GRB,KGRB,Austin Straubel International Airport,Green Bay,US,America/Chicago,44.483459,-88.130805
GRF,KGRF,Gray Army Air Field,Fort Lewis/Tacoma,US,America/Los_Angeles,47.07920074,-122.5810013
GRI,KGRI,Central Nebraska Regional Airport,Grand Island,US,America/Chicago,40.967498779296875,-98.30960083007812
GRK,KGRK,Killeen Regional Airport / Robert Gray Army Airfield,Fort Cavazos,US,America/Chicago,31.0672,-97.828903
GRR,KGRR,Gerald R. Ford International Airport,Grand Rapids,US,America/New_York,42.880798,-85.522797
GSB,KGSB,Seymour Johnson Air Force Base,Goldsboro,US,America/New_York,35.339401,-77.960602
GSO,KGSO,Piedmont Triad International Airport,Greensboro,US,America/New_York,36.09937,-79.937262
GSP,KGSP,Greenville-Spartanburg International Airport,Greenville/Greer/Spartanburg,US,America/New_York,34.895699,-82.218903
GTF,KGTF,Great Falls International Airport,Great Falls,US,America/Denver,47.481998,-111.371002
GTR,KGTR,Golden Triangle Regional Airport,Columbus/W Point/Starkville,US,America/Chicago,33.450298,-88.5914
GUC,KGUC,Gunnison Crested Butte Regional Airport,Gunnison,US,America/Denver,38.534672,-106.934566
GUP,KGUP,Gallup Municipal Airport,Gallup,US,America/Denver,35.511653,-108.788166
GUS,KGUS,Grissom Air Reserve Base,Peru,US,America/Indiana/Indianapolis,40.648102,-86.1521
GUY,KGUY,Guymon Municipal Airport,Guymon,US,America/Chicago,36.6851005554,-101.508003235
GWO,KGWO,Greenwood–Leflore Airport,Greenwood,US,America/Chicago,33.495025,-90.088204
PNX,KGYI,North Texas Regional Airport Perrin Field,Denison,US,America/Chicago,33.7141,-96.673698
GYY,KGYY,Gary/Chicago International Airport,Gary,US,America/Chicago,41.617087,-87.413206
DSY,KH-0001,Dara Sakor International Airport,Ta Noun,KH,,10.914244,103.226652
KTI,KH-0002,Techo International Airport,Phnom Penh (Boeng Khyang),KH,Asia/Phnom_Penh,11.359987,104.921272
HBG,KHBG,Hattiesburg Bobby L Chain Municipal Airport,Hattiesburg,US,America/Chicago,31.26479912,-89.25279999
HBR,KHBR,Hobart Regional Airport,Hobart,US,America/Chicago,34.991317,-99.051313
HDN,KHDN,Yampa Valley Airport,Hayden,US,America/Denver,40.481201,-107.218002
MNZ,KHEF,Manassas Regional Airport/Harry P. Davis Field,Manassas,US,America/New_York,38.721401,-77.515404
HFD,KHFD,Hartford Brainard Airport,Hartford,US,America/New_York,41.736698150635,-72.649398803711
HGR,KHGR,Hagerstown Regional Richard A Henson Field,Hagerstown,US,America/New_York,39.708771,-77.728014
HHR,KHHR,Jack Northrop Field Hawthorne Municipal Airport,Hawthorne,US,America/Los_Angeles,33.922798,-118.334999
HIB,KHIB,Range Regional Airport,Hibbing,US,America/Chicago,47.384831,-92.836905
HIF,KHIF,Hill Air Force Base,Ogden,US,America/Denver,41.12403,-111.973086
HII,KHII,Lake Havasu City Airport,Lake Havasu City,US,America/Phoenix,34.570506,-114.357745
HIO,KHIO,Portland Hillsboro Airport,Portland,US,America/Los_Angeles,45.540401,-122.949997
HKY,KHKY,Hickory Regional Airport,Hickory,US,America/New_York,35.74110031,-81.38950348
HLG,KHLG,Wheeling Ohio County Airport,Wheeling,US,America/New_York,40.1749992371,-80.6463012695
HLN,KHLN,Helena Regional Airport,Helena,US,America/Denver,46.6068,-111.983002
HMN,KHMN,Holloman Air Force Base,Alamogordo,US,America/Denver,32.852501,-106.107002
HOB,KHOB,Lea County Regional Airport,Hobbs,US,America/Denver,32.6875,-103.217003
HON,KHON,Huron Regional Airport,Huron,US,America/Chicago,44.385201,-98.2285
HOP,KHOP,Campbell Army Airfield (Fort Campbell),Fort Campbell,US,America/Chicago,36.674154,-87.48974
HOT,KHOT,Memorial Field Airport,Hot Springs,US,America/Chicago,34.4788,-93.096262
HOU,KHOU,William P. Hobby Airport,Houston,US,America/Chicago,29.645336,-95.276812
HPN,KHPN,Westchester County Airport,White Plains,US,America/New_York,41.06700134277344,-73.70760345458984
HQM,KHQM,Bowerman Airport,Hoquiam,US,America/Los_Angeles,46.971199035599994,-123.93699646
HRL,KHRL,Valley International Airport,Harlingen,US,America/Chicago,26.228500366210938,-97.65440368652344
HRO,KHRO,Boone County Airport,Harrison,US,America/Chicago,36.26150131225586,-93.15470123291016
HST,KHST,Homestead Air Reserve Base,Homestead,US,America/New_York,25.4886,-80.383598
HSV,KHSV,Huntsville International Airport,Huntsville,US,America/Chicago,34.636244,-86.774378
HTS,KHTS,Tri-State Airport / Milton J. Ferguson Field,Huntington,US,America/New_York,38.366699,-82.557999
HUA,KHUA,Redstone Army Air Field,Redstone Arsnl Huntsville,US,America/Chicago,34.67869949,-86.68479919
HUF,KHUF,"Terre Haute Regional Airport, Hulman Field",Terre Haute,US,America/Indiana/Indianapolis,39.4515,-87.307602
HUL,KHUL,Houlton International Airport,Houlton,US,America/New_York,46.1231002808,-67.792098999
HUT,KHUT,Hutchinson Municipal Airport,Hutchinson,US,America/Chicago,38.0654983521,-97.86060333250002
HVN,KHVN,Tweed New Haven Airport,New Haven,US,America/New_York,41.262869,-72.887694
HVR,KHVR,Havre City County Airport,Havre,US,America/Denver,48.541387,-109.762859
HWO,KHWO,North Perry Airport,Hollywood,US,America/New_York,26.0012,-80.2407
HHH,KHXD,Hilton Head Airport,Hilton Head Island,US,America/New_York,32.2244,-80.697502
HYA,KHYA,Cape Cod Gateway Airport,Hyannis,US,America/New_York,41.6693,-70.280403
HYR,KHYR,Sawyer County Airport,Hayward,US,America/Chicago,46.025199890100005,-91.44429779050002
HYS,KHYS,Hays Regional Airport,Hays,US,America/Chicago,38.844521,-99.273148
JFN,KHZY,Northeast Ohio Regional Airport,Ashtabula,US,America/New_York,41.778,-80.695503
IAB,KIAB,McConnell Air Force Base,Wichita,US,America/Chicago,37.621899,-97.268204
IAD,KIAD,Washington Dulles International Airport,Dulles,US,America/New_York,38.9445,-77.455803
IAG,KIAG,Niagara Falls International Airport,Niagara Falls,US,America/New_York,43.1073,-78.946198
IAH,KIAH,George Bush Intercontinental Airport,Houston,US,America/Chicago,29.9844,-95.3414
ICT,KICT,Wichita Dwight D. Eisenhower National Airport,Wichita,US,America/Chicago,37.650314,-97.428583
IDA,KIDA,Idaho Falls Regional Airport,Idaho Falls,US,America/Boise,43.514599,-112.070999
IFP,KIFP,Laughlin Bullhead International Airport,Bullhead City,US,America/Phoenix,35.154726,-114.559322
IGM,KIGM,Kingman Airport,Kingman,US,America/Phoenix,35.259499,-113.938004
IKK,KIKK,Greater Kankakee Airport,Kankakee,US,America/Chicago,41.07139968869999,-87.8462982178
ILG,KILG,Wilmington Airport,Wilmington,US,America/New_York,39.678699,-75.606499
ILM,KILM,Wilmington International Airport,Wilmington,US,America/New_York,34.272345,-77.905117
ILN,KILN,Wilmington Airpark,Wilmington,US,America/New_York,39.427898407,-83.792098999
IMT,KIMT,Ford Airport,Kingsford,US,America/Chicago,45.81911,-88.114557
IND,KIND,Indianapolis International Airport,Indianapolis,US,America/New_York,39.7173,-86.294403
INK,KINK,Winkler County Airport,Wink,US,America/Chicago,31.779600143399996,-103.200996399
INL,KINL,Falls International Airport,International Falls,US,America/Chicago,48.566200256347656,-93.4030990600586
INT,KINT,Smith Reynolds Airport,Winston Salem,US,America/New_York,36.13370132446289,-80.22200012207031
INW,KINW,Winslow Lindbergh Regional Airport,Winslow,US,America/Phoenix,35.021900177,-110.722999573
IPL,KIPL,Imperial County Airport,Imperial,US,America/Los_Angeles,32.83539,-115.574026
IPT,KIPT,Williamsport Regional Airport,Williamsport,US,America/New_York,41.242126,-76.92245
IRK,KIRK,Kirksville Regional Airport,Kirksville,US,America/Chicago,40.09349822998047,-92.5448989868164
ISM,KISM,Kissimmee Gateway Airport,Orlando,US,America/New_York,28.2898006439,-81.4371032715
ISO,KISO,Kinston Regional Jetport At Stallings Field,Kinston,US,America/New_York,35.331401825,-77.60880279540001
ISP,KISP,Long Island MacArthur Airport,Islip,US,America/New_York,40.796324,-73.101703
ITH,KITH,Ithaca Tompkins Regional Airport,Ithaca,US,America/New_York,42.49100112915039,-76.4583969116211
AZA,KIWA,Mesa Gateway Airport,Mesa,US,America/Phoenix,33.3078,-111.654999
JAC,KJAC,Jackson Hole Airport,Jackson,US,America/Denver,43.6073,-110.737999
JAN,KJAN,Jackson-Medgar Wiley Evers International Airport,Jackson,US,America/Chicago,32.311199,-90.075897
JAX,KJAX,Jacksonville International Airport,Jacksonville,US,America/New_York,30.492469,-81.687813
JBR,KJBR,Jonesboro Municipal Airport,Jonesboro,US,America/Chicago,35.83169937133789,-90.64640045166016
JCT,KJCT,Kimble County Airport,Junction,US,America/Chicago,30.5112991333,-99.7634963989
JFK,KJFK,John F. Kennedy International Airport,New York,US,America/New_York,40.639447,-73.779317
JHW,KJHW,Chautauqua County-Jamestown Airport,Jamestown,US,America/New_York,42.15425,-79.254008
JLN,KJLN,Joplin Regional Airport,Joplin,US,America/Chicago,37.151798,-94.498299
JMS,KJMS,Jamestown Regional Airport,Jamestown,US,America/Chicago,46.92969894,-98.67819977
USA,KJQF,Concord-Padgett Regional Airport,Concord,US,America/New_York,35.387798,-80.709099
JST,KJST,John Murtha Johnstown Cambria County Airport,Johnstown,US,America/New_York,40.31610107421875,-78.83390045166016
JXN,KJXN,Jackson County Airport/Reynolds Field,Jackson,US,America/Detroit,42.260509,-84.463019
KLS,KKLS,Southwest Washington Regional Airport,Kelso,US,America/Los_Angeles,46.11800003049999,-122.898002625
LAA,KLAA,Southeast Colorado Regional Airport,Lamar,US,America/Denver,38.066407,-102.691373
LAF,KLAF,Purdue University Airport,West Lafayette,US,America/New_York,40.412875,-86.939363
LAL,KLAL,Lakeland Linder International Airport,Lakeland,US,America/New_York,27.989267,-82.020715
LAN,KLAN,Capital Region International Airport,Lansing,US,America/Detroit,42.777582,-84.585721
LAR,KLAR,Laramie Regional Airport,Laramie,US,America/Denver,41.31209945678711,-105.67500305175781
LAS,KLAS,Harry Reid International Airport,Las Vegas,US,America/Los_Angeles,36.083361,-115.151817
LAW,KLAW,Lawton Fort Sill Regional Airport,Lawton,US,America/Chicago,34.567699,-98.416603
LAX,KLAX,Los Angeles International Airport,Los Angeles,US,America/Los_Angeles,33.942501,-118.407997
LBB,KLBB,Lubbock Preston Smith International Airport,Lubbock,US,America/Chicago,33.663601,-101.822998
LBE,KLBE,Arnold Palmer Regional Airport,Latrobe,US,America/New_York,40.275902,-79.4048
LBF,KLBF,North Platte Regional Airport Lee Bird Field,North Platte,US,America/Chicago,41.12620163,-100.6839981
LBL,KLBL,Liberal Mid-America Regional Airport,Liberal,US,America/Chicago,37.0442009,-100.9599991
LBT,KLBT,Lumberton Regional Airport,Lumberton,US,America/New_York,34.610773,-79.05943
LJN,KLBX,Texas Gulf Coast Regional Airport,Angleton,US,America/Chicago,29.108601,-95.462097
LCH,KLCH,Lake Charles Regional Airport,Lake Charles,US,America/Chicago,30.126100540161133,-93.22329711914062
LCK,KLCK,Rickenbacker International Airport,Columbus,US,America/New_York,39.813801,-82.927803
LEB,KLEB,Lebanon Municipal Airport,Lebanon,US,America/New_York,43.626098632799994,-72.30419921880001
LEE,KLEE,Leesburg International Airport,Leesburg,US,America/New_York,28.82309914,-81.80870056
LEX,KLEX,Blue Grass Airport,Lexington,US,America/New_York,38.035066,-84.606738
LFI,KLFI,Langley Air Force Base,Hampton,US,America/New_York,37.082901,-76.360497
LFK,KLFK,Angelina County Airport,Lufkin,US,America/Chicago,31.2339992523,-94.75
LFT,KLFT,Lafayette Regional Airport,Lafayette,US,America/Chicago,30.205299,-91.987602
LGA,KLGA,LaGuardia Airport,New York,US,America/New_York,40.777199,-73.872597
LGB,KLGB,Long Beach International Airport,Long Beach,US,America/Los_Angeles,33.816523,-118.149891
LGU,KLGU,Logan-Cache Airport,Logan,US,America/Denver,41.7911987305,-111.851997375
LIT,KLIT,Bill & Hillary Clinton National Airport/Adams Field,Little Rock,US,America/Chicago,34.729222,-92.223591
LMT,KLMT,Crater Lake-Klamath Regional Airport,Klamath Falls,US,America/Los_Angeles,42.156101,-121.733002
LND,KLND,Hunt Field,Lander,US,America/Denver,42.815201,-108.730003
LNK,KLNK,Lincoln Airport,Lincoln,US,America/Chicago,40.844882,-96.76178
LNS,KLNS,Lancaster Airport,Lancaster,US,America/New_York,40.121700286865234,-76.29609680175781
LOL,KLOL,Derby Field,Lovelock,US,America/Los_Angeles,40.0663986206,-118.565002441
LOU,KLOU,Bowman Field,Louisville,US,America/New_York,38.2280006409,-85.6636962891
LOZ,KLOZ,London-Corbin Airport/Magee Field,London,US,America/New_York,37.0821990967,-84.08489990230001
LRD,KLRD,Laredo International Airport,Laredo,US,America/Chicago,27.5438,-99.461601
LRF,KLRF,Little Rock Air Force Base,Jacksonville,US,America/Chicago,34.916900634799994,-92.14969635010002
LRU,KLRU,Las Cruces International Airport,Las Cruces,US,America/Denver,32.289398,-106.921997
LSE,KLSE,La Crosse Regional Airport,La Crosse,US,America/Chicago,43.879002,-91.256699
LSF,KLSF,Lawson Army Air Field,Fort Benning,US,America/New_York,32.332546,-84.988003
LSV,KLSV,Nellis Air Force Base,Las Vegas,US,America/Los_Angeles,36.2361984253,-115.033996582
LTS,KLTS,Altus Air Force Base,Altus,US,America/Chicago,34.667099,-99.266701
LUF,KLUF,Luke Air Force Base,Glendale,US,America/Phoenix,33.535,-112.383003
LUK,KLUK,Cincinnati Municipal Airport Lunken Field,Cincinnati,US,America/New_York,39.102357,-84.418945
LVM,KLVM,Mission Field,Livingston,US,America/Denver,45.6994018555,-110.447998047
LVS,KLVS,Las Vegas Municipal Airport,Las Vegas,US,America/Denver,35.654202,-105.141998
LWB,KLWB,Greenbrier Valley Airport,Lewisburg,US,America/New_York,37.857914,-80.400438
LWM,KLWM,Lawrence Municipal Airport,Lawrence,US,America/New_York,42.717201232899995,-71.1233978271
LWS,KLWS,Lewiston Nez Perce County Airport,Lewiston,US,America/Los_Angeles,46.3745002746582,-117.01499938964844
LWT,KLWT,Lewistown Municipal Airport,Lewistown,US,America/Denver,47.048429,-109.466143
LYH,KLYH,Lynchburg Regional Airport - Preston Glenn Field,Lynchburg,US,America/New_York,37.326698,-79.200401
MAF,KMAF,Midland International Air and Space Port,Midland,US,America/Chicago,31.942499,-102.202003
MBG,KMBG,Mobridge Municipal Airport,Mobridge,US,America/Chicago,45.54650116,-100.4079971
MBS,KMBS,MBS International Airport,Freeland,US,America/New_York,43.533181,-84.083104
MCB,KMCB,McComb-Pike County Airport / John E Lewis Field,McComb,US,America/Chicago,31.178499,-90.471901
MCC,KMCC,McClellan Airfield,Sacramento,US,America/Los_Angeles,38.667599,-121.401001
MCE,KMCE,Merced Regional Macready Field,Merced,US,America/Los_Angeles,37.284698,-120.514
MCF,KMCF,MacDill Air Force Base,Tampa,US,America/New_York,27.8493,-82.521202
MCI,KMCI,Kansas City International Airport,Kansas City,US,America/Chicago,39.301699,-94.713893
MCK,KMCK,McCook Ben Nelson Regional Airport,McCook,US,America/Chicago,40.207787,-100.592794
MCN,KMCN,Middle Georgia Regional Airport,Macon,US,America/New_York,32.69279861450195,-83.64920043945312
MCO,KMCO,Orlando International Airport,Orlando,US,America/New_York,28.429399490356445,-81.30899810791016
MCW,KMCW,Mason City Municipal Airport,Mason City,US,America/Chicago,43.159801,-93.329716
MDH,KMDH,Southern Illinois Airport,Murphysboro,US,America/Chicago,37.778099,-89.251999
MDT,KMDT,Harrisburg International Airport,Harrisburg,US,America/New_York,40.192838,-76.762333
MDW,KMDW,Chicago Midway International Airport,Chicago,US,America/Chicago,41.785999,-87.752403
MEI,KMEI,Key Field / Meridian Regional Airport,Meridian,US,America/Chicago,32.3326,-88.7519
MEM,KMEM,Memphis International Airport,Memphis,US,America/Chicago,35.043845,-89.97634
MER,KMER,Castle Airport,Merced,US,America/Los_Angeles,37.38050079,-120.5680008
MFD,KMFD,Mansfield Lahm Regional Airport,Mansfield,US,America/New_York,40.82139968869999,-82.5166015625
MFE,KMFE,McAllen Miller International Airport,McAllen,US,America/Chicago,26.176141,-98.237965
MFR,KMFR,Rogue Valley International-Medford Airport,Medford,US,America/Los_Angeles,42.374199,-122.873001
MGC,KMGC,Michigan City Municipal Airport,Michigan City,US,America/Chicago,41.7033,-86.821198
MGE,KMGE,Dobbins Air Reserve Base,Marietta,US,America/New_York,33.915401,-84.516296
MGM,KMGM,Montgomery Regional (Dannelly Field) Airport,Montgomery,US,America/Chicago,32.300598,-86.393997
MGW,KMGW,Morgantown Municipal Airport Walter L. (Bill) Hart Field,Morgantown,US,America/New_York,39.643305,-79.917598
MHK,KMHK,Manhattan Regional Airport,Manhattan,US,America/Chicago,39.14099884033203,-96.6707992553711
MHR,KMHR,Sacramento Mather Airport,Sacramento,US,America/Los_Angeles,38.554744,-121.297989
MHT,KMHT,Manchester-Boston Regional Airport,Manchester,US,America/New_York,42.932598,-71.435699
MHV,KMHV,Mojave Air &  Space Port,Mojave,US,America/Los_Angeles,35.056391,-118.145342
MIA,KMIA,Miami International Airport,Miami,US,America/New_York,25.796011,-80.289751
MIB,KMIB,Minot Air Force Base,Minot,US,America/Chicago,48.4156,-101.358002
MIE,KMIE,Delaware County Johnson Field,Muncie,US,America/Indiana/Indianapolis,40.242298,-85.395897
MIV,KMIV,Millville Municipal Airport,Millville,US,America/New_York,39.367802,-75.072197
MKC,KMKC,Charles B. Wheeler Downtown Airport,Kansas City,US,America/Chicago,39.123199,-94.592796
MKE,KMKE,General Mitchell International Airport,Milwaukee,US,America/Chicago,42.947201,-87.896599
MKG,KMKG,Muskegon County Airport,Muskegon,US,America/New_York,43.169498,-86.238197
MKL,KMKL,McKellar-Sipes Regional Airport,Jackson,US,America/Chicago,35.599899,-88.915604
MLB,KMLB,Melbourne Orlando International Airport,Melbourne,US,America/New_York,28.102009,-80.641088
MLC,KMLC,Mc Alester Regional Airport,Mc Alester,US,America/Chicago,34.882401,-95.783501
MLI,KMLI,Quad City International Airport,Moline,US,America/Chicago,41.448502,-90.5075
MLS,KMLS,Miles City Airport - Frank Wiley Field,Miles City,US,America/Denver,46.427268,-105.885372
MLU,KMLU,Monroe Regional Airport,Monroe,US,America/Chicago,32.510899,-92.037697
MMT,KMMT,Mc Entire Joint National Guard Base,Eastover,US,America/New_York,33.92079926,-80.80130005
MMU,KMMU,Morristown Municipal Airport,Morristown,US,America/New_York,40.799062,-74.414949
MOB,KMOB,Mobile Regional Airport,Mobile,US,America/Chicago,30.6912,-88.242798
MOD,KMOD,Modesto City Co-Harry Sham Field,Modesto,US,America/Los_Angeles,37.625801,-120.954002
MOT,KMOT,Minot International Airport,Minot,US,America/Chicago,48.25801,-101.279123
MPV,KMPV,Edward F Knapp State Airport,Barre/Montpelier,US,America/New_York,44.20349884,-72.56230164
MQY,KMQY,Smyrna Airport,Smyrna,US,America/Chicago,36.0089988708,-86.5201034546
MRB,KMRB,Eastern WV Regional Airport/Shepherd Field,Martinsburg,US,America/New_York,39.40190125,-77.98459625
MRY,KMRY,Monterey Regional Airport,Monterey,US,America/Los_Angeles,36.586777,-121.844183
MSL,KMSL,Northwest Alabama Regional Airport,Muscle Shoals,US,America/Chicago,34.745123,-87.612981
MSN,KMSN,Dane County Regional Truax Field,Madison,US,America/Chicago,43.1399,-89.337502
MSO,KMSO,Missoula Montana Airport,Missoula,US,America/Denver,46.915816,-114.091107
MSP,KMSP,Minneapolis–Saint Paul International Airport / Wold–Chamberlain Field,Minneapolis,US,America/Chicago,44.880081,-93.221741
MSS,KMSS,Massena International Airport Richards Field,Massena,US,America/New_York,44.936157,-74.844304
MSY,KMSY,Louis Armstrong New Orleans International Airport,New Orleans,US,America/Chicago,29.993401,-90.264673
MTC,KMTC,Selfridge Air National Guard Base Airport,Mount Clemens,US,America/Detroit,42.613463,-82.836919
MTH,KMTH,Florida Keys Marathon International Airport,Marathon,US,America/New_York,24.726006,-81.05138
MTJ,KMTJ,Montrose Regional Airport,Montrose,US,America/Denver,38.5098,-107.893997
MTN,KMTN,Martin State Airport,Baltimore,US,America/New_York,39.325699,-76.413803
MUI,KMUI,Muir Army Air Field (Fort Indiantown Gap) Airport,Fort Indiantown Gap(Annville),US,America/New_York,40.435214,-76.568661
MUO,KMUO,Mountain Home Air Force Base,Mountain Home,US,America/Denver,43.043598,-115.872002
MWA,KMWA,Veterans Airport of Southern Illinois,Marion,US,America/Chicago,37.751208,-89.016568
MWH,KMWH,Grant County International Airport,Moses Lake,US,America/Los_Angeles,47.20769882,-119.3199997
MWL,KMWL,Mineral Wells Regional Airport,Mineral Wells,US,America/Chicago,32.781601,-98.060204
MXF,KMXF,Maxwell Air Force Base,Montgomery,US,America/Chicago,32.3829,-86.365799
MYL,KMYL,McCall Municipal Airport,McCall,US,America/Boise,44.888837,-116.101112
MYR,KMYR,Myrtle Beach International Airport,Myrtle Beach,US,America/New_York,33.679699,-78.928299
MYV,KMYV,Yuba County Airport,Marysville,US,America/Los_Angeles,39.09780121,-121.5699997
NBG,KNBG,New Orleans NAS JRB/Alvin Callender Field,New Orleans,US,America/Chicago,29.82530022,-90.03500366
NEL,KNEL,Lakehurst Maxfield Field Airport,Lakehurst,US,America/New_York,40.03329849,-74.353302
NEW,KNEW,Lakefront Airport,New Orleans,US,America/Chicago,30.042400360107,-90.028297424316
NFL,KNFL,Fallon Naval Air Station,Fallon,US,America/Los_Angeles,39.41659927,-118.7009964
FWH,KNFW,NAS Fort Worth JRB / Carswell Field,Fort Worth,US,America/Chicago,32.769199,-97.441498
NGP,KNGP,Naval Air Station Corpus Christi Truax Field,Corpus Christi,US,America/Chicago,27.6926,-97.2911
NGU,KNGU,Norfolk Naval Station (Chambers Field),Norfolk,US,America/New_York,36.937599,-76.289299
NHK,KNHK,Patuxent River Naval Air Station (Trapnell Field),Patuxent River,US,America/New_York,38.285999,-76.411797
NIP,KNIP,Jacksonville Naval Air Station (Towers Field),Jacksonville,US,America/New_York,30.2358,-81.680603
NJK,KNJK,El Centro NAF Airport (Vraciu Field),El Centro,US,America/Los_Angeles,32.829201,-115.671996
NKX,KNKX,Miramar Marine Corps Air Station - Mitscher Field,San Diego,US,America/Los_Angeles,32.86840057,-117.1429977
NLC,KNLC,Lemoore Naval Air Station (Reeves Field) Airport,Lemoore,US,America/Los_Angeles,36.33300018,-119.9520035
NPA,KNPA,Naval Air Station Pensacola Forrest Sherman Field,Pensacola,US,America/Chicago,30.352699,-87.318604
NQA,KNQA,Millington-Memphis Airport,Millington,US,America/Chicago,35.356701,-89.8703
NQI,KNQI,Kingsville Naval Air Station,Kingsville,US,America/Chicago,27.5072002411,-97.8097000122
NQX,KNQX,Naval Air Station Key West/Boca Chica Field,Key West,US,America/New_York,24.57579994,-81.68890381
NRB,KNRB,Naval Station Mayport / Admiral David L McDonald Field,Jacksonville,US,America/New_York,30.3911,-81.424698
NSE,KNSE,Whiting Field Naval Air Station - North,Milton,US,America/Chicago,30.7241993,-87.02189636
NTD,KNTD,Point Mugu Naval Air Station (Naval Base Ventura Co),Point Mugu,US,America/Los_Angeles,34.120300293,-119.121002197
NTU,KNTU,Oceana Naval Air Station,Virginia Beach,US,America/New_York,36.820702,-76.033501
NUQ,KNUQ,Moffett Federal Airfield,Mountain View,US,America/Los_Angeles,37.4161,-122.049004
NUW,KNUW,Whidbey Island Naval Air Station (Ault Field),Oak Harbor,US,America/Los_Angeles,48.351799,-122.655998
NYG,KNYG,Quantico Marine Corps Airfield / Turner Field,Quantico,US,America/New_York,38.501701,-77.305298
YUM,KNYL,Yuma International Airport / Marine Corps Air Station Yuma,Yuma,US,America/Phoenix,32.650938,-114.609375
NZY,KNZY,North Island Naval Air Station-Halsey Field,San Diego,US,America/Los_Angeles,32.69919968,-117.2149963
OAJ,KOAJ,Albert J Ellis Airport,Richlands,US,America/New_York,34.829201,-77.612099
OAK,KOAK,San Francisco Bay Oakland International Airport,Oakland,US,America/Los_Angeles,37.720085,-122.221184
OFF,KOFF,Offutt Air Force Base,Omaha,US,America/Chicago,41.119307,-95.90851
OFK,KOFK,Karl Stefan Memorial Airport,Norfolk,US,America/Chicago,41.985500335693,-97.435096740723
OGB,KOGB,Orangeburg Municipal Airport,Orangeburg,US,America/New_York,33.456798553467,-80.859497070312
OGD,KOGD,Ogden Hinckley Airport,Ogden,US,America/Denver,41.195899963379,-112.0120010376
OGS,KOGS,Ogdensburg International Airport,Ogdensburg,US,America/New_York,44.6819,-75.4655
OCN,KOKB,Oceanside Municipal Airport,Oceanside,US,America/Los_Angeles,33.217947,-117.351683
OKC,KOKC,OKC Will Rogers World Airport,Oklahoma City,US,America/Chicago,35.393388,-97.598248
OLF,KOLF,L M Clayton Airport,Wolf Point,US,America/Denver,48.094501,-105.574997
OLM,KOLM,Olympia Regional Airport,Olympia,US,America/Los_Angeles,46.969399,-122.903
OLS,KOLS,Nogales International Airport,Nogales,US,America/Phoenix,31.4177,-110.848
OLU,KOLU,Columbus Municipal Airport,Columbus,US,America/Chicago,41.448145,-97.340174
OMA,KOMA,Eppley Airfield,Omaha,US,America/Chicago,41.3032,-95.894096
ONO,KONO,Ontario Municipal Airport,Oregon,US,America/Denver,44.0198,-117.013289
ONP,KONP,Newport Municipal Airport,Newport,US,America/Los_Angeles,44.580399,-124.057999
ONT,KONT,Ontario International Airport,Ontario,US,America/Los_Angeles,34.056,-117.600998
OPF,KOPF,Miami-Opa Locka Executive Airport,Miami,US,America/New_York,25.907,-80.278397
NCO,KOQU,Quonset State Airport,North Kingstown,US,America/New_York,41.597099304199,-71.412101745605
ORD,KORD,Chicago O'Hare International Airport,Chicago,US,America/Chicago,41.9786,-87.9048
ORF,KORF,Norfolk International Airport,Norfolk,US,America/New_York,36.895341,-76.201
ORH,KORH,Worcester Regional Airport,Worcester,US,America/New_York,42.2673,-71.875702
ORL,KORL,Orlando Executive Airport,Orlando,US,America/New_York,28.5455,-81.332901
ESD,KORS,Orcas Island Airport,Eastsound,US,America/Los_Angeles,48.708199,-122.910004
OSH,KOSH,Wittman Regional Airport,Oshkosh,US,America/Chicago,43.98440170288086,-88.55699920654297
OSU,KOSU,The Ohio State University Airport - Don Scott Field,Columbus,US,America/New_York,40.0798,-83.072998
OTH,KOTH,Southwest Oregon Regional Airport,North Bend,US,America/Los_Angeles,43.41709899902344,-124.24600219726562
OTM,KOTM,Ottumwa Regional Airport,Ottumwa,US,America/Chicago,41.106368,-92.449837
OWB,KOWB,Owensboro Daviess County Airport,Owensboro,US,America/Chicago,37.74010086,-87.16680145
OWD,KOWD,Norwood Memorial Airport,Norwood,US,America/New_York,42.1904983521,-71.1728973389
OCE,KOXB,Ocean City Municipal Airport,Ocean City,US,America/New_York,38.310398,-75.124001
OXR,KOXR,Oxnard Airport,Oxnard,US,America/Los_Angeles,34.200801849365,-119.20700073242
OZR,KOZR,Cairns AAF (Fort Rucker) Air Field,Fort Rucker/Ozark,US,America/Chicago,31.27569962,-85.71340179
PAE,KPAE,Seattle Paine Field International Airport,Everett,US,America/Los_Angeles,47.9063,-122.281998
PAH,KPAH,Barkley Regional Airport,Paducah,US,America/Chicago,37.06079864501953,-88.7738037109375
PAM,KPAM,Tyndall Air Force Base,Panama City,US,America/New_York,30.069599,-85.575401
PAO,KPAO,Palo Alto Airport,Palo Alto,US,America/Los_Angeles,37.461102,-122.114998
PBF,KPBF,"Pine Bluff Regional Airport, Grider Field",Pine Bluff,US,America/Chicago,34.174121,-91.935643
PBG,KPBG,Plattsburgh International Airport,Plattsburgh,US,America/New_York,44.650902,-73.468102
PBI,KPBI,Palm Beach International Airport,West Palm Beach,US,America/New_York,26.683201,-80.095596
PDK,KPDK,DeKalb Peachtree Airport,Atlanta,US,America/New_York,33.87633,-84.30213
PDT,KPDT,Eastern Oregon Regional Airport at Pendleton,Pendleton,US,America/Los_Angeles,45.695099,-118.841003
PDX,KPDX,Portland International Airport,Portland,US,America/Los_Angeles,45.588699,-122.598
PGA,KPGA,Page Municipal Airport,Page,US,America/Phoenix,36.924234,-111.447716
PGD,KPGD,Punta Gorda Airport,Punta Gorda,US,America/New_York,26.9202,-81.990501
PGV,KPGV,Pitt-Greenville Airport,Greenville,US,America/New_York,35.635535,-77.384262
PHF,KPHF,Newport News Williamsburg International Airport,Newport News,US,America/New_York,37.131901,-76.492996
PHL,KPHL,Philadelphia International Airport,Philadelphia,US,America/New_York,39.871899,-75.241096
PHX,KPHX,Phoenix Sky Harbor International Airport,Phoenix,US,America/Phoenix,33.435302,-112.005905
PIA,KPIA,General Wayne A. Downing Peoria International Airport,Peoria,US,America/Chicago,40.663841,-89.692631
PIB,KPIB,Hattiesburg Laurel Regional Airport,Moselle,US,America/Chicago,31.4671,-89.337097
PIE,KPIE,St. Petersburg Clearwater International Airport,Pinellas Park,US,America/New_York,27.9102,-82.687401
PIH,KPIH,Pocatello Regional Airport,Pocatello,US,America/Denver,42.9098014831543,-112.59600067138672
PIR,KPIR,Pierre Regional Airport,Pierre,US,America/Chicago,44.38270187,-100.2860031
PIT,KPIT,Pittsburgh International Airport,Pittsburgh,US,America/New_York,40.491501,-80.232903
PKB,KPKB,Mid Ohio Valley Regional Airport,Parkersburg (Williamstown),US,America/New_York,39.3451,-81.439201
PLN,KPLN,Pellston Regional Airport of Emmet County Airport,Pellston,US,America/Detroit,45.57089996,-84.79669952
PMD,KPMD,Palmdale Regional Airport / USAF Plant 42 Airport,Palmdale,US,America/Los_Angeles,34.629398,-118.084999
PWY,KPNA,Ralph Wenz Field,Pinedale,US,America/Denver,42.79550171,-109.8069992
PNC,KPNC,Ponca City Regional Airport,Ponca City,US,America/Chicago,36.73199844,-97.09980011
PNE,KPNE,Northeast Philadelphia Airport,Philadelphia,US,America/New_York,40.082406,-75.010614
PNS,KPNS,Pensacola International Airport,Pensacola,US,America/Chicago,30.472718,-87.186639
POB,KPOB,Pope Field,Fort Bragg,US,America/New_York,35.170898,-79.014503
POE,KPOE,Polk Army Air Field,Fort Polk,US,America/Chicago,31.0447998,-93.1917038
POU,KPOU,Dutchess County Airport,Poughkeepsie,US,America/New_York,41.6265983581543,-73.88420104980469
PQI,KPQI,Presque Isle International Airport,Presque Isle,US,America/New_York,46.688999,-68.0448
PRB,KPRB,Paso Robles Municipal Airport,Paso Robles,US,America/Los_Angeles,35.67290115,-120.6269989
PRC,KPRC,Prescott Regional Airport - Ernest A. Love Field,Prescott,US,America/Phoenix,34.653502,-112.419883
PRX,KPRX,Cox Field,Paris,US,America/Chicago,33.636600494385,-95.450798034668
PSC,KPSC,Tri Cities Airport,Pasco,US,America/Los_Angeles,46.264702,-119.119003
PSM,KPSM,Portsmouth International Airport at Pease,Portsmouth,US,America/New_York,43.0779,-70.823303
PSP,KPSP,Palm Springs International Airport,Palm Springs,US,America/Los_Angeles,33.8297,-116.507004
PTK,KPTK,Oakland County International Airport,Pontiac,US,America/New_York,42.665500640869,-83.420097351074
PUB,KPUB,Pueblo Memorial Airport,Pueblo,US,America/Denver,38.289101,-104.497002
PUW,KPUW,Pullman-Moscow Regional Airport,Pullman,US,America/Los_Angeles,46.741601,-117.11163
PVD,KPVD,Rhode Island T. F. Green International Airport,Providence/Warwick,US,America/New_York,41.725038,-71.425668
PVU,KPVU,Provo Municipal Airport,Provo,US,America/Denver,40.218894,-111.722445
PWK,KPWK,Chicago Executive Airport,Chicago/Prospect Heights/Wheeling,US,America/Chicago,42.114222,-87.901494
PWM,KPWM,Portland International Jetport,Portland,US,America/New_York,43.646198,-70.309303
PWT,KPWT,Bremerton National Airport,Bremerton,US,America/Los_Angeles,47.490200042725,-122.76499938965
RAL,KRAL,Riverside Municipal Airport,Riverside,US,America/Los_Angeles,33.9519,-117.445
RAP,KRAP,Rapid City Regional Airport,Rapid City,US,America/Denver,44.0452995300293,-103.05699920654297
RBL,KRBL,Red Bluff Municipal Airport,Red Bluff,US,America/Los_Angeles,40.1506996155,-122.251998901
RCA,KRCA,Ellsworth Air Force Base,Rapid City,US,America/Denver,44.14500046,-103.1039963
RDD,KRDD,Redding Municipal Airport,Redding,US,America/Los_Angeles,40.50899887,-122.2929993
RDG,KRDG,Reading Regional Airport (Carl A Spaatz Field),Reading,US,America/New_York,40.378502,-75.965202
RDM,KRDM,Roberts Field,Redmond,US,America/Los_Angeles,44.254101,-121.150002
RDR,KRDR,Grand Forks Air Force Base,Grand Forks,US,America/Chicago,47.961101532,-97.4011993408
RDU,KRDU,Raleigh-Durham International Airport,Raleigh/Durham,US,America/New_York,35.878659,-78.7873
RFD,KRFD,Chicago Rockford International Airport,Chicago/Rockford,US,America/Chicago,42.1954,-89.097198
RHI,KRHI,Rhinelander Oneida County Airport,Rhinelander,US,America/Chicago,45.63119888305664,-89.46749877929688
RIC,KRIC,Richmond International Airport,Richmond,US,America/New_York,37.505199,-77.319702
RIL,KRIL,Garfield County Regional Airport,Rifle,US,America/Denver,39.526299,-107.726997
RIV,KRIV,March Air Reserve Base,Riverside,US,America/Los_Angeles,33.880699,-117.259003
RIW,KRIW,Central Wyoming Regional Airport,Riverton,US,America/Denver,43.064201,-108.459999
RKD,KRKD,Knox County Regional Airport,Rockland,US,America/New_York,44.060101,-69.099197
RKS,KRKS,Southwest Wyoming Regional Airport,Rock Springs,US,America/Denver,41.5942,-109.065001
RME,KRME,Griffiss International Airport,Rome,US,America/New_York,43.23379898,-75.40699768
RMG,KRMG,Richard B Russell Airport,Rome,US,America/New_York,34.3506011963,-85.15799713130001
RND,KRND,Randolph Air Force Base,Universal City,US,America/Chicago,29.529699,-98.2789
RNH,KRNH,New Richmond Regional Airport,New Richmond,US,America/Chicago,45.1483,-92.538101
RNO,KRNO,Reno Tahoe International Airport,Reno,US,America/Los_Angeles,39.4991,-119.767998
ROA,KROA,Roanoke–Blacksburg Regional Airport,Roanoke,US,America/New_York,37.3255,-79.975403
ROC,KROC,Frederick Douglass Greater Rochester International Airport,Rochester,US,America/New_York,43.1189,-77.672401
ROW,KROW,Roswell Air Center Airport,Roswell,US,America/Denver,33.301601,-104.530998
RSL,KRSL,Russell Municipal Airport,Russell,US,America/Chicago,38.872100830078,-98.811798095703
RST,KRST,Rochester International Airport,Rochester,US,America/Chicago,43.908298,-92.5
RSW,KRSW,Southwest Florida International Airport,Fort Myers,US,America/New_York,26.534685,-81.752816
RUT,KRUT,Rutland - Southern Vermont Regional Airport,Rutland,US,America/New_York,43.5294,-72.9496
RVS,KRVS,Tulsa Riverside Airport,Tulsa,US,America/Chicago,36.0396,-95.984596
RWF,KRWF,Redwood Falls Municipal Airport,Redwood Falls,US,America/Chicago,44.547199,-95.082298
RWI,KRWI,Rocky Mount Wilson Regional Airport,Rocky Mount,US,America/New_York,35.8563,-77.891899
RWL,KRWL,Rawlins Municipal Airport/Harvey Field,Rawlins,US,America/Denver,41.80559921,-107.1999969
SAC,KSAC,Sacramento Executive Airport,Sacramento,US,America/Los_Angeles,38.5125007629,-121.492996216
SAF,KSAF,Santa Fe Municipal Airport,Santa Fe,US,America/Denver,35.6171,-106.088997
SAN,KSAN,San Diego International Airport,San Diego,US,America/Los_Angeles,32.733601,-117.190002
SAT,KSAT,San Antonio International Airport,San Antonio,US,America/Chicago,29.533701,-98.469803
SAV,KSAV,Savannah Hilton Head International Airport,Savannah,US,America/New_York,32.126591,-81.19998
MQT,KSAW,Marquette/Sawyer International Airport,Gwinn,US,America/New_York,46.351498,-87.395884
SBA,KSBA,Santa Barbara Municipal Airport,Santa Barbara,US,America/Los_Angeles,34.426201,-119.839996
SBD,KSBD,San Bernardino International Airport,San Bernardino,US,America/Los_Angeles,34.096717,-117.236596
SBN,KSBN,South Bend International Airport,South Bend,US,America/Indiana/Indianapolis,41.708304,-86.316922
SBP,KSBP,San Luis County Regional Airport,San Luis Obispo,US,America/Los_Angeles,35.236801147499996,-120.641998291
SBY,KSBY,Salisbury Ocean City Wicomico Regional Airport,Salisbury,US,America/New_York,38.34049987792969,-75.51029968261719
SCH,KSCH,Schenectady County Airport,Schenectady,US,America/New_York,42.852500915527,-73.928901672363
SCK,KSCK,Stockton Metropolitan Airport,Stockton,US,America/Los_Angeles,37.893279,-121.238079
SDF,KSDF,Louisville Muhammad Ali International Airport,Louisville,US,America/Kentucky/Louisville,38.1706,-85.735076
SDM,KSDM,Brown Field Municipal Airport,San Diego,US,America/Los_Angeles,32.572639,-116.980019
SDY,KSDY,Sidney - Richland Regional Airport,Sidney,US,America/Denver,47.705141,-104.194422
SEA,KSEA,Seattle–Tacoma International Airport,Seattle,US,America/Los_Angeles,47.447943,-122.310276
SFB,KSFB,Orlando Sanford International Airport,Orlando,US,America/New_York,28.774277,-81.234626
SFF,KSFF,Felts Field,Spokane,US,America/Los_Angeles,47.682899,-117.321925
SFO,KSFO,San Francisco International Airport,San Francisco,US,America/Los_Angeles,37.619806,-122.374821
SGF,KSGF,Springfield Branson National Airport,Springfield,US,America/Chicago,37.245047,-93.388596
SGH,KSGH,Springfield-Beckley Municipal Airport,Springfield,US,America/New_York,39.840301513672,-83.840202331543
UST,KSGJ,Northeast Florida Regional Airport,St Augustine,US,America/New_York,29.9592,-81.339798
SGR,KSGR,Sugar Land Regional Airport,Houston,US,America/Chicago,29.622299194336,-95.65650177002
SGU,KSGU,St George Regional Airport,St George,US,America/Denver,37.036389,-113.510306
SHD,KSHD,Shenandoah Valley Regional Airport,Weyers Cave,US,America/New_York,38.263802,-78.8964
SHR,KSHR,Sheridan County Airport,Sheridan,US,America/Denver,44.76919937133789,-106.9800033569336
SHV,KSHV,Shreveport Regional Airport,Shreveport,US,America/Chicago,32.446602,-93.8256
SJC,KSJC,Norman Y. Mineta San Jose International Airport,San Jose,US,America/Los_Angeles,37.362452,-121.929188
SJT,KSJT,San Angelo Regional Mathis Field,San Angelo,US,America/Chicago,31.35770034790039,-100.49600219726562
SKA,KSKA,Fairchild Air Force Base,Spokane,US,America/Los_Angeles,47.615101,-117.655998
SKF,KSKF,Lackland Air Force Base,San Antonio,US,America/Chicago,29.38419914,-98.58110046
TSM,KSKX,Taos Regional Airport,Taos,US,America/Denver,36.452494,-105.67749
SLC,KSLC,Salt Lake City International Airport,Salt Lake City,US,America/Denver,40.78886,-111.979866
SLE,KSLE,Salem-Willamette Valley Airport/McNary Field,Salem,US,America/Los_Angeles,44.9095,-123.002998
SLK,KSLK,Adirondack Regional Airport,Saranac Lake,US,America/New_York,44.38691,-74.204629
SLN,KSLN,Salina Municipal Airport,Salina,US,America/Chicago,38.79100036621094,-97.6521987915039
SME,KSME,Lake Cumberland Regional Airport,Somerset,US,America/New_York,37.053398132299996,-84.6158981323
SMF,KSMF,Sacramento International Airport,Sacramento,US,America/Los_Angeles,38.6954,-121.591003
SMN,KSMN,Lemhi County Airport,Salmon,US,America/Denver,45.122233,-113.88196
SMO,KSMO,Santa Monica Municipal Airport,Santa Monica,US,America/Los_Angeles,34.0158,-118.450996
SMX,KSMX,Santa Maria Public Airport Captain G Allan Hancock Field,Santa Maria,US,America/Los_Angeles,34.898899,-120.457001
SNA,KSNA,John Wayne Orange County International Airport,Santa Ana,US,America/Los_Angeles,33.675063,-117.869281
SNS,KSNS,Salinas Municipal Airport,Salinas,US,America/Los_Angeles,36.662799835205,-121.60600280762
SNY,KSNY,Sidney Municipal Airport Lloyd W Carr Field,Sidney,US,America/Denver,41.101299,-102.985001
SOW,KSOW,Show Low Regional Airport,Show Low,US,America/Phoenix,34.264062,-110.007091
SPI,KSPI,Abraham Lincoln Capital Airport,Springfield,US,America/Chicago,39.844101,-89.677902
SPS,KSPS,Wichita Falls Municipal Airport / Sheppard Air Force Base,Wichita Falls,US,America/Chicago,33.9888,-98.491898
SQL,KSQL,San Carlos Airport,San Carlos,US,America/Los_Angeles,37.51313,-122.250838
SRQ,KSRQ,Sarasota Bradenton International Airport,Sarasota/Bradenton,US,America/New_York,27.394631,-82.554359
RUI,KSRR,Sierra Blanca Regional Airport,Alto,US,America/Denver,33.462799,-105.535004
SSC,KSSC,Shaw Air Force Base,Sumter,US,America/New_York,33.972698,-80.470596
SSF,KSSF,Stinson Municipal Airport,San Antonio,US,America/Chicago,29.336999893188,-98.471099853516
SSI,KSSI,St Simons Island Airport,St Simons Island,US,America/New_York,31.1518,-81.391296
STC,KSTC,Saint Cloud Regional Airport,Saint Cloud,US,America/Chicago,45.5466,-94.059898
STJ,KSTJ,Rosecrans Memorial Airport,St Joseph,US,America/Chicago,39.771900177002,-94.909698486328
STL,KSTL,St. Louis Lambert International Airport,St Louis,US,America/Chicago,38.748697,-90.370003
STP,KSTP,Saint Paul Downtown Holman Field,Saint Paul,US,America/Chicago,44.93479,-93.060036
STS,KSTS,Charles M. Schulz Sonoma County Airport,Santa Rosa,US,America/Los_Angeles,38.50899887,-122.8130035
SUN,KSUN,Friedman Memorial Airport,Hailey,US,America/Denver,43.50439835,-114.2959976
SUS,KSUS,Spirit of St Louis Airport,St Louis,US,America/Chicago,38.662102,-90.652
SUU,KSUU,Travis Air Force Base,Fairfield,US,America/Los_Angeles,38.262699,-121.927002
SUX,KSUX,Sioux Gateway Airport / Brigadier General Bud Day Field,Sioux City,US,America/Chicago,42.397605,-96.382237
SVC,KSVC,Grant County Airport,Silver City,US,America/Denver,32.636701,-108.154736
SVN,KSVN,Hunter Army Air Field,Savannah,US,America/New_York,32.00999832,-81.14569855
SWF,KSWF,New York Stewart International Airport,Newburgh,US,America/New_York,41.50421,-74.108901
SWO,KSWO,Stillwater Regional Airport,Stillwater,US,America/Chicago,36.162132,-97.085581
SYR,KSYR,Syracuse Hancock International Airport,Syracuse,US,America/New_York,43.11119842529297,-76.1063003540039
SZL,KSZL,Whiteman Air Force Base,Knob Noster,US,America/Chicago,38.730301,-93.547897
TBN,KTBN,Waynesville-St. Robert Regional Airport-Forney Field,Fort Leonard Wood,US,America/Chicago,37.7416,-92.140701
TCC,KTCC,Tucumcari Municipal Airport,Tucumcari,US,America/Denver,35.182800293,-103.602996826
TCL,KTCL,Tuscaloosa National Airport,Tuscaloosa,US,America/Chicago,33.2206,-87.611397
TCM,KTCM,McChord Air Force Base,Tacoma,US,America/Los_Angeles,47.137699,-122.475998
TCS,KTCS,Truth or Consequences Municipal Airport,Truth or Consequences,US,America/Denver,33.2369,-107.272003
TEB,KTEB,Teterboro Airport,Teterboro,US,America/New_York,40.850101,-74.060799
TEX,KTEX,Telluride Regional Airport,Telluride,US,America/Denver,37.9538,-107.907997
TIK,KTIK,Tinker Air Force Base,Oklahoma City,US,America/Chicago,35.4147,-97.386597
TIW,KTIW,Tacoma Narrows Airport,Tacoma,US,America/Los_Angeles,47.267407,-122.577295
TIX,KTIX,Space Coast Regional Airport,Titusville,US,America/New_York,28.514799118042,-80.799201965332
TLH,KTLH,Tallahassee International Airport,Tallahassee,US,America/New_York,30.401209,-84.35433
TMB,KTMB,Miami Executive Airport,Miami,US,America/New_York,25.6479,-80.4328
TOI,KTOI,Troy Municipal Airport at N Kenneth Campbell Field,Troy,US,America/Chicago,31.860399,-86.012101
TOL,KTOL,Eugene F. Kranz Toledo Express Airport,Toledo,US,America/New_York,41.5868,-83.8078
TOP,KTOP,Philip Billard Municipal Airport,Topeka,US,America/Chicago,39.069899,-95.622606
TPA,KTPA,Tampa International Airport,Tampa,US,America/New_York,27.9755,-82.533203
TPH,KTPH,Tonopah Airport,Tonopah,US,America/Los_Angeles,38.06019974,-117.086998
TPL,KTPL,Draughon Miller Central Texas Regional Airport,Temple,US,America/Chicago,31.1525,-97.407799
TRI,KTRI,Tri-Cities Regional TN/VA Airport,Blountville,US,America/New_York,36.475201,-82.407401
TKF,KTRK,Truckee Tahoe Airport,Truckee,US,America/Los_Angeles,39.318628,-120.140562
TRM,KTRM,Jacqueline Cochran Regional Airport,Palm Springs,US,America/Los_Angeles,33.62670135498,-116.16000366211
TTD,KTTD,Portland Troutdale Airport,Portland,US,America/Los_Angeles,45.54940032959,-122.40100097656
TTN,KTTN,Trenton Mercer Airport,Ewing Township,US,America/New_York,40.276699,-74.813499
TUL,KTUL,Tulsa International Airport,Tulsa,US,America/Chicago,36.197084,-95.886225
TUP,KTUP,Tupelo Regional Airport,Tupelo,US,America/Chicago,34.26810073852539,-88.7698974609375
TUS,KTUS,Tucson International Airport,Tucson,US,America/Phoenix,32.115004,-110.938053
TVC,KTVC,Cherry Capital Airport,Traverse City,US,America/New_York,44.741402,-85.582199
TVF,KTVF,Thief River Falls Regional Airport,Thief River Falls,US,America/Chicago,48.065701,-96.184998
TVL,KTVL,Lake Tahoe Airport,South Lake Tahoe,US,America/Los_Angeles,38.89390182495117,-119.99500274658203
TWF,KTWF,Joslin Field Magic Valley Regional Airport,Twin Falls,US,America/Boise,42.4818,-114.487999
TXK,KTXK,Texarkana Regional Airport (Webb Field),Texarkana,US,America/Chicago,33.453701,-93.990997
TYR,KTYR,Tyler Pounds Regional Airport,Tyler,US,America/Chicago,32.35409927368164,-95.40239715576172
TYS,KTYS,McGhee Tyson Airport,Knoxville/Maryville,US,America/New_York,35.811001,-83.994003
UIN,KUIN,Quincy Regional Airport Baldwin Field,Quincy,US,America/Chicago,39.942699,-91.194603
UKI,KUKI,Ukiah Municipal Airport,Ukiah,US,America/Los_Angeles,39.125999,-123.200996
SCE,KUNV,State College Regional Airport,State College,US,America/New_York,40.849374,-77.84852
UOX,KUOX,University Oxford Airport,Oxford,US,America/Chicago,34.384300231934,-89.536796569824
HTV,KUTS,Huntsville Regional Airport,Huntsville,US,America/Chicago,30.7469005585,-95.5871963501
NPT,KUUU,Newport State Airport,Newport,US,America/New_York,41.532207,-71.281039
VAD,KVAD,Moody Air Force Base,Valdosta,US,America/New_York,30.9678001404,-83.1930007935
VBG,KVBG,Vandenberg Space Force Base,Lompoc,US,America/Los_Angeles,34.737301,-120.584
VCT,KVCT,Victoria Regional Airport,Victoria,US,America/Chicago,28.85260009765625,-96.91850280761719
VEL,KVEL,Vernal Regional Airport,Vernal,US,America/Denver,40.436214,-109.511661
VGT,KVGT,North Las Vegas Airport,Las Vegas,US,America/Los_Angeles,36.209074,-115.193982
VIS,KVIS,Visalia Municipal Airport,Visalia,US,America/Los_Angeles,36.318699,-119.392998
VLD,KVLD,Valdosta Regional Airport,Valdosta,US,America/New_York,30.782499313354492,-83.27670288085938
VNY,KVNY,Van Nuys Airport,Van Nuys,US,America/Los_Angeles,34.209801,-118.489998
VOK,KVOK,Volk Field,Camp Douglas,US,America/Chicago,43.938999,-90.253403
VPS,KVPS,Destin-Fort Walton Beach Airport,Valparaiso,US,America/Chicago,30.481315,-86.515839
VPZ,KVPZ,Porter County Municipal Airport,Valparaiso,US,America/Chicago,41.45399857,-87.00710297
VQQ,KVQQ,Cecil Airport,Jacksonville,US,America/New_York,30.2187,-81.876701
VRB,KVRB,Vero Beach Regional Airport,Vero Beach,US,America/New_York,27.6556,-80.417901
VTN,KVTN,Miller Field,Valentine,US,America/Chicago,42.856211,-100.549192
WJF,KWJF,General William J Fox Airfield,Lancaster,US,America/Los_Angeles,34.7411,-118.219002
WMC,KWMC,Winnemucca Municipal Airport,Winnemucca,US,America/Los_Angeles,40.8965988159,-117.805999756
WRB,KWRB,Robins Air Force Base,Warner Robins,US,America/New_York,32.640099,-83.591904
WRI,KWRI,Mc Guire Air Force Base,Wrightstown,US,America/New_York,40.0155983,-74.59169769
WRL,KWRL,Worland Municipal Airport,Worland,US,America/Denver,43.965698,-107.950996
WST,KWST,Westerly State Airport,Westerly,US,America/New_York,41.349602,-71.803398
WWD,KWWD,Cape May County Airport,Wildwood,US,America/New_York,39.008499145500004,-74.9083023071
WWR,KWWR,West Woodward Airport,Woodward,US,America/Chicago,36.438,-99.5226667
KWY,KWY,Kiwayu Airport,Kiwayu,KE,,-1.960644,41.297156
WYS,KWYS,Yellowstone Airport,West Yellowstone,US,America/Denver,44.6884,-111.117996
XNA,KXNA,Northwest Arkansas National Airport,Fayetteville/Springdale/Rogers,US,America/Chicago,36.281898,-94.306801
XWA,KXWA,Williston Basin International Airport,Williston,US,America/Chicago,48.260863,-103.75116
YIP,KYIP,Willow Run Airport,Detroit,US,America/New_York,42.2379,-83.530403
YKM,KYKM,Yakima Air Terminal McAllister Field,Yakima,US,America/Los_Angeles,46.56819916,-120.5439987
YKN,KYKN,Chan Gurney Municipal Airport,Yankton,US,America/Chicago,42.916698455811,-97.385902404785
YNG,KYNG,Youngstown Warren Regional Airport,Youngstown/Warren,US,America/New_York,41.26070023,-80.67910004
ZZV,KZZV,Zanesville Municipal Airport,Zanesville,US,America/New_York,39.9444007874,-81.89209747310001
BOR,LA-0006,Bokeo International Airport,Ton Phueng,LA,,20.323986,100.165392
KFZ,LAKU,Kukës International Airport,Kukës,AL,Europe/Tirane,42.035802,20.415955
TIA,LATI,Tirana International Airport Mother Teresa,Rinas,AL,Europe/Tirane,41.4147,19.7206
BOJ,LBBG,Burgas Airport,Burgas,BG,Europe/Sofia,42.569917,27.515173
GOZ,LBGO,Gorna Oryahovitsa Airport,Gorna Oryahovitsa,BG,Europe/Sofia,43.151402,25.7129
PDV,LBPD,Plovdiv International Airport,Plovdiv,BG,Europe/Sofia,42.067799,24.8508
SOF,LBSF,Sofia Airport,Sofia,BG,Europe/Sofia,42.696357,23.417671
VAR,LBWN,Varna Airport,Varna,BG,Europe/Sofia,43.232101,27.8251
ECN,LCEN,Ercan International Airport,Tymbou (Kirklar),CY,Asia/Nicosia,35.153064,33.507352
GEC,LCGK,Lefkoniko Airport / Geçitkale Air Base,Lefkoniko (Geçitkale),CY,,35.23591,33.720088
LCA,LCLK,Larnaca International Airport,Larnaca,CY,Asia/Nicosia,34.875099,33.624901
PFO,LCPH,Paphos International Airport,Paphos,CY,Asia/Nicosia,34.717999,32.485699
AKT,LCRA,RAF Akrotiri,Akrotiri,CY,Asia/Nicosia,34.590401,32.9879
DBV,LDDU,Dubrovnik Ruđer Bošković Airport,Dubrovnik,HR,Europe/Zagreb,42.562247,18.265543
OSI,LDOS,Osijek Airport,Osijek(Klisa),HR,Europe/Zagreb,45.462355,18.811278
PUY,LDPL,Pula Airport,Pula,HR,Europe/Zagreb,44.893501,13.9222
RJK,LDRI,Rijeka Airport,Rijeka(Omišalj),HR,Europe/Zagreb,45.216376,14.57085
BWK,LDSB,Brač Airport,Gornji Humac,HR,Europe/Zagreb,43.284454,16.678362
SPU,LDSP,Split Saint Jerome Airport,Split,HR,Europe/Zagreb,43.538898,16.298
ZAG,LDZA,Zagreb Franjo Tuđman International Airport,Velika Gorica,HR,Europe/Zagreb,45.742901,16.0688
ZAD,LDZD,Zadar Airport,Zadar,HR,Europe/Zagreb,44.096986,15.353565
ABC,LEAB,Albacete Airport / Los Llanos Air Base,Albacete,ES,Europe/Madrid,38.948502,-1.86352
ALC,LEAL,Alicante-Elche Miguel Hernández Airport,Alicante,ES,Europe/Madrid,38.2822,-0.558156
LEI,LEAM,Almería Airport,Almería,ES,Europe/Madrid,36.843899,-2.3701
OVD,LEAS,Asturias Airport,Ranón,ES,Europe/Madrid,43.563599,-6.03462
ODB,LEBA,Córdoba Airport,Córdoba,ES,Europe/Madrid,37.841999,-4.84888
BIO,LEBB,Bilbao Airport,Bilbao,ES,Europe/Madrid,43.301102,-2.91061
RGS,LEBG,Burgos Airport,Burgos,ES,Europe/Madrid,42.357601,-3.62076
BCN,LEBL,Josep Tarradellas Barcelona-El Prat Airport,Barcelona,ES,Europe/Madrid,41.2971,2.07846
BJZ,LEBZ,Badajoz Airport,Badajoz,ES,Europe/Madrid,38.8913,-6.82133
CDT,LECH,Castellón-Costa Azahar Airport,Castellón de la Plana,ES,Europe/Madrid,40.213889,0.073333
LCG,LECO,A Coruña Airport,Culleredo,ES,Europe/Madrid,43.302101,-8.37726
ILD,LEDA,Lleida-Alguaire Airport,Lleida,ES,Europe/Madrid,41.728185,0.535023
GRO,LEGE,Girona-Costa Brava Airport,Girona,ES,Europe/Madrid,41.904639,2.761774
GRX,LEGR,F.G.L. Airport Granada-Jaén Airport,Granada,ES,Europe/Madrid,37.188702,-3.77736
IBZ,LEIB,Ibiza Airport,Ibiza (Eivissa),ES,Europe/Madrid,38.872898,1.37312
XRY,LEJR,Jerez Airport,Jerez de la Frontera,ES,Europe/Madrid,36.744598,-6.06011
LEN,LELN,León Airport,La Virgen del Camino,ES,Europe/Madrid,42.590709,-5.653406
RJL,LELO,Logroño-Agoncillo Airport,Logroño,ES,Europe/Madrid,42.460953,-2.322235
MAD,LEMD,Adolfo Suárez Madrid–Barajas Airport,Madrid,ES,Europe/Madrid,40.493407,-3.572249
AGP,LEMG,Málaga-Costa del Sol Airport,Málaga,ES,Europe/Madrid,36.6749,-4.49911
MAH,LEMH,Menorca Airport,Mahón (Maó),ES,Europe/Madrid,39.862598,4.21865
RMU,LEMI,Region of Murcia International Airport,Corvera,ES,Europe/Madrid,37.802852,-1.124884
OZP,LEMO,Moron Air Base,Morón,ES,Europe/Madrid,37.17490005493164,-5.615940093994141
PMI,LEPA,Palma de Mallorca Airport,Palma de Mallorca,ES,Europe/Madrid,39.551701,2.73881
PNA,LEPP,Pamplona Airport,Pamplona,ES,Europe/Madrid,42.77,-1.64633
CQM,LERL,Ciudad Real International Airport,Ciudad Real,ES,Europe/Madrid,38.856479,-3.969944
REU,LERS,Reus Airport,Reus,ES,Europe/Madrid,41.147509,1.168354
ROZ,LERT,Rota Naval Station Airport,Rota,ES,Europe/Madrid,36.645198822,-6.34946012497
SLM,LESA,Salamanca Airport,Salamanca,ES,Europe/Madrid,40.952099,-5.50199
EAS,LESO,San Sebastián Airport,Hondarribia,ES,Europe/Madrid,43.356499,-1.79061
SCQ,LEST,Santiago-Rosalía de Castro Airport,Santiago de Compostela,ES,Europe/Madrid,42.896301,-8.41514
LEU,LESU,Pirineus - la Seu d'Urgel Airport,La Seu d'Urgell Pyrenees and Andorra,ES,Europe/Madrid,42.3386,1.40917
TEV,LETL,Teruel Airport,Teruel,ES,Europe/Madrid,40.410269,-1.217366
TOJ,LETO,Madrid–Torrejón Airport / Torrejón Air Base,Madrid,ES,Europe/Madrid,40.487875,-3.456808
VLC,LEVC,Valencia Airport,Valencia,ES,Europe/Madrid,39.489162,-0.480961
VLL,LEVD,Valladolid Airport,Valladolid,ES,Europe/Madrid,41.7061,-4.85194
VIT,LEVT,Vitoria Airport,Alava,ES,Europe/Madrid,42.882801,-2.72447
VGO,LEVX,Vigo Airport,Vigo,ES,Europe/Madrid,42.2318,-8.62677
SDR,LEXJ,Seve Ballesteros-Santander Airport,Santander,ES,Europe/Madrid,43.427101,-3.82001
ZAZ,LEZG,Zaragoza Airport,Zaragoza,ES,Europe/Madrid,41.666199,-1.04155
SVQ,LEZL,Seville Airport,Seville,ES,Europe/Madrid,37.417999,-5.89311
CQF,LFAC,Calais Marck Airport,Calais,FR,Europe/Paris,50.962101,1.95476
LTQ,LFAT,Le Touquet-Côte d'Opale Airport,Le Touquet-Paris-Plage,FR,Europe/Paris,50.518284,1.621656
AGF,LFBA,Agen La Garenne airport,Agen,FR,Europe/Paris,44.174171,0.59309
BOD,LFBD,Bordeaux–Mérignac Airport,Bordeaux,FR,Europe/Paris,44.82865,-0.715356
EGC,LFBE,Bergerac Dordogne-Périgord airport,Bergerac,FR,Europe/Paris,44.825298,0.518611
CNG,LFBG,Cognac-Châteaubernard (BA 709) Air Base,Cognac/Châteaubernard,FR,Europe/Paris,45.658298,-0.3175
LRH,LFBH,La Rochelle Île de Ré Airport,La Rochelle,FR,Europe/Paris,46.179199,-1.19528
PIS,LFBI,Poitiers-Biard Airport,Poitiers/Biard,FR,Europe/Paris,46.5877,0.306666
MCU,LFBK,Montluçon-Guéret Airport,"Lépaud, Creuse",FR,Europe/Paris,46.222599,2.36396
LIG,LFBL,Limoges Airport,Limoges/Bellegarde,FR,Europe/Paris,45.862801,1.17944
NIT,LFBN,Niort - Marais Poitevin Airport,Niort/Souché,FR,Europe/Paris,46.313477,-0.394529
TLS,LFBO,Toulouse-Blagnac Airport,Toulouse/Blagnac,FR,Europe/Paris,43.629101,1.36382
PUF,LFBP,Pau Pyrénées Airport,Pau/Pyrénées (Uzein),FR,Europe/Paris,43.380001,-0.418611
LDE,LFBT,Tarbes-Lourdes-Pyrénées Airport,Tarbes/Lourdes/Pyrénées,FR,Europe/Paris,43.178699,-0.006439
ANG,LFBU,Angoulême Brie-Champniers airport,Angoulême,FR,Europe/Paris,45.729198,0.221456
PGX,LFBX,Périgueux-Bassillac Airport,Périgueux/Bassillac,FR,Europe/Paris,45.198101,0.815556
BIQ,LFBZ,Biarritz Pays Basque airport,Biarritz,FR,Europe/Paris,43.468372,-1.523223
ZAO,LFCC,Cahors Lalbenque airport,Cahors,FR,Europe/Paris,44.351398,1.47528
LBI,LFCI,Albi Le Sequestre airport,Albi,FR,Europe/Paris,43.913898,2.11306
DCM,LFCK,Castres Mazamet Airport,Castres,FR,Europe/Paris,43.556301,2.28918
RDZ,LFCR,Rodez–Aveyron Airport,Rodez/Marcillac,FR,Europe/Paris,44.407902,2.48267
RYN,LFCY,Royan-Médis Airport,Royan/Médis,FR,Europe/Paris,45.628101,-0.9725
RCO,LFDN,Rochefort-Saint-Agnant (BA 721) Airport,Rochefort/Saint-Agnant,FR,Europe/Paris,45.887798,-0.983056
CMR,LFGA,Colmar Houssen airport,Colmar,FR,Europe/Paris,48.109901,7.35901
DLE,LFGJ,Dole Tavaux Airport,Dole,FR,Europe/Paris,47.038955,5.427589
OBS,LFHO,Aubenas-South Ardèche Airport,"Lanas, Ardèche",FR,Europe/Paris,44.544367,4.372194
ETZ,LFJL,Metz-Nancy-Lorraine Airport,Goin,FR,Europe/Paris,48.982101,6.25132
ANE,LFJR,Angers Marcé airport,Angers,FR,Europe/Paris,47.560299,-0.312222
BIA,LFKB,Bastia-Poretta International airport,Bastia,FR,Europe/Paris,42.5527,9.48373
CLY,LFKC,Calvi Sainte Catherine Airport,Calvi,FR,Europe/Paris,42.530422,8.792984
FSC,LFKF,Figari Sud-Corse Airport,Figari,FR,Europe/Paris,41.50185,9.097092
AJA,LFKJ,Ajaccio Napoléon Bonaparte airport,Ajaccio,FR,Europe/Paris,41.923599,8.80292
SOZ,LFKS,Solenzara (BA 126) Air Base,Solenzara,FR,Europe/Paris,41.9244,9.406
AUF,LFLA,Auxerre Branches airport,Auxerre,FR,Europe/Paris,47.850201,3.49711
CMF,LFLB,Chambéry Aix les Bains airport,Chambéry,FR,Europe/Paris,45.6381,5.88023
CFE,LFLC,Clermont-Ferrand Auvergne airport,Clermont-Ferrand,FR,Europe/Paris,45.786701,3.16917
BOU,LFLD,Bourges airport,Bourges,FR,Europe/Paris,47.060158,2.369633
LYS,LFLL,Lyon Saint-Exupéry Airport,"Colombier-Saugnieu, Rhône",FR,Europe/Paris,45.725996,5.090139
SYT,LFLN,Saint-Yan Airport,"L'Hôpital-le-Mercier, Saône-et-Loire",FR,Europe/Paris,46.414019,4.014177
RNE,LFLO,Roanne-Renaison Airport,Saint-Léger-sur-Roanne,FR,Europe/Paris,46.053818,3.999023
NCY,LFLP,Annecy Meythet airport,Annecy,FR,Europe/Paris,45.928947,6.0987
GNB,LFLS,Grenoble Alpes Isère Airport,Grenoble,FR,Europe/Paris,45.3629,5.32937
VAF,LFLU,Valence-Chabeuil Airport,"Chabeuil, Drôme",FR,Europe/Paris,44.9216,4.9699
VHY,LFLV,Vichy-Charmeil Airport,"Charmeil, Allier",FR,Europe/Paris,46.16969,3.403637
AUR,LFLW,Aurillac airport,Aurillac,FR,Europe/Paris,44.891399,2.42194
CHR,LFLX,Châteauroux Déols airport,Châteauroux,FR,Europe/Paris,46.860221,1.728326
LYN,LFLY,Lyon Bron Airport,"Chassieu, Lyon",FR,Europe/Paris,45.727947,4.943991
CEQ,LFMD,Cannes Mandelieu Airport,Cannes,FR,Europe/Paris,43.547998,6.955176
EBU,LFMH,Saint-Étienne-Bouthéon Airport,"Andrézieux-Bouthéon, Loire",FR,Europe/Paris,45.5406,4.29639
CCF,LFMK,Carcassonne Salvaza Airport,Carcassonne,FR,Europe/Paris,43.216,2.30632
MRS,LFML,Marseille Provence Airport,"Marignane, Bouches-du-Rhône",FR,Europe/Paris,43.438088,5.2125
NCE,LFMN,Nice-Côte d'Azur Airport,"Nice, Alpes-Maritimes",FR,Europe/Paris,43.658401,7.21587
PGF,LFMP,Perpignan-Rivesaltes (Llabanère) Airport,Perpignan/Rivesaltes,FR,Europe/Paris,42.740398,2.87067
CTT,LFMQ,Le Castellet Airport,"Le Castellet, Var",FR,Europe/Paris,43.252499,5.78519
MPL,LFMT,Montpellier-Méditerranée Airport,Montpellier/Méditerranée,FR,Europe/Paris,43.576199,3.96301
BZR,LFMU,Béziers Vias airport,Béziers,FR,Europe/Paris,43.323502,3.3539
AVN,LFMV,Avignon Caumont airport,Avignon,FR,Europe/Paris,43.907299,4.90183
MEN,LFNB,Mende-Brenoux Airfield,Mende/Brénoux,FR,Europe/Paris,44.502102,3.53282
BVA,LFOB,Beauvais-Tillé airport,Beauvais,FR,Europe/Paris,49.454399,2.11278
EVX,LFOE,Évreux-Fauville (BA 105) Air Base,"Fauville, Eure",FR,Europe/Paris,49.028702,1.21986
LEH,LFOH,Le Havre-Octeville Airport,Le Havre,FR,Europe/Paris,49.534038,0.088406
XCR,LFOK,Chalons Vatry airport,Chalons en Champagne,FR,Europe/Paris,48.77333,4.20611
URO,LFOP,Rouen Vallée de Seine Airport,Boos,FR,Europe/Paris,49.384887,1.179142
TUF,LFOT,Tours Val de Loire Airport,"Tours, Indre-et-Loire",FR,Europe/Paris,47.432201,0.727606
LVA,LFOV,Laval-Entrammes Airport,"Laval, Mayenne",FR,Europe/Paris,48.032208,-0.743999
LBG,LFPB,Paris-Le Bourget International Airport,Paris,FR,Europe/Paris,48.962276,2.436539
CSF,LFPC,Creil Air Base,Creil,FR,Europe/Paris,49.253502,2.51914
CDG,LFPG,Charles de Gaulle International Airport,"Paris (Roissy-en-France, Val-d'Oise)",FR,Europe/Paris,49.00896,2.554117
TNF,LFPN,Toussus-le-Noble Airport,"Toussus-le-Noble, Yvelines",FR,Europe/Paris,48.7519,2.10619
ORY,LFPO,Paris-Orly Airport,"Paris (Orly, Val-de-Marne)",FR,Europe/Paris,48.729499,2.358963
POX,LFPT,Pontoise-Cormeilles Aerodrome,"Cormeilles-en-Vexin, Val-d'Oise",FR,Europe/Paris,49.096064,2.035543
VIY,LFPV,Vélizy-Villacoublay Air Base,"Vélizy-Villacoublay, Yvelines",FR,Europe/Paris,48.774406,2.203102
NVS,LFQG,Nevers-Fourchambault Airport,"Marzy, Nièvre",FR,Europe/Paris,47.002913,3.113114
LIL,LFQQ,Lille Airport,Lesquin,FR,Europe/Paris,50.566564,3.102429
HZB,LFQT,Merville-Calonne Airport,"Merville, Nord",FR,Europe/Paris,50.618401,2.64224
BES,LFRB,Brest Bretagne airport,Brest,FR,Europe/Paris,48.447899,-4.41854
CER,LFRC,Cherbourg Manche airport,Cherbourg,FR,Europe/Paris,49.650101,-1.47028
DNR,LFRD,Dinard Pleurtuit Saint-Malo airport,Dinard,FR,Europe/Paris,48.5877,-2.07996
LBY,LFRE,La Baule-Escoublac Airport,La Baule-Escoublac,FR,Europe/Paris,47.289398,-2.34639
GFR,LFRF,Granville Airport,"Bréville-sur-Mer, Manche",FR,Europe/Paris,48.883099,-1.56417
DOL,LFRG,Deauville Normandie airport,Deauville,FR,Europe/Paris,49.365237,0.154481
LRT,LFRH,Lorient South Brittany (Bretagne Sud) Airport,Lorient/Lann/Bihoué,FR,Europe/Paris,47.760601,-3.44
EDM,LFRI,La Roche-sur-Yon Les Ajoncs Airport,La Roche-sur-Yon,FR,Europe/Paris,46.7019,-1.37863
LDV,LFRJ,Landivisiau Air Base,Landivisiau,FR,Europe/Paris,48.5303,-4.15164
CFR,LFRK,Caen Carpiquet airport,Caen,FR,Europe/Paris,49.17678,-0.454883
LME,LFRM,Le Mans-Arnage Airport,"Le Mans, Sarthe",FR,Europe/Paris,47.948604,0.201702
RNS,LFRN,Rennes-Saint-Jacques Airport,"Saint-Jacques-de-la-Lande, Ille-et-Vilaine",FR,Europe/Paris,48.0695,-1.73479
LAI,LFRO,Lannion Airport,Lannion,FR,Europe/Paris,48.754398,-3.47166
UIP,LFRQ,Quimper-Cornouaille Airport,Quimper/Pluguffan,FR,Europe/Paris,47.973031,-4.169655
NTE,LFRS,Nantes Atlantique Airport,Nantes,FR,Europe/Paris,47.153198,-1.61073
SBK,LFRT,Saint-Brieuc-Armor Airport,"Trémuson, Côtes-d'Armor",FR,Europe/Paris,48.538628,-2.853518
MXN,LFRU,Morlaix-Ploujean Airport,Morlaix/Ploujean,FR,Europe/Paris,48.6031990051,-3.81577992439
VNE,LFRV,Vannes-Meucon Airport,Vannes/Meucon,FR,Europe/Paris,47.723301,-2.71856
SNR,LFRZ,Saint-Nazaire-Montoir Airport,Saint-Nazaire/Montoir,FR,Europe/Paris,47.31142,-2.152634
BSL,LFSB,EuroAirport Basel–Mulhouse–Freiburg,Bâle / Mulhouse,FR,Europe/Paris,47.60068,7.521117
DIJ,LFSD,Dijon Longvic airport,Dijon,FR,Europe/Paris,47.268902,5.09
EPL,LFSG,Épinal Mirecourt Airport,Épinal,FR,Europe/Paris,48.325001,6.06998
BVE,LFSL,Brive Souillac airport,Brive,FR,Europe/Paris,45.039722,1.485556
ENC,LFSN,Nancy-Essey Airport,"Tomblaine, Meurthe-et-Moselle",FR,Europe/Paris,48.692101,6.23046
SXB,LFST,Strasbourg Airport,Strasbourg,FR,Europe/Paris,48.5383,7.62823
TLN,LFTH,Toulon-Hyères Airport,"Hyères, Var",FR,Europe/Paris,43.097301,6.14603
FNI,LFTW,Nîmes-Arles-Camargue Airport,Nîmes/Garons,FR,Europe/Paris,43.757401,4.41635
FSP,LFVP,Saint-Pierre Pointe-Blanche Airport,Saint-Pierre,PM,America/Miquelon,46.762651,-56.17499
PYR,LGAD,Andravida Air Base,Andravida,GR,Europe/Athens,37.9207,21.292601
AXD,LGAL,Alexandroupoli Democritus Airport,Alexandroupolis,GR,Europe/Athens,40.8559,25.956301
ATH,LGAV,Athens Eleftherios Venizelos International Airport,Spata-Artemida,GR,Europe/Athens,37.936401,23.9445
VOL,LGBL,Nea Anchialos National Airport,Nea Anchialos,GR,Europe/Athens,39.219601,22.7943
JKH,LGHI,Chios Island National Airport,Chios Island,GR,Europe/Athens,38.34320068359375,26.140600204467773
IOA,LGIO,Ioannina King Pyrrhus National Airport,Ioannina,GR,Europe/Athens,39.6964,20.8225
HER,LGIR,Heraklion International Nikos Kazantzakis Airport,Heraklion,GR,Europe/Athens,35.339699,25.1803
EFL,LGKF,Kefallinia Airport,Kefallinia Island,GR,Europe/Athens,38.12009811401367,20.500499725341797
KLX,LGKL,Kalamata Airport,Kalamata,GR,Europe/Athens,37.06829833984375,22.02549934387207
KGS,LGKO,"Kos International Airport ""Ippokratis""",Kos Island,GR,Europe/Athens,36.794523,27.09115
AOK,LGKP,Karpathos Airport,Karpathos Island,GR,Europe/Athens,35.421398,27.146
CFU,LGKR,Corfu Ioannis Kapodistrias International Airport,Kerkyra (Corfu),GR,Europe/Athens,39.60145,19.912179
KVA,LGKV,Kavala Alexander the Great International Airport,Kavala,GR,Europe/Athens,40.9133,24.6192
KZI,LGKZ,Kozani National Airport Filippos,Kozani,GR,Europe/Athens,40.286098,21.840799
JMK,LGMK,Mykonos Island National Airport,Mykonos,GR,Europe/Athens,37.435101,25.348101
MJT,LGMT,Mytilene International Airport,Mytilene,GR,Europe/Athens,39.057406,26.598629
PVK,LGPZ,Aktion National Airport,Preveza,GR,Europe/Athens,38.925499,20.765301
RHO,LGRP,"Rhodes International Airport ""Diagoras""",Rhodes,GR,Europe/Athens,36.405399,28.086201
GPA,LGRX,Patras Araxos Agamemnon Airport,Patras,GR,Europe/Athens,38.1511,21.4256
CHQ,LGSA,Chania International Airport,Souda,GR,Europe/Athens,35.531207,24.150673
JSI,LGSK,Skiathos Island National Airport,Skiathos,GR,Europe/Athens,39.177101,23.5037
SMI,LGSM,Samos Airport,Samos Island,GR,Europe/Athens,37.689999,26.911699
JTR,LGSR,Santorini International Airport,Santorini Island,GR,Europe/Athens,36.400045,25.478638
JSH,LGST,Sitia Airport,Crete Island,GR,Europe/Athens,35.21609878540039,26.101299285888672
SKG,LGTS,Thessaloniki Macedonia International Airport,Thessaloniki,GR,Europe/Athens,40.51928,22.970009
ZTH,LGZA,Zakynthos International Airport Dionysios Solomos,Zakynthos,GR,Europe/Athens,37.7509,20.8843
BUD,LHBP,Budapest Liszt Ferenc International Airport,Budapest,HU,Europe/Budapest,47.43018,19.262393
DEB,LHDC,Debrecen International Airport,Debrecen,HU,Europe/Budapest,47.489469,21.616278
PEV,LHPP,Pécs-Pogány International Airport,Pécs,HU,Europe/Budapest,45.988891,18.242044
SOB,LHSM,Hévíz–Balaton Airport,Sármellék,HU,Europe/Budapest,46.686391,17.159084
CRV,LIBC,Crotone Sant'Anna Pythagoras Airport,Isola di Capo Rizzuto (KR),IT,Europe/Rome,38.9972,17.0802
BRI,LIBD,Bari Karol Wojtyła International Airport,Bari,IT,Europe/Rome,41.138901,16.760599
FOG,LIBF,Foggia Gino Lisa Airport,Foggia (FG),IT,Europe/Rome,41.433596,15.534566
TAR,LIBG,Taranto-Grottaglie Marcello Arlotta Airport,Grottaglie,IT,Europe/Rome,40.517502,17.4032
LCC,LIBN,Lecce Galatina Air Base / Galatina Fortunato Cesari Airport,Galatina (LE),IT,Europe/Rome,40.239201,18.133301
PSR,LIBP,Abruzzo Airport,Pescara,IT,Europe/Rome,42.431079,14.182981
BDS,LIBR,Brindisi Airport,Brindisi,IT,Europe/Rome,40.6576,17.947001
SUF,LICA,Lamezia Terme Sant'Eufemia International Airport,Lamezia Terme (CZ),IT,Europe/Rome,38.906214,16.246007
CIY,LICB,Comiso Airport,Comiso,IT,Europe/Rome,36.99583,14.60889
CTA,LICC,Catania-Fontanarossa Airport,Catania,IT,Europe/Rome,37.466801,15.0664
LMP,LICD,Lampedusa Airport,Lampedusa,IT,Europe/Rome,35.497898,12.6181
PNL,LICG,Pantelleria Airport,Pantelleria (TP),IT,Europe/Rome,36.816502,11.9689
PMO,LICJ,Falcone–Borsellino Airport,Palermo,IT,Europe/Rome,38.175999,13.091
REG,LICR,Reggio Calabria Airport,Reggio Calabria,IT,Europe/Rome,38.071201,15.6516
TPS,LICT,Vincenzo Florio Airport Trapani-Birgi,Trapani (TP),IT,Europe/Rome,37.9114,12.488
AHO,LIEA,Alghero-Fertilia Airport,Alghero,IT,Europe/Rome,40.632099,8.29077
DCI,LIED,Decimomannu Air Base,Decimomannu,IT,Europe/Rome,39.354198,8.97248
CAG,LIEE,Cagliari Elmas Airport,Cagliari,IT,Europe/Rome,39.251499,9.05428
OLB,LIEO,Olbia Costa Smeralda Airport,Olbia (SS),IT,Europe/Rome,40.898953,9.518457
MXP,LIMC,Milan Malpensa International Airport,Ferno (VA),IT,Europe/Rome,45.6306,8.72811
BGY,LIME,Il Caravaggio International Airport,Orio al Serio (BG),IT,Europe/Rome,45.669362,9.708851
TRN,LIMF,Turin Airport,Caselle Torinese (TO),IT,Europe/Rome,45.200802,7.64963
GOA,LIMJ,Genoa Cristoforo Colombo Airport,Genova (GE),IT,Europe/Rome,44.412039,8.840732
LIN,LIML,Milano Linate Airport,Segrate (MI),IT,Europe/Rome,45.445099,9.27674
PMF,LIMP,Parma Airport,Parma (PR),IT,Europe/Rome,44.826351,10.29705
AOT,LIMW,Aosta Corrado Gex Airport,Saint-Christophe (AO),IT,Europe/Rome,45.738552,7.3683
CUF,LIMZ,Cuneo International Airport,Levaldigi (CN),IT,Europe/Rome,44.547458,7.623045
AVB,LIPA,Aviano Air Base,Aviano (PN),IT,Europe/Rome,46.031898,12.596503
BZO,LIPB,Bolzano Airport,Bolzano (BZ),IT,Europe/Rome,46.459245,11.326125
BLQ,LIPE,Bologna Guglielmo Marconi Airport,Bologna,IT,Europe/Rome,44.5354,11.2887
TSF,LIPH,Treviso Airport,Treviso (TV),IT,Europe/Rome,45.648399,12.1944
FRL,LIPK,Forlì-Luigi Ridolfi International Airport,Forlì (FC),IT,Europe/Rome,44.194801,12.0701
VBS,LIPO,Brescia Gabriele d'Annunzio Airport,Montichiari (BS),IT,Europe/Rome,45.428902,10.3306
TRS,LIPQ,Trieste Airport,Ronchi dei Legionari/Trieste,IT,Europe/Rome,45.827862,13.466672
RMI,LIPR,Federico Fellini International Airport,Rimini (RN),IT,Europe/Rome,44.020024,12.612198
VRN,LIPX,Verona Villafranca Valerio Catullo Airport,Caselle (VR),IT,Europe/Rome,45.394955,10.887303
AOI,LIPY,Marche Airport,Falconara Marittima (AN),IT,Europe/Rome,43.616299,13.3623
VCE,LIPZ,Venice Marco Polo Airport,Venezia (VE),IT,Europe/Rome,45.505299,12.3519
CIA,LIRA,Ciampino–G. B. Pastine International Airport,Rome,IT,Europe/Rome,41.798769,12.595331
FCO,LIRF,Rome–Fiumicino Leonardo da Vinci International Airport,Rome,IT,Europe/Rome,41.804532,12.251998
QSR,LIRI,Salerno Costa d'Amalfi Airport,Salerno,IT,Europe/Rome,40.620399,14.9113
EBA,LIRJ,Marina di Campo Airport,Campo nell'Elba (LI),IT,Europe/Rome,42.760871,10.239811
NAP,LIRN,Naples International Airport,Napoli,IT,Europe/Rome,40.886002,14.2908
PSA,LIRP,Pisa International Airport,Pisa (PI),IT,Europe/Rome,43.683899,10.3927
FLR,LIRQ,"Florence Airport, Peretola",Firenze (FI),IT,Europe/Rome,43.808558,11.202822
GRS,LIRS,Grosseto Corrado Baccarini Air Base / Grosseto Airport,Grosseto (GR),IT,Europe/Rome,42.759701,11.0719
PEG,LIRZ,Perugia San Francesco d'Assisi – Umbria International Airport,Perugia (PG),IT,Europe/Rome,43.095901,12.5132
LJU,LJLJ,Ljubljana Jože Pučnik Airport,Zgornji Brnik,SI,Europe/Ljubljana,46.223701,14.4576
MBX,LJMB,Maribor Edvard Rusjan Airport,Maribor,SI,Europe/Ljubljana,46.4799,15.6861
POW,LJPZ,Portorož Airport,Sečovlje,SI,Europe/Ljubljana,45.47201,13.615951
JCL,LKCS,České Budějovice South Bohemian Airport,České Budějovice,CZ,Europe/Prague,48.948171,14.42832
UHE,LKKU,Kunovice Airport,Uherské Hradiště,CZ,Europe/Prague,49.0294,17.439699
KLV,LKKV,Karlovy Vary Airport,Karlovy Vary,CZ,Europe/Prague,50.202999,12.915
OSR,LKMT,Leoš Janáček Airport Ostrava,Mošnov,CZ,Europe/Prague,49.696301,18.111099
PED,LKPD,Pardubice Airport,Pardubice,CZ,Europe/Prague,50.015049,15.73981
PRV,LKPO,Přerov Air Base,Přerov,CZ,Europe/Prague,49.4258,17.404699
PRG,LKPR,Václav Havel Airport Prague,Prague,CZ,Europe/Prague,50.100874,14.259911
BRQ,LKTB,Brno-Tuřany Airport,Brno,CZ,Europe/Prague,49.151276,16.693972
VOD,LKVO,Vodochody Airport,Vodochody,CZ,Europe/Prague,50.216599,14.3958
TLV,LLBG,Ben Gurion International Airport,Tel Aviv,IL,Asia/Jerusalem,32.011398,34.8867
ETM,LLER,Ramon International Airport,Eilat,IL,Asia/Jerusalem,29.727009,35.014116
HFA,LLHA,Uri Michaeli Haifa International Airport,Haifa,IL,Asia/Jerusalem,32.810219,35.043719
RPN,LLIB,Rosh Pina Airport,Rosh Pina,IL,Asia/Jerusalem,32.980999,35.571899
MTZ,LLMZ,Bar Yehuda Airfield,Masada,IL,Asia/Jerusalem,31.328199,35.388599
VTM,LLNV,Nevatim Air Base,Beersheba,IL,Asia/Jerusalem,31.208299636799996,35.012298584
MLA,LMML,Malta International Airport,Valletta,MT,Europe/Malta,35.845932,14.491546
GRZ,LOWG,Graz Airport,Feldkirchen bei Graz,AT,Europe/Vienna,46.9911,15.4396
INN,LOWI,Innsbruck Airport,Innsbruck,AT,Europe/Vienna,47.260201,11.344
KLU,LOWK,Klagenfurt Airport,Klagenfurt am Wörthersee,AT,Europe/Vienna,46.642502,14.3377
LNZ,LOWL,Linz-Hörsching Airport,Linz,AT,Europe/Vienna,48.235362,14.188128
SZG,LOWS,Salzburg Airport,Salzburg,AT,Europe/Vienna,47.793301,13.0043
VIE,LOWW,Vienna International Airport,Vienna,AT,Europe/Vienna,48.110298,16.5697
SMA,LPAZ,Santa Maria Airport,Vila do Porto,PT,Atlantic/Azores,36.97140121459961,-25.17060089111328
BGC,LPBG,Bragança Airport,Bragança,PT,Europe/Lisbon,41.8578,-6.70713
BYJ,LPBJ,Beja Airport / Airbase,Beja,PT,Europe/Lisbon,38.078899,-7.9324
CAT,LPCS,Cascais Airport,Cascais,PT,Europe/Lisbon,38.724998,-9.35523
FLW,LPFL,Flores Airport,Santa Cruz das Flores,PT,Atlantic/Azores,39.455299377441406,-31.131399154663086
FAO,LPFR,Faro - Gago Coutinho International Airport,Faro,PT,Europe/Lisbon,37.015909,-7.970939
GRW,LPGR,Graciosa Airport,Santa Cruz da Graciosa,PT,Atlantic/Azores,39.092201232910156,-28.029800415039062
HOR,LPHR,Horta Airport,Horta,PT,Atlantic/Azores,38.519901275634766,-28.715900421142578
TER,LPLA,Lajes Airport,Praia da Vitória,PT,Atlantic/Azores,38.761799,-27.090799
FNC,LPMA,Cristiano Ronaldo International Airport,Funchal,PT,Europe/Lisbon,32.697812,-16.774613
PDL,LPPD,João Paulo II Airport,Ponta Delgada,PT,Atlantic/Azores,37.7411994934,-25.6979007721
PIX,LPPI,Pico Airport,Pico Island,PT,Atlantic/Azores,38.554298,-28.441299
PRM,LPPM,Portimão Airport,Portimão,PT,Europe/Lisbon,37.1493,-8.58396
OPO,LPPR,Francisco de Sá Carneiro Airport,Porto,PT,Europe/Lisbon,41.2481002808,-8.68138980865
PXO,LPPS,Porto Santo Airport,Vila Baleira,PT,Europe/Lisbon,33.0733985901,-16.3500003815
LIS,LPPT,Lisbon Humberto Delgado Airport,Lisbon,PT,Europe/Lisbon,38.7813,-9.13592
SJZ,LPSJ,São Jorge Airport,Velas,PT,Atlantic/Azores,38.665501,-28.1758
VRL,LPVR,Vila Real Airport,Vila Real,PT,Europe/Lisbon,41.2743,-7.72047
VSE,LPVZ,Aerodromo Goncalves Lobato (Viseu Airport),Viseu,PT,Europe/Lisbon,40.725498,-7.88899
BNX,LQBK,Banja Luka International Airport,Mahovljani,BA,Europe/Sarajevo,44.941399,17.297501
OMO,LQMO,Mostar International Airport,Mostar,BA,Europe/Sarajevo,43.282489,17.846101
SJJ,LQSA,Sarajevo International Airport,Sarajevo,BA,Europe/Sarajevo,43.8246,18.331499
TZL,LQTZ,Tuzla International Airport,Dubrave Gornje,BA,Europe/Sarajevo,44.459858,18.723627
ARW,LRAR,Arad International Airport,Arad,RO,Europe/Bucharest,46.176136,21.264322
BCM,LRBC,Bacău George Enescu International  Airport,Bacău,RO,Europe/Bucharest,46.5219,26.910299
BAY,LRBM,Maramureș International Airport,Tăuții-Măgherăuș,RO,Europe/Bucharest,47.658444,23.464445
BBU,LRBS,Bucharest Băneasa Aurel Vlaicu International Airport,Bucharest,RO,Europe/Bucharest,44.503133,26.102944
GHV,LRBV,Brașov-Ghimbav International Airport,Brașov (Ghimbav),RO,Europe/Bucharest,45.70558,25.522871
CND,LRCK,Mihail Kogălniceanu International Airport,Constanța,RO,Europe/Bucharest,44.362202,28.4883
CLJ,LRCL,Avram Iancu Cluj International Airport,Cluj-Napoca,RO,Europe/Bucharest,46.786042,23.685733
CSB,LRCS,Caransebeş Airport,Caransebeş,RO,Europe/Bucharest,45.420142,22.252507
CRA,LRCV,Craiova International Airport,Craiova,RO,Europe/Bucharest,44.3181,23.888599
IAS,LRIA,Iaşi International Airport,Iaşi,RO,Europe/Bucharest,47.179633,27.621431
OMR,LROD,Oradea International Airport,Oradea,RO,Europe/Bucharest,47.025299,21.9025
OTP,LROP,Bucharest Henri Coandă International Airport,Otopeni,RO,Europe/Bucharest,44.571792,26.103285
SBZ,LRSB,Sibiu International Airport,Sibiu,RO,Europe/Bucharest,45.785841,24.086666
SUJ,LRSM,Satu Mare International Airport,Satu Mare,RO,Europe/Bucharest,47.7033,22.8857
SCV,LRSV,Suceava Ștefan cel Mare International Airport,Suceava,RO,Europe/Bucharest,47.6875,26.354099
TCE,LRTC,Tulcea Danube Delta Airport,Mihail Kogălniceanu,RO,Europe/Bucharest,45.0625,28.7143
TGM,LRTM,Târgu Mureş Transilvania International Airport,Recea,RO,Europe/Bucharest,46.467701,24.4125
TSR,LRTR,Timișoara Traian Vuia International Airport,Timişoara,RO,Europe/Bucharest,45.809898,21.3379
GVA,LSGG,Geneva International Airport,Geneva,CH,Europe/Zurich,46.238098,6.10895
SIR,LSGS,Sion Airport,Sion,CH,Europe/Zurich,46.219166,7.326944
EML,LSME,Emmen Air Base,Emmen,CH,Europe/Zurich,47.092444,8.305184
VIP,LSMP,Payerne Air Base,Payerne,CH,Europe/Zurich,46.8432,6.91506
LUG,LSZA,Lugano Airport,Agno,CH,Europe/Zurich,46.004299,8.91058
BRN,LSZB,Bern Airport,Bern,CH,Europe/Zurich,46.912736,7.498819
ZRH,LSZH,Zürich Airport,Zurich,CH,Europe/Zurich,47.458056,8.548056
ACH,LSZR,Sankt Gallen Altenrhein Airport,St. Gallen,CH,Europe/Zurich,47.485001,9.56077
SMV,LSZS,Engadin Airport,Samedan,CH,Europe/Zurich,46.5341,9.88411
ESB,LTAC,Esenboğa International Airport,Ankara,TR,Europe/Istanbul,40.128101,32.995098
ANK,LTAD,Etimesgut Air Base,Ankara,TR,Europe/Istanbul,39.949798584,32.6885986328
ADA,LTAF,Adana Şakirpaşa Airport,Seyhan,TR,Europe/Istanbul,36.982201,35.280399
UAB,LTAG,İncirlik Air Base,Sarıçam,TR,Europe/Istanbul,37.002102,35.4259
AFY,LTAH,Afyon Air Base,Afyonkarahisar,TR,Europe/Istanbul,38.726398,30.601101
AYT,LTAI,Antalya International Airport,Antalya,TR,Europe/Istanbul,36.898701,30.800501
GZT,LTAJ,Gaziantep Oğuzeli International Airport,Gaziantep,TR,Europe/Istanbul,36.947201,37.478699
KFS,LTAL,Kastamonu Airport,Kastamonu,TR,Europe/Istanbul,41.314201,33.795799
KYA,LTAN,Konya Airport,Konya,TR,Europe/Istanbul,37.979,32.561901
ONQ,LTAS,Zonguldak Çaycuma Airport,Zonguldak,TR,Europe/Istanbul,41.506401,32.0886
MLX,LTAT,Malatya Erhaç Airport,Malatya,TR,Europe/Istanbul,38.435298919699996,38.0909996033
ASR,LTAU,Kayseri Erkilet International Airport,Kayseri,TR,Europe/Istanbul,38.770401,35.495399
TJK,LTAW,Tokat Airport,Tokat,TR,Europe/Istanbul,40.32472,36.39056
DNZ,LTAY,Çardak Airport,Denizli,TR,Europe/Istanbul,37.7855987549,29.7012996674
NAV,LTAZ,Nevşehir Kapadokya Airport,Nevşehir,TR,Europe/Istanbul,38.7719,34.5345
ISL,LTBA,İstanbul Atatürk Airport,Istanbul(Bakırköy),TR,Europe/Istanbul,40.971913,28.823714
BZI,LTBF,Balıkesir Airport,Balıkesir,TR,Europe/Istanbul,39.619301,27.926001
BDM,LTBG,Bandırma Airport,Bandırma,TR,Europe/Istanbul,40.318001,27.977699
CKZ,LTBH,Çanakkale Airport,Çanakkale,TR,Europe/Istanbul,40.1376991272,26.4267997742
ESK,LTBI,Eskişehir Air Base,Eskişehir,TR,Europe/Istanbul,39.7841,30.5821
ADB,LTBJ,Adnan Menderes International Airport,Gaziemir,TR,Europe/Istanbul,38.2924,27.157
IGL,LTBL,Çiğli Airbase,Çiğli,TR,Europe/Istanbul,38.513,27.010099
USQ,LTBO,Uşak Airport,Uşak,TR,Europe/Istanbul,38.681499,29.471701
KCO,LTBQ,Cengiz Topel Airport,Kartepe,TR,Europe/Istanbul,40.735001,30.0833
YEI,LTBR,Bursa Yenişehir Airport,Yenişehir,TR,Europe/Istanbul,40.255199,29.562599
DLM,LTBS,Dalaman International Airport,Dalaman,TR,Europe/Istanbul,36.7131,28.7925
TEQ,LTBU,Tekirdağ Çorlu Airport,Çorlu,TR,Europe/Istanbul,41.138199,27.9191
AOE,LTBY,Hasan Polatkan Airport,Eskişehir,TR,Europe/Istanbul,39.811644,30.519268
EZS,LTCA,Elazığ Airport,Elazığ,TR,Europe/Istanbul,38.597974,39.28348
OGU,LTCB,Ordu–Giresun Airport,Ordu,TR,Europe/Istanbul,40.966872,38.085995
DIY,LTCC,Diyarbakır Airport,Diyarbakır,TR,Europe/Istanbul,37.893902,40.201
ERC,LTCD,Erzincan Airport,Erzincan,TR,Europe/Istanbul,39.7102012634,39.527000427199994
ERZ,LTCE,Erzurum International Airport,Erzurum,TR,Europe/Istanbul,39.956501,41.1702
KSY,LTCF,Kars Airport,Kars,TR,Europe/Istanbul,40.562198638916016,43.1150016784668
TZX,LTCG,Trabzon International Airport,Trabzon,TR,Europe/Istanbul,40.995098,39.7897
VAN,LTCI,Van Ferit Melen Airport,Van,TR,Europe/Istanbul,38.46820068359375,43.332298278808594
BAL,LTCJ,Batman Airport,Batman,TR,Europe/Istanbul,37.929001,41.1166
MSR,LTCK,Muş Airport,Muş,TR,Europe/Istanbul,38.747798919677734,41.66120147705078
SXZ,LTCL,Siirt Airport,Siirt,TR,Europe/Istanbul,37.97890090942383,41.84040069580078
NOP,LTCM,Sinop Airport,Sinop,TR,Europe/Istanbul,42.018313,35.071774
KCM,LTCN,Kahramanmaraş Airport,Kahramanmaraş,TR,Europe/Istanbul,37.5388259888,36.9535217285
AJI,LTCO,Ağrı Airport,Ağrı,TR,Europe/Istanbul,39.655642,43.025742
ADF,LTCP,Adıyaman Airport,Adıyaman,TR,Europe/Istanbul,37.7314,38.468899
MQM,LTCR,Mardin Airport,Mardin,TR,Europe/Istanbul,37.223300933800004,40.6316986084
GNY,LTCS,Şanlıurfa GAP Airport,Şanlıurfa,TR,Europe/Istanbul,37.445663,38.895592
IGD,LTCT,Iğdır Airport,Iğdır,TR,Europe/Istanbul,39.976627,43.876648
NKT,LTCV,Şırnak Şerafettin Elçi Airport,Şırnak,TR,Europe/Istanbul,37.3647,42.0582
YKO,LTCW,Hakkari Yüksekova Airport,Hakkari,TR,Europe/Istanbul,37.5497,44.2381
HTY,LTDA,Hatay Airport,Antakya,TR,Europe/Istanbul,36.36079,36.285589
COV,LTDB,Çukurova International Airport,Tarsus,TR,Europe/Istanbul,36.891478,35.071235
ISE,LTFC,Süleyman Demirel International Airport,Isparta,TR,Europe/Istanbul,37.8554,30.368401
EDO,LTFD,Balıkesir Koca Seyit Airport,Edremit,TR,Europe/Istanbul,39.552533,27.010192
BJV,LTFE,Milas Bodrum International Airport,Bodrum,TR,Europe/Istanbul,37.249314,27.66401
GZP,LTFG,Gazipaşa-Alanya Airport,Gazipaşa,TR,Europe/Istanbul,36.298832,32.297017
SZF,LTFH,Samsun-Çarşamba Airport,Samsun,TR,Europe/Istanbul,41.253988,36.567546
SAW,LTFJ,Istanbul Sabiha Gökçen International Airport,"Pendik, Istanbul",TR,Europe/Istanbul,40.898602,29.3092
IST,LTFM,İstanbul Airport,Istanbul,TR,Europe/Istanbul,41.274874,28.732136
RZV,LTFO,Rize–Artvin Airport,Rize,TR,Europe/Istanbul,41.179766,40.848802
BZY,LUBL,Bălți-Leadoveni International Airport,Bălți,MD,Europe/Chisinau,47.837666,27.781108
RMO,LUKK,Chişinău International Airport,Chişinău,MD,Europe/Chisinau,46.92774,28.931704
OHD,LWOH,Ohrid St. Paul the Apostle Airport,Ohrid,MK,Europe/Skopje,41.18,20.7423
SKP,LWSK,Skopje International Airport,Ilinden,MK,Europe/Skopje,41.958087,21.622581
GIB,LXGB,Gibraltar Airport,Gibraltar,GI,Europe/Madrid,36.151679,-5.34978
BCQ,LY-BCQ,Brak Airport,Brak,LY,,27.653,14.272
BEG,LYBE,Belgrade Nikola Tesla Airport,Belgrade,RS,Europe/Belgrade,44.818401,20.309099
BJY,LYBT,Batajnica Air Base,Zemun,RS,Europe/Belgrade,44.935299,20.2575
KVO,LYKV,Morava Airport,Kraljevo,RS,,43.817519,20.586662
INI,LYNI,Niš Constantine the Great Airport,Niš,RS,Europe/Belgrade,43.336538,21.856242
TGD,LYPG,Podgorica Airport / Podgorica Golubovci Airbase,Podgorica,ME,Europe/Podgorica,42.359402,19.2519
TIV,LYTV,Tivat Airport,Tivat,ME,Europe/Podgorica,42.404701,18.723301
UZC,LYUZ,Ponikve Airport,Stapari,RS,Europe/Belgrade,43.898899,19.697701
LZG,LZG,Langzhong Gucheng Airport,Nanchong (Langzhong),CN,Asia/Shanghai,31.50191,106.034417
BTS,LZIB,M. R. Štefánik Airport,Bratislava,SK,Europe/Bratislava,48.1702,17.2127
KSC,LZKZ,Košice International Airport,Košice,SK,Europe/Bratislava,48.663101,21.2411
PZY,LZPP,Piešťany Airport,Piešťany,SK,Europe/Bratislava,48.62519836425781,17.828399658203125
SLD,LZSL,Sliač Airport,Sliač,SK,Europe/Bratislava,48.63779830932617,19.13409996032715
TAT,LZTT,Poprad-Tatry Airport,Poprad,SK,Europe/Bratislava,49.070994,20.241394
ILZ,LZZI,Žilina-Dolný Hričov Airport,Dolný Hričov,SK,Europe/Bratislava,49.233292,18.613386
GDT,MBGT,JAGS McCartney International Airport,Cockburn Town,TC,America/Grand_Turk,21.4445,-71.142303
NCA,MBNC,North Caicos Airport,North Caicos,TC,America/Grand_Turk,21.916094,-71.942954
PLS,MBPV,Providenciales International Airport,Providenciales,TC,America/Grand_Turk,21.773697,-72.268321
XSC,MBSC,South Caicos Airport,South Caicos,TC,America/Grand_Turk,21.515699,-71.528503
BRX,MDBH,Maria Montez International Airport,Barahona,DO,America/Santo_Domingo,18.25149917602539,-71.12039947509766
CBJ,MDCR,Cabo Rojo Airport,Cabo Rojo,DO,America/Santo_Domingo,17.929000854492188,-71.6447982788086
AZS,MDCY,Samaná El Catey International Airport,Samana,DO,America/Santo_Domingo,19.269259,-69.737405
JBQ,MDJB,La Isabela International Airport,La Isabela,DO,America/Santo_Domingo,18.572500228881836,-69.98560333251953
LRM,MDLR,Casa De Campo International Airport,La Romana,DO,America/Santo_Domingo,18.452222,-68.911111
PUJ,MDPC,Punta Cana International Airport,Punta Cana,DO,America/Santo_Domingo,18.567093,-68.364558
POP,MDPP,Gregorio Luperon International Airport,Puerto Plata,DO,America/Santo_Domingo,19.7579,-70.57
SDQ,MDSD,Las Américas International Airport,Santo Domingo,DO,America/Santo_Domingo,18.42970085144,-69.668899536133
STI,MDST,Cibao International Airport,Santiago,DO,America/Santo_Domingo,19.40406,-70.604431
CBV,MGCB,Coban Airport,Coban,GT,America/Guatemala,15.469,-90.4067
GUA,MGGT,La Aurora International Airport,Guatemala City,GT,America/Guatemala,14.582896,-90.527515
PBR,MGPB,Puerto Barrios Airport,Puerto Barrios,GT,America/Guatemala,15.7309,-88.583801
RUV,MGRB,Rubelsanto Airport,Rubelsanto,GT,America/Guatemala,15.992,-90.445297
RER,MGRT,Retalhuleu Airport,Retalhuleu,GT,America/Guatemala,14.521431,-91.697001
GSJ,MGSJ,San José Airport,Puerto San José,GT,America/Guatemala,13.9362,-90.8358
FRS,MGTK,Mundo Maya International Airport,San Benito,GT,America/Guatemala,16.913707,-89.866143
LCE,MHLC,Golosón International Airport,La Ceiba,HN,America/Tegucigalpa,15.7425,-86.852997
SAP,MHLM,Ramón Villeda Morales International Airport,San Pedro Sula,HN,America/Tegucigalpa,15.4526,-87.923599
GJA,MHNJ,La Laguna Airport,Guanaja,HN,America/Tegucigalpa,16.4454,-85.906601
RTB,MHRO,Juan Manuel Gálvez International Airport,Coxen Hole,HN,America/Tegucigalpa,16.316799,-86.523003
XPL,MHSC,Palmerola International Airport,Palmerola,HN,America/Tegucigalpa,14.3824,-87.621201
TEA,MHTE,Tela Airport,Tela,HN,America/Tegucigalpa,15.7759,-87.4758
TGU,MHTG,Toncontín Airport,Tegucigalpa,HN,America/Tegucigalpa,14.0609,-87.217201
TJI,MHTJ,Trujillo Airport,Trujillo,HN,America/Tegucigalpa,15.926599,-85.938573
OCJ,MKBS,Ian Fleming International Airport,Boscobel,JM,America/Jamaica,18.404079,-76.969754
KIN,MKJP,Norman Manley International Airport,Kingston,JM,America/Jamaica,17.935699462890625,-76.7874984741211
MBJ,MKJS,Sangster International Airport,Montego Bay,JM,America/Jamaica,18.50342,-77.91323
POT,MKKJ,Ken Jones Airport,Ken Jones,JM,America/Jamaica,18.1987991333,-76.53450012210001
KTP,MKTP,Tinson Pen Airport,Tinson Pen,JM,America/Jamaica,17.98859977722168,-76.82379913330078
ACA,MMAA,General Juan N. Álvarez International Airport,Acapulco,MX,America/Mexico_City,16.757126,-99.753113
NTR,MMAN,Del Norte International Airport,Monterrey,MX,America/Mexico_City,25.865601,-100.237
AGU,MMAS,Aguascalientes International Airport,Aguascalientes,MX,America/Mexico_City,21.699589,-102.318372
HUX,MMBT,Bahías de Huatulco International Airport,Huatulco,MX,America/Mexico_City,15.775437,-96.260456
CVJ,MMCB,General Mariano Matamoros International Airport,Temixco,MX,America/Mexico_City,18.833922,-99.261818
ACN,MMCC,Ciudad Acuña International Airport,Ciudad Acuña,MX,America/Mexico_City,29.333662,-101.100555
CME,MMCE,Ciudad del Carmen International Airport,Ciudad del Carmen,MX,America/Mexico_City,18.651516,-91.799355
CUL,MMCL,Bachigualato Federal International Airport,Culiacán,MX,America/Mazatlan,24.76504,-107.475228
CTM,MMCM,Chetumal International Airport,Chetumal,MX,America/Cancun,18.504985,-88.328018
CEN,MMCN,Ciudad Obregón International Airport,Ciudad Obregón,MX,America/Hermosillo,27.39259910583496,-109.83300018310547
CPE,MMCP,Ingeniero Alberto Acuña Ongay International Airport,Campeche,MX,America/Merida,19.815969,-90.500125
CJS,MMCS,Abraham González International Airport,Ciudad Juárez,MX,America/Mazatlan,31.636673,-106.428533
CUU,MMCU,General Roberto Fierro Villalobos International Airport,Chihuahua,MX,America/Mazatlan,28.702649,-105.963764
CVM,MMCV,General Pedro Jose Mendez International Airport,Ciudad Victoria,MX,America/Monterrey,23.7033,-98.956497
CYW,MMCY,Captain Rogelio Castillo National Airport,Celaya,MX,America/Mexico_City,20.545998,-100.886539
CZM,MMCZ,Cozumel International Airport,Cozumel,MX,America/Cancun,20.514922,-86.928538
DGO,MMDO,General Guadalupe Victoria International Airport,Durango,MX,America/Monterrey,24.125468,-104.527938
TPQ,MMEP,Amado Nervo National Airport,Tepic,MX,America/Mazatlan,21.419833,-104.842472
ESE,MMES,Ensenada International Airport / El Ciprés Air Base,Ensenada,MX,America/Tijuana,31.794516,-116.602384
GDL,MMGL,Guadalajara International Airport,Guadalajara,MX,America/Mexico_City,20.523342,-103.310108
GYM,MMGM,General José María Yáñez International Airport,Guaymas,MX,America/Hermosillo,27.9689998626709,-110.92500305175781
HMO,MMHO,General Ignacio L. Pesqueira International Airport,Hermosillo,MX,America/Hermosillo,29.092811,-111.053015
CLQ,MMIA,Licenciado Miguel de la Madrid International Airport,Colima,MX,America/Mexico_City,19.277,-103.577002
SLW,MMIO,Plan de Guadalupe International Airport,Saltillo,MX,America/Monterrey,25.53786,-100.928346
IZT,MMIT,General Antonio Cárdenas Rodríguez National Airport / Ixtepec Air Base,Ixtepec,MX,America/Mexico_City,16.445961,-95.093708
JAL,MMJA,El Lencero Airport,Emiliano Zapata,MX,America/Mexico_City,19.475107,-96.797008
LZC,MMLC,Lázaro Cárdenas Airport,Lázaro Cárdenas,MX,America/Mexico_City,18.001672,-102.220316
LMM,MMLM,Valle del Fuerte International Airport,Los Mochis,MX,America/Mazatlan,25.685503,-109.081159
BJX,MMLO,Guanajuato International Airport,Silao,MX,America/Mexico_City,20.992695,-101.480284
LAP,MMLP,Manuel Márquez de León International Airport,La Paz,MX,America/Mazatlan,24.072331,-110.362662
LTO,MMLT,Loreto International Airport,Loreto,MX,America/Mazatlan,25.989549,-111.348408
MAM,MMMA,General Servando Canales International Airport,Matamoros,MX,America/Mexico_City,25.7698993683,-97.5252990723
MID,MMMD,Manuel Crescencio Rejón International Airport,Mérida,MX,America/Merida,20.930485,-89.645462
MXL,MMML,General Rodolfo Sánchez Taboada International Airport,Mexicali,MX,America/Tijuana,32.630629,-115.242805
MLM,MMMM,General Francisco J. Mujica International Airport,Morelia,MX,America/Mexico_City,19.849899,-101.025002
MTT,MMMT,Minatitlán/Coatzacoalcos International Airport,Cosoleacaque,MX,America/Mexico_City,18.103399,-94.580704
LOV,MMMV,Monclova International Airport,Monclova,MX,America/Monterrey,26.9557,-101.470001
MEX,MMMX,Mexico City Benito Juárez International Airport,Mexico City,MX,America/Mexico_City,19.435822,-99.07033
MTY,MMMY,Monterrey International Airport,Monterrey,MX,America/Mexico_City,25.778521,-100.106989
MZT,MMMZ,General Rafael Buelna International Airport,Mazatlàn,MX,America/Mazatlan,23.162823,-106.264517
NOG,MMNG,Nogales International Airport,Nogales,MX,America/Hermosillo,31.225756,-110.976934
NLD,MMNL,Quetzalcóatl International Airport,Nuevo Laredo,MX,America/Mexico_City,27.443899,-99.570503
OAX,MMOX,Xoxocotlán International Airport,Oaxaca,MX,America/Mexico_City,16.998773,-96.726092
PAZ,MMPA,El Tajín National Airport,Poza Rica,MX,America/Mexico_City,20.6026992798,-97.46080017090001
PBC,MMPB,Hermanos Serdán International Airport,Puebla,MX,America/Mexico_City,19.158465,-98.371582
PDS,MMPG,Piedras Negras International Airport,Piedras Negras,MX,America/Mexico_City,28.627873,-100.53524
UPN,MMPN,Uruapan - Licenciado y General Ignacio Lopez Rayon International Airport,Uruapan,MX,America/Mexico_City,19.3967,-102.039001
PVR,MMPR,Puerto Vallarta International Airport,Puerto Vallarta,MX,America/Mexico_City,20.679913,-105.254391
PXM,MMPS,Puerto Escondido International Airport,Puerto Escondido,MX,America/Mexico_City,15.876808,-97.0891
QRO,MMQT,Querétaro Intercontinental Airport,Querétaro,MX,America/Mexico_City,20.618779,-100.186449
REX,MMRX,General Lucio Blanco International Airport,Reynosa,MX,America/Mexico_City,26.0089,-98.2285
SJD,MMSD,Los Cabos International Airport,San José del Cabo,MX,America/Mazatlan,23.151919,-109.720731
CSW,MMSL,Cabo San Lucas International Airport,Cabo San Lucas,MX,America/Mazatlan,22.949072,-109.939479
NLU,MMSM,Felipe Ángeles International Airport,Mexico City,MX,America/Mexico_City,19.743824,-99.01507
SLP,MMSP,Ponciano Arriaga International Airport,San Luis Potosí,MX,America/Mexico_City,22.262026,-100.935692
TRC,MMTC,Francisco Sarabia Tinoco International Airport,Torreón,MX,America/Mexico_City,25.562265,-103.404608
TGZ,MMTG,Angel Albino Corzo International Airport,Tuxtla Gutiérrez,MX,America/Mexico_City,16.561611,-93.025731
TIJ,MMTJ,General Abelardo L. Rodriguez International Airport,Tijuana,MX,America/Tijuana,32.541043,-116.969976
TQO,MMTL,Felipe Carrillo Puerto International Airport Tulum,Tulum,MX,America/Cancun,20.172098,-87.660272
TAM,MMTM,General Francisco Javier Mina International Airport,Ciudad Madero,MX,America/Mexico_City,22.292622,-97.867058
TLC,MMTO,Adolfo López Mateos International Airport,Toluca,MX,America/Mexico_City,19.3369,-99.56583
TAP,MMTP,Tapachula International Airport,Tapachula,MX,America/Mexico_City,14.794549,-92.369871
CUN,MMUN,Cancún International Airport,Cancún,MX,America/Cancun,21.040817,-86.87347
VSA,MMVA,Carlos Rovirosa Pérez International Airport,Villahermosa,MX,America/Mexico_City,17.994283,-92.818199
VER,MMVR,General Heriberto Jara International Airport,Veracruz,MX,America/Mexico_City,19.139589,-96.188602
ZCL,MMZC,General Leobardo C. Ruiz International Airport,Zacatecas,MX,America/Mexico_City,22.894942,-102.687154
ZIH,MMZH,Ixtapa-Zihuatanejo International Airport,Ixtapa,MX,America/Mexico_City,17.601771,-101.460629
ZLO,MMZO,Playa de Oro International Airport,Manzanillo,MX,America/Mexico_City,19.1448,-104.558998
BEF,MNBL,Bluefields Airport,Bluefields,NI,America/Managua,11.991,-83.774101
MGA,MNMG,Augusto C. Sandino (Managua) International Airport,Managua,NI,America/Managua,12.1415,-86.168198
PUZ,MNPC,Puerto Cabezas Airport,Puerto Cabezas,NI,America/Managua,14.047200202941895,-83.38670349121094
BOC,MPBO,"Bocas del Toro ""Isla Colón"" International Airport",Isla Colón,PA,America/Panama,9.34085,-82.250801
CTD,MPCE,Alonso Valderrama Airport,Chitré,PA,America/Panama,7.98784,-80.409837
CHX,MPCH,Changuinola Captain Manuel Niño International Airport,Changuinola,PA,America/Panama,9.458962,-82.515062
DAV,MPDA,Enrique Malek International Airport,David,PA,America/Panama,8.388983,-82.436425
ONX,MPEJ,Enrique Adolfo Jimenez Airport,Colón,PA,America/Panama,9.35664,-79.867401
PAC,MPMG,Marcos A. Gelabert International Airport,Albrook,PA,America/Panama,8.97334,-79.555603
SYP,MPSA,Ruben Cantu Airport,Santiago,PA,America/Panama,8.085599899291992,-80.94529724121094
PTY,MPTO,Tocumen International Airport,Tocumen,PA,America/Panama,9.07136,-79.383499
FON,MRAN,La Fortuna Arenal Airport,La Fortuna,CR,America/Costa_Rica,10.469311,-84.579073
BAI,MRBA,Buenos Aires Airport,Punta Arenas,CR,America/Costa_Rica,9.163949,-83.330171
BCL,MRBC,Barra del Colorado Airport,Pococi,CR,America/Costa_Rica,10.7687,-83.585602
OTR,MRCC,Coto 47 Airport,Corredores,CR,America/Costa_Rica,8.60156,-82.968754
GLF,MRGF,Golfito Airport,Golfito,CR,America/Costa_Rica,8.65401,-83.182198
GPL,MRGP,Guapiles Airport,Pococi,CR,America/Costa_Rica,10.2172002792,-83.79699707030001
LIR,MRLB,Daniel Oduber Quirós International Airport,Liberia,CR,America/Costa_Rica,10.5933,-85.544403
LSL,MRLC,Los Chiles Airport,Los Chiles,CR,America/Costa_Rica,11.0353,-84.7061
LIO,MRLM,Limón International Airport,Limón,CR,America/Costa_Rica,9.95796,-83.022003
NOB,MRNS,Nosara Airport,Nicoya,CR,America/Costa_Rica,9.976490020750001,-85.65299987790002
SJO,MROC,Juan Santamaría International Airport,San José (Alajuela),CR,America/Costa_Rica,9.99386,-84.208801
PJM,MRPJ,Puerto Jimenez Airport,Puerto Jimenez,CR,America/Costa_Rica,8.533329963684082,-83.30000305175781
PMZ,MRPM,Palmar Sur Airport,Palmar Sur,CR,America/Costa_Rica,8.95103,-83.468597
SYQ,MRPV,Tobías Bolaños International Airport,San Jose,CR,America/Costa_Rica,9.95705,-84.139801
XQP,MRQP,Quepos Managua Airport,Quepos,CR,America/Costa_Rica,9.44316,-84.129799
UPL,MRUP,Upala Airport,Upala,CR,America/Costa_Rica,10.8922,-85.016197
SAL,MSLP,El Salvador International Airport Saint Óscar Arnulfo Romero y Galdámez,San Salvador (San Luis Talpa),SV,America/El_Salvador,13.44447,-89.055784
ILS,MSSS,Ilopango International Airport,San Salvador,SV,America/El_Salvador,13.6995,-89.119904
CYA,MTCA,Antoine-Simon International Airport,Les Cayes,HT,America/Port-au-Prince,18.271099,-73.7883
CAP,MTCH,Cap Haitien International Airport,Cap Haitien,HT,America/Port-au-Prince,19.725547,-72.20071
JAK,MTJA,Jacmel Airport,Jacmel,HT,America/Port-au-Prince,18.2411,-72.518501
JEE,MTJE,Jérémie Airport,Carrefour Sanon,HT,America/Port-au-Prince,18.663099,-74.170303
PAP,MTPP,Toussaint Louverture International Airport,Port-au-Prince,HT,America/Port-au-Prince,18.580023,-72.292596
PAX,MTPX,Port-de-Paix Airport,Port-de-Paix,HT,,19.934045,-72.84801
BCA,MUBA,Gustavo Rizo Airport,Baracoa,CU,America/Havana,20.365299224853516,-74.5062026977539
BYM,MUBY,Carlos Manuel de Cespedes Airport,Bayamo,CU,America/Havana,20.3964,-76.621399
AVI,MUCA,Máximo Gómez Airport,Ciro Redondo,CU,America/Havana,22.0271,-78.789597
CCC,MUCC,Jardines Del Rey Airport,Cayo Coco,CU,America/Havana,22.461000442499998,-78.32839965820001
CFG,MUCF,Jaime Gonzalez Airport,Cienfuegos,CU,America/Havana,22.149999618530273,-80.41419982910156
CYO,MUCL,Vilo Acuña International Airport,Cayo Largo del Sur,CU,America/Havana,21.6165008545,-81.5459976196
CMW,MUCM,Ignacio Agramonte International Airport,Camaguey,CU,America/Havana,21.419909,-77.848039
SCU,MUCU,Antonio Maceo International Airport,Santiago,CU,America/Havana,19.97474,-75.835504
NBW,MUGM,Leeward Point Field,Guantanamo Bay Naval Station,CU,America/Havana,19.9065,-75.2071
GAO,MUGT,Mariana Grajales Airport,Guantánamo,CU,America/Havana,20.0853,-75.158302
HAV,MUHA,José Martí International Airport,Havana,CU,America/Havana,22.989200592041016,-82.40910339355469
HOG,MUHG,Frank Pais International Airport,Holguin,CU,America/Havana,20.785148,-76.315526
VRO,MUKW,Kawama Airport,Santa Marta,CU,America/Havana,23.124001,-81.301598
MOA,MUMO,Orestes Acosta Airport,Moa,CU,America/Havana,20.653900146484375,-74.92220306396484
MZO,MUMZ,Sierra Maestra International Airport,Manzanillo,CU,America/Havana,20.288605,-77.087545
GER,MUNG,Rafael Cabrera Airport,Nueva Gerona,CU,America/Havana,21.834699630737305,-82.78379821777344
UPB,MUPB,Playa Baracoa Airport,Havana,CU,America/Havana,23.032801,-82.579399
SNU,MUSC,Abel Santamaria International Airport,Santa Clara,CU,America/Havana,22.492215,-79.943119
SNJ,MUSJ,San Julián Air Base,Sandino,CU,America/Havana,22.100525,-84.157376
SZJ,MUSN,Siguanea Airport,Isla de la Juventud,CU,America/Havana,21.6425,-82.955101
TND,MUTD,Alberto Delgado Airport,Trinidad,CU,America/Havana,21.7883,-79.9972
VRA,MUVR,Juan Gualberto Gomez International Airport,Matanzas,CU,America/Havana,23.034401,-81.435303
VTU,MUVT,Hermanos Ameijeiras Airport,Las Tunas,CU,America/Havana,20.9876,-76.935799
CYB,MWCB,Charles Kirkconnell International Airport,West End,KY,America/Cayman,19.687,-79.882797
LYB,MWCL,Edward Bodden Little Cayman Airfield,Blossom Village,KY,America/Cayman,19.660161,-80.088826
GCM,MWCR,Owen Roberts International Airport,George Town,KY,America/Cayman,19.292801,-81.357697
MAY,MYAB,Clarence A. Bain Airport,Mangrove Cay,BS,America/Nassau,24.287701,-77.684601
ASD,MYAF,Andros Town Airport,Andros Town,BS,America/Nassau,24.697901,-77.795601
TZN,MYAK,Congo Town Airport,Andros,BS,,24.158701,-77.589798
MHH,MYAM,Leonard M. Thompson International Airport,Marsh Harbour,BS,America/Nassau,26.510711,-77.084262
SAQ,MYAN,San Andros Airport,Andros Island,BS,America/Nassau,25.053800582885742,-78.04900360107422
AXP,MYAP,Spring Point Airport,Spring Point,BS,America/Nassau,22.441799,-73.970901
TCB,MYAT,Treasure Cay Airport,Treasure Cay,BS,America/Nassau,26.745300293,-77.3912963867
CCZ,MYBC,Chub Cay Airport,Chub Cay,BS,America/Nassau,25.417101,-77.880898
GHC,MYBG,Great Harbour Cay Airport,Bullocks Harbour,BS,America/Nassau,25.7383,-77.840103
BIM,MYBS,South Bimini Airport,South Bimini,BS,America/Nassau,25.6998996735,-79.2647018433
ATC,MYCA,Arthur's Town Airport,Arthur's Town,BS,America/Nassau,24.6294,-75.673797
TBI,MYCB,New Bight Airport,Cat Island,BS,America/Nassau,24.3153,-75.452301
CRI,MYCI,Colonel Hill Airport,Colonel Hill,BS,America/Nassau,22.7456,-74.182404
GGT,MYEF,Exuma International Airport,Moss Town,BS,America/Nassau,23.562599,-75.877998
ELH,MYEH,North Eleuthera Airport,North Eleuthera,BS,America/Nassau,25.475823,-76.680784
GHB,MYEM,Governor's Harbour Airport,Governor's Harbour,BS,America/Nassau,25.2847,-76.331001
NMC,MYEN,Normans Cay Airport,Normans Cay,BS,America/Nassau,24.594299,-76.820198
RSD,MYER,Rock Sound International Airport,Rock Sound,BS,America/Nassau,24.89165,-76.177602
TYM,MYES,Staniel Cay Airport,Staniel Cay,BS,America/Nassau,24.1691,-76.439102
FPO,MYGF,Grand Bahama International Airport,Freeport,BS,America/Nassau,26.557996,-78.695583
IGA,MYIG,Inagua Airport,Matthew Town,BS,America/Nassau,20.975,-73.666901
LGI,MYLD,Deadman's Cay Airport,Deadman's Cay,BS,America/Nassau,23.1790008545,-75.09359741210001
SML,MYLS,Stella Maris Airport,Stella Maris,BS,America/Nassau,23.582317,-75.268621
MYG,MYMM,Mayaguana Airport,Abraham Bay Settlement,BS,America/Nassau,22.379499,-73.013494
NAS,MYNN,Lynden Pindling International Airport,Nassau,BS,America/Nassau,25.039,-77.466202
DCT,MYRD,Duncan Town Airport,Duncan Town,BS,America/Nassau,22.181801,-75.7295
ZSA,MYSM,San Salvador International Airport,San Salvador,BS,America/Nassau,24.063041,-74.523233
BZE,MZBZ,Philip S. W. Goldson International Airport,Belize City,BZ,America/Belize,17.539951,-88.303556
PLJ,MZPL,Placencia Airport,Placencia,BZ,America/Belize,16.536957,-88.361511
RAR,NCRG,Rarotonga International Airport,Avarua,CK,Pacific/Rarotonga,-21.2027,-159.806
NAN,NFFN,Nadi International Airport,Nadi,FJ,Pacific/Fiji,-17.761822,177.437843
SUV,NFNA,Nausori International Airport,Nausori,FJ,Pacific/Fiji,-18.044226,178.561486
LBS,NFNL,Labasa Airport,Labasa,FJ,Pacific/Fiji,-16.4667,179.339996
TBU,NFTF,Fua'amotu International Airport,Nuku'alofa,TO,Pacific/Tongatapu,-21.241438,-175.149164
HPA,NFTL,Lifuka Island Airport,Lifuka,TO,Pacific/Tongatapu,-19.777000427246094,-174.34100341796875
VAV,NFTV,Vava'u International Airport,Vava'u Island,TO,Pacific/Tongatapu,-18.5853,-173.962006
PHG,NG-0004,Port Harcourt City Airport / Port Harcourt Air Force Base,Port Harcourt,NG,,4.846111,7.021389
FUN,NGFU,Funafuti International Airport,Funafuti,TV,Pacific/Funafuti,-8.523885,179.196976
TRW,NGTA,Bonriki International Airport,South Tarawa,KI,Pacific/Tarawa,1.38164,173.147003
TBF,NGTE,Tabiteuea North Airport,,KI,Pacific/Tarawa,-1.22447,174.776001
IUE,NIUE,Niue International Airport,Alofi,NU,Pacific/Niue,-19.080109,-169.923493
NLH,NLH,Ninglang Luguhu Airport,Ninglang,CN,,27.5403,100.7593
WLS,NLWW,Hihifo Airport,Wallis Island,WF,Pacific/Wallis,-13.239445,-176.19865
PHH,NP-0003,Pokhara International Airport,Pokhara,NP,Asia/Ho_Chi_Minh,28.1838,84.0147
APW,NSFA,Faleolo International Airport,Apia,WS,Pacific/Apia,-13.83,-172.007996
PPG,NSTU,Pago Pago International Airport,Pago Pago,AS,Pacific/Pago_Pago,-14.331,-170.710007
PPT,NTAA,Fa'a'ā International Airport,Papeete,PF,Pacific/Tahiti,-17.553472,-149.606936
RUR,NTAR,Rurutu Airport,,PF,Pacific/Tahiti,-22.434099197387695,-151.36099243164062
TUB,NTAT,Tubuai Airport,,PF,Pacific/Tahiti,-23.365400314331055,-149.5240020751953
AAA,NTGA,Anaa Airport,Anaa,PF,Pacific/Tahiti,-17.3526,-145.509995
FGU,NTGB,Fangatau Airport,Fangatau,PF,Pacific/Tahiti,-15.820044,-140.888071
TIH,NTGC,Tikehau Airport,Tuherahera,PF,Pacific/Tahiti,-15.1196,-148.231003
REA,NTGE,Reao Airport,Reao,PF,Pacific/Tahiti,-18.46652,-136.43855
FAV,NTGF,Fakarava Airport,,PF,Pacific/Tahiti,-16.054100036621094,-145.65699768066406
XMH,NTGI,Manihi Airport,,PF,Pacific/Tahiti,-14.436800003051758,-146.07000732421875
GMR,NTGJ,Totegegie Airport,,PF,Pacific/Gambier,-23.07990074157715,-134.88999938964844
KKR,NTGK,Kaukura Airport,Raitahiti,PF,Pacific/Tahiti,-15.6633,-146.884995
MKP,NTGM,Makemo Airport,Makemo,PF,Pacific/Tahiti,-16.5839,-143.658005
TKP,NTGT,Takapoto Airport,,PF,Pacific/Tahiti,-14.709500312805176,-145.24600219726562
AXR,NTGU,Arutua Airport,,PF,Pacific/Tahiti,-15.248299598693848,-146.61700439453125
MVT,NTGV,Mataiva Airport,,PF,Pacific/Tahiti,-14.8681001663208,-148.7169952392578
AHE,NTHE,Ahe Airport,Ahe Atoll,PF,Pacific/Tahiti,-14.428099632263184,-146.2570037841797
TKX,NTKR,Takaroa Airport,,PF,Pacific/Tahiti,-14.45580005645752,-145.02499389648438
NHV,NTMD,Nuku Hiva Airport,Nuku Hiva,PF,Pacific/Marquesas,-8.7956,-140.229004
AUQ,NTMN,Hiva Oa-Atuona Airport,Hiva Oa Island,PF,Pacific/Marquesas,-9.76879024506,-139.011001587
BOB,NTTB,Bora Bora Airport,Motu Mute,PF,Pacific/Tahiti,-16.444400787353516,-151.75100708007812
RGI,NTTG,Rangiroa Airport,,PF,Pacific/Tahiti,-14.954299926757812,-147.66099548339844
HUH,NTTH,Huahine-Fare Airport,Fare,PF,Pacific/Tahiti,-16.687084,-151.021593
MOZ,NTTM,Moorea Temae Airport,Moorea-Maiao,PF,Pacific/Tahiti,-17.48979,-149.761777
HOI,NTTO,Hao Airport,Otepa,PF,Pacific/Tahiti,-18.0748,-140.945999
MAU,NTTP,Maupiti Airport,,PF,Pacific/Tahiti,-16.42650032043457,-152.24400329589844
RFP,NTTR,Raiatea Airport,Uturoa,PF,Pacific/Tahiti,-16.7229,-151.466003
ZGU,NVSQ,Gaua Island Airport,Gaua Island,VU,Pacific/Efate,-14.2181,167.587006
SON,NVSS,Santo Pekoa International Airport,Luganville,VU,Pacific/Efate,-15.505000114399998,167.220001221
VLI,NVVV,Bauerfield International Airport,Port Vila,VU,Pacific/Efate,-17.699301,168.320007
TAH,NVVW,Whitegrass Airport,Tanna Island,VU,Pacific/Efate,-19.455099,169.223999
TGJ,NWWA,Tiga Airport,Tiga,NC,Pacific/Noumea,-21.096407,167.80379
KNQ,NWWD,Koné Airport,Koné,NC,Pacific/Noumea,-21.053551,164.838768
ILP,NWWE,Île des Pins Airport,Île des Pins,NC,Pacific/Noumea,-22.5889,167.455994
LIF,NWWL,Lifou Airport,Lifou,NC,Pacific/Noumea,-20.774563,167.239328
GEA,NWWM,Nouméa Magenta Airport,Nouméa,NC,Pacific/Noumea,-22.257706,166.472822
MEE,NWWR,Maré Airport,Maré,NC,Pacific/Noumea,-21.482438,168.038465
TOU,NWWU,Touho Airport,Touho,NC,Pacific/Noumea,-20.790127,165.259524
UVE,NWWV,Ouvéa Airport,Ouvéa,NC,Pacific/Noumea,-20.640932,166.573024
NOU,NWWW,La Tontouta International Airport,Nouméa (La Tontouta),NC,Pacific/Noumea,-22.014601,166.212997
AKL,NZAA,Auckland International Airport,Auckland,NZ,Pacific/Auckland,-37.01199,174.786331
TUO,NZAP,Taupo Airport,Taupo,NZ,Pacific/Auckland,-38.73970031738281,176.08399963378906
AMZ,NZAR,Ardmore Airport,Manurewa,NZ,Pacific/Auckland,-37.029701232910156,174.97300720214844
CHC,NZCH,Christchurch International Airport,Christchurch,NZ,Pacific/Auckland,-43.489029,172.532065
CHT,NZCI,Inia William Tuuta Memorial Airport,Te One,NZ,Pacific/Chatham,-43.81189,-176.46514
DUD,NZDN,Dunedin International Airport,Dunedin,NZ,Pacific/Auckland,-45.929017,170.197758
GIS,NZGS,Gisborne Airport,Gisborne,NZ,Pacific/Auckland,-38.6633,177.977997
GTN,NZGT,Glentanner Airport,Glentanner Station,NZ,Pacific/Auckland,-43.906700134277344,170.1280059814453
HKK,NZHK,Hokitika Airfield,,NZ,Pacific/Auckland,-42.713600158691406,170.98500061035156
HLZ,NZHN,Hamilton International Airport,Hamilton,NZ,Pacific/Auckland,-37.866961,175.331952
KKE,NZKK,Kerikeri Airport,Kerikeri,NZ,Pacific/Auckland,-35.259148,173.913317
KAT,NZKT,Kaitaia Airport,Awanui,NZ,Pacific/Auckland,-35.069837,173.287053
ALR,NZLX,Alexandra Aerodrome,Alexandra,NZ,Pacific/Auckland,-45.210495,169.371113
MON,NZMC,Mount Cook Airport,,NZ,Pacific/Auckland,-43.764999,170.132996
TEU,NZMO,Manapouri Airport,,NZ,Pacific/Auckland,-45.5331,167.649994
MRO,NZMS,Hood Airport,Masterton,NZ,Pacific/Auckland,-40.974634,175.63454
NPL,NZNP,New Plymouth Airport,New Plymouth,NZ,Pacific/Auckland,-39.00859832763672,174.1790008544922
NPE,NZNR,Hawke's Bay Airport,Napier,NZ,Pacific/Auckland,-39.465801,176.869995
NSN,NZNS,Nelson Airport,Nelson,NZ,Pacific/Auckland,-41.298302,173.220993
IVC,NZNV,Invercargill Airport,Invercargill,NZ,Pacific/Auckland,-46.41239929199219,168.31300354003906
OHA,NZOH,RNZAF Base Ohakea,,NZ,Pacific/Auckland,-40.20600128173828,175.38800048828125
OAM,NZOU,Oamaru Airport,,NZ,Pacific/Auckland,-44.970001,171.082001
PMR,NZPM,Palmerston North Airport,Palmerston North,NZ,Pacific/Auckland,-40.320599,175.617004
PPQ,NZPP,Paraparaumu Airport,,NZ,Pacific/Auckland,-40.904701232910156,174.98899841308594
ZQN,NZQN,Queenstown Airport,Queenstown,NZ,Pacific/Auckland,-45.019205,168.746379
ROT,NZRO,Rotorua Regional Airport,Rotorua,NZ,Pacific/Auckland,-38.1092,176.317001
TRG,NZTG,Tauranga Airport,Tauranga,NZ,Pacific/Auckland,-37.67190170288086,176.1959991455078
TIU,NZTU,Timaru Airport,,NZ,Pacific/Auckland,-44.302799224853516,171.22500610351562
TWZ,NZUK,Pukaki Airport,Twitzel,NZ,Pacific/Auckland,-44.2350006104,170.117996216
BHE,NZWB,Woodbourne Airport,Blenheim,NZ,Pacific/Auckland,-41.5182991027832,173.8699951171875
WKA,NZWF,Wanaka Airport,Wanaka,NZ,Pacific/Auckland,-44.722091,169.246287
WHK,NZWK,Whakatāne Airport,Whakatāne,NZ,Pacific/Auckland,-37.922224,176.91696
WLG,NZWN,Wellington International Airport,Wellington,NZ,Pacific/Auckland,-41.326839,174.806862
WIR,NZWO,Wairoa Airport,Wairoa,NZ,Pacific/Auckland,-39.011862,177.404401
WRE,NZWR,Whangarei Airport,Whangarei,NZ,Pacific/Auckland,-35.769253,174.363713
WSZ,NZWS,Westport Airport,Westport,NZ,Pacific/Auckland,-41.737111,171.579033
WAG,NZWU,Wanganui Airport,Wanganui,NZ,Pacific/Auckland,-39.963467,175.02444
HEA,OAHR,Herat - Khwaja Abdullah Ansari International Airport,Guzara,AF,Asia/Kabul,34.209999,62.228298
OAI,OAIX,Bagram Airfield,Bagram,AF,Asia/Kabul,34.946098,69.264999
JAA,OAJL,Jalalabad Airport,Jalalabad,AF,Asia/Kabul,34.399799,70.498596
KBL,OAKB,Kabul International Airport,Kabul,AF,Asia/Kabul,34.565899,69.212303
KDH,OAKN,Ahmad Shah Baba International Airport,Kandahar,AF,Asia/Kabul,31.505769,65.847963
KHT,OAKS,Khost International Airport,Khost,AF,Asia/Kabul,33.284605,69.80734
MMZ,OAMN,Maymana Zahiraddin Faryabi Airport,Maymana,AF,Asia/Kabul,35.930801,64.760902
MZR,OAMS,Mazar-i-Sharif International Airport,Mazar-i-Sharif,AF,Asia/Kabul,36.70412,67.210459
UND,OAUZ,Kunduz Airport,Kunduz,AF,Asia/Kabul,36.6651,68.910797
BAH,OBBI,Bahrain International Airport,Manama,BH,Asia/Bahrain,26.267295,50.63764
OCS,OCS,Corisco International Airport,Corisco Island,GQ,,0.910937,9.33027
AHB,OEAB,Abha International Airport,Abha,SA,Asia/Riyadh,18.2404,42.656601
HOF,OEAH,Al-Ahsa International Airport,Hofuf,SA,Asia/Riyadh,25.285299,49.485199
ULH,OEAO,Al-Ula International Airport,Al-Ula,SA,,26.483634,38.117048
ABT,OEBA,King Saud Bin Abdulaziz (Al Baha) Airport,Al-Baha,SA,Asia/Riyadh,20.298506,41.636153
BHH,OEBH,Bisha Airport,Bisha,SA,Asia/Riyadh,19.9844,42.620899
DMM,OEDF,King Fahd International Airport,Ad Dammam,SA,Asia/Riyadh,26.4691,49.798209
DWD,OEDM,Dawadmi Domestic Airport,Dawadmi,SA,Asia/Riyadh,24.4499,44.121201
DHA,OEDR,King Abdulaziz Air Base,Dhahran,SA,,26.2654,50.152
GIZ,OEGN,Jizan Regional Airport / King Abdullah bin Abdulaziz Airport,Jizan,SA,Asia/Riyadh,16.9011,42.5858
ELQ,OEGS,Prince Naif bin Abdulaziz International Airport,Qassim,SA,Asia/Riyadh,26.302799,43.774399
URY,OEGT,Gurayat Domestic Airport,Gurayat,SA,Asia/Riyadh,31.412413,37.278898
HAS,OEHL,Hail International Airport,Hail,SA,Asia/Riyadh,27.437901,41.686298
JED,OEJN,King Abdulaziz International Airport,Jeddah,SA,Asia/Riyadh,21.680241,39.157436
KMC,OEKK,King Khaled Military City Airport,King Khaled Military City,SA,,27.9009,45.528198
KMX,OEKM,King Khalid Air Base,Khamis Mushait,SA,Asia/Riyadh,18.2973,42.803501
MED,OEMA,Prince Mohammad Bin Abdulaziz Airport,Medina,SA,Asia/Riyadh,24.5534,39.705101
EAM,OENG,Najran Domestic Airport,Najran,SA,Asia/Riyadh,17.611401,44.419201
NUM,OENN,Neom Bay Airport,Sharma,SA,Asia/Riyadh,27.924261,35.29358
AQI,OEPA,Qaisumah–Hafar Al-Batin International Airport,Qaisumah,SA,Asia/Riyadh,28.335726,46.127108
AKH,OEPS,Prince Sultan Air Base,Al Kharj,SA,Asia/Riyadh,24.0627,47.580502
RAH,OERF,Rafha Domestic Airport,Rafha,SA,Asia/Riyadh,29.626399993896484,43.4906005859375
RUH,OERK,King Khalid International Airport,Riyadh,SA,Asia/Riyadh,24.9576,46.698799
RAE,OERR,Arar Domestic Airport,Arar,SA,Asia/Riyadh,30.906600952148438,41.13819885253906
SHW,OESH,Sharurah Domestic Airport,Sharurah,SA,Asia/Riyadh,17.4669,47.121399
AJF,OESK,Al-Jawf International Airport,Al-Jawf,SA,Asia/Riyadh,29.783301,40.100905
TUU,OETB,Prince Sultan bin Abdulaziz International Airport,Tabuk,SA,Asia/Riyadh,28.3711,36.624865
TIF,OETF,Taif International Airport,Taif,SA,Asia/Riyadh,21.484739,40.544074
TUI,OETR,Turaif Domestic Airport,Turaif,SA,Asia/Riyadh,31.692188,38.731544
WAE,OEWD,Wadi Al Dawasir Domestic Airport,Wadi Al Dawasir,SA,Asia/Riyadh,20.504299,45.1996
EJH,OEWJ,Al Wajh Domestic Airport,Al Wajh,SA,Asia/Riyadh,26.198601,36.476398
YNB,OEYN,Prince Abdulmohsen Bin Abdulaziz International Airport,Yanbu,SA,Asia/Riyadh,24.144199,38.0634
ABD,OIAA,Abadan Ayatollah Jami International Airport,Abadan,IR,Asia/Tehran,30.367887,48.230075
DEF,OIAD,Dezful Airport,Dezful,IR,Asia/Tehran,32.434399,48.397598
AKW,OIAG,Aghajari Airport,Omidiyeh,IR,Asia/Tehran,30.7444,49.6772
GCH,OIAH,Gachsaran Airport,Gachsaran,IR,Asia/Tehran,30.333869,50.833796
QMJ,OIAI,Shahid Asiyaee Airport,Masjed Soleyman,IR,,32.001719,49.268599
MRX,OIAM,Mahshahr Airport,Mahshahr,IR,Asia/Tehran,30.5562,49.151901
AWZ,OIAW,Qasem Soleimani International Airport,Ahvaz,IR,Asia/Tehran,31.3364,48.763789
AEU,OIBA,Abu Musa Island Airport,Abu Musa,IR,Asia/Tehran,25.8757,55.033001
BUZ,OIBB,Bushehr Airport,Bushehr,IR,Asia/Tehran,28.9447994232,50.8345985413
KNR,OIBJ,Jam Airport,Jam,IR,Asia/Tehran,27.820499,52.3522
KIH,OIBK,Kish International Airport,Kish Island,IR,Asia/Tehran,26.525427,53.980462
BDH,OIBL,Bandar Lengeh International Airport,Bandar Lengeh,IR,Asia/Tehran,26.532283,54.82484
PGU,OIBP,Persian Gulf International Airport,Khiyaroo,IR,Asia/Tehran,27.379601,52.737701
KHK,OIBQ,Khark Airport,Khark,IR,Asia/Tehran,29.260503,50.322193
SXI,OIBS,Siri Airport,Siri,IR,Asia/Tehran,25.908899,54.539398
LVP,OIBV,Lavan Airport,Lavan Airport,IR,Asia/Tehran,26.810742,53.354302
KSH,OICC,Shahid Ashrafi Esfahani Airport,Kermanshah,IR,Asia/Tehran,34.3459014893,47.1581001282
IIL,OICI,Ilam Airport,Ilam,IR,Asia/Tehran,33.58660125732422,46.40480041503906
KHD,OICK,Khoram Abad Airport,,IR,Asia/Tehran,33.43539810180664,48.282901763916016
SDG,OICS,Sanandaj Airport,,IR,Asia/Tehran,35.24589920043945,47.00920104980469
KKS,OIFK,Kashan Airport,Kashan,IR,Asia/Tehran,33.895302,51.577
IFN,OIFM,Isfahan Shahid Beheshti International Airport,Isfahan,IR,Asia/Tehran,32.755142,51.883877
CQD,OIFS,Shahrekord Airport,Shahrekord,IR,Asia/Tehran,32.2971992493,50.842201232899995
RAS,OIGG,Sardar-e-Jangal Airport,Rasht,IR,Asia/Tehran,37.323333,49.617778
HDM,OIHH,Hamadan Airport,Hamadan,IR,Asia/Tehran,34.866416,48.56069
NUJ,OIHS,Nojeh Air Base,Amirabad,IR,Asia/Tehran,35.211601,48.6534
IKA,OIIE,Imam Khomeini International Airport,Tehran,IR,Asia/Tehran,35.416099548339844,51.152198791503906
THR,OIII,Mehrabad International Airport,Tehran,IR,Asia/Tehran,35.689175,51.314392
GZW,OIIK,Qazvin Airport,Qazvin,IR,Asia/Tehran,36.240101,50.0471
PYK,OIIP,Payam International Airport,Karaj,IR,Asia/Tehran,35.7761,50.826698
BND,OIKB,Bandar Abbas International Airport,Bandar Abbas,IR,Asia/Tehran,27.2183,56.3778
JYR,OIKJ,Jiroft Airport,Jiroft,IR,Asia/Tehran,28.723519,57.675037
KER,OIKK,Ayatollah Hashemi Rafsanjani International Airport,Kerman,IR,Asia/Tehran,30.271276,56.949692
BXR,OIKM,Bam Airport,Bam,IR,Asia/Tehran,29.0842,58.450001
GSM,OIKQ,Qeshm International Airport,Qeshm(Dayrestan),IR,Asia/Tehran,26.754639,55.902353
RJN,OIKR,Rafsanjan Airport,Rafsanjan,IR,Asia/Tehran,30.298345,56.048979
SYJ,OIKY,Sirjan Airport,Sirjan,IR,Asia/Tehran,29.5509,55.672699
XBJ,OIMB,Birjand International Airport,Birjand,IR,Asia/Tehran,32.896525,59.281258
CKT,OIMC,Sarakhs Airport,Sarakhs,IR,Asia/Tehran,36.501202,61.064899
MHD,OIMM,Mashhad International Airport,Mashhad,IR,Asia/Tehran,36.234821,59.642949
BJB,OIMN,Bojnord Airport,Bojnord,IR,Asia/Tehran,37.49300003051758,57.30820083618164
AFZ,OIMS,Sabzevar National Airport,Sabzevar,IR,Asia/Tehran,36.16809844970703,57.59519958496094
TCX,OIMT,Tabas Airport,Tabas,IR,Asia/Tehran,33.667801,56.8927
GBT,OING,Gorgan Airport,Gorgan,IR,Asia/Tehran,36.909400939899996,54.4012985229
NSH,OINN,Nowshahr Airport,Nowshahr,IR,Asia/Tehran,36.664286,51.46273
RZR,OINR,Ramsar Airport,Ramsar,IR,Asia/Tehran,36.90701,50.687316
SRY,OINZ,Sari Dasht-e Naz International Airport,Sari,IR,Asia/Tehran,36.644408,53.188761
FAZ,OISF,Fasa Airport,Fasa,IR,Asia/Tehran,28.8918,53.723301
LRR,OISL,Lar Airport,Lar,IR,Asia/Tehran,27.6747,54.383301
LFM,OISR,Lamerd Airport,Lamerd,IR,Asia/Tehran,27.3727,53.188801
SYZ,OISS,Shiraz Shahid Dastghaib International Airport,Shiraz,IR,Asia/Tehran,29.5392,52.589802
YES,OISY,Yasuj Airport,Yasuj,IR,Asia/Tehran,30.702238,51.542988
ADU,OITL,Ardabil Airport,Ardabil,IR,Asia/Tehran,38.3256988525,48.4244003296
OMH,OITR,Urmia Airport,Urmia,IR,Asia/Tehran,37.6680984497,45.0686988831
TBZ,OITT,Tabriz International Airport,Tabriz,IR,Asia/Tehran,38.1339,46.235001
IMQ,OITU,Maku National Airport,Showt,IR,Asia/Tehran,39.191293,44.928505
JWN,OITZ,Zanjan Airport,Zanjan,IR,Asia/Tehran,36.7737007141,48.3594017029
AZD,OIYY,Shahid Sadooghi Airport,Yazd,IR,Asia/Tehran,31.9048995972,54.2765007019
ACZ,OIZB,Zabol Airport,Zabol,IR,Asia/Tehran,31.098301,61.5439
ZBR,OIZC,Chabahar Konarak International Airport,Konarak,IR,Asia/Tehran,25.44319,60.382167
ZAH,OIZH,Zahedan International Airport,Zahedan,IR,Asia/Tehran,29.4757,60.9062
IHR,OIZI,Iranshahr Airport,Iranshahr,IR,Asia/Tehran,27.236099,60.720001
AMM,OJAI,Queen Alia International Airport,Amman,JO,Asia/Amman,31.7226009369,35.9931983948
ADJ,OJAM,Marka International (Amman Civil) Airport,Amman,JO,Asia/Amman,31.9727,35.9916
AQJ,OJAQ,King Hussein International Airport,Aqaba,JO,Asia/Amman,29.611601,35.018101
XIJ,OKAJ,Ahmed Al Jaber Air Base,Ahmed Al Jaber AB,KW,Asia/Kuwait,28.9347991943,47.791900634799994
KWI,OKKK,Kuwait International Airport,Kuwait City,KW,Asia/Kuwait,29.224487,47.969813
BEY,OLBA,Beirut Rafic Hariri International Airport,Beirut,LB,Asia/Beirut,33.819833,35.487443
KYE,OLKA,Rene Mouawad Air Base,Tripoli,LB,Asia/Beirut,34.589298,36.011299
DQM,OM-0003,Duqm International Airport,Duqm,OM,Asia/Muscat,19.501944,57.634167
MNH,OM-0004,Mussanah Airport,Al Masna'ah,OM,Asia/Muscat,23.640556,57.4875
AUH,OMAA,Zayed International Airport,Abu Dhabi,AE,Asia/Dubai,24.440966,54.649237
AZI,OMAD,Al Bateen Executive Airport,Abu Dhabi,AE,Asia/Dubai,24.427062,54.459866
AAN,OMAL,Al Ain International Airport,Al Ain,AE,Asia/Dubai,24.2617,55.6092
DHF,OMAM,Al Dhafra Air Base,,AE,Asia/Dubai,24.248199462900004,54.547698974599996
XSB,OMBY,Sir Bani Yas Airport,Sir Bani Yas,AE,Asia/Dubai,24.283611,52.580278
DXB,OMDB,Dubai International Airport,Dubai,AE,Asia/Dubai,25.24979,55.370992
NHD,OMDM,Al Minhad Air Base,Dubai,AE,Asia/Dubai,25.0268001556,55.3661994934
DWC,OMDW,Al Maktoum International Airport,Dubai(Jebel Ali),AE,Asia/Dubai,24.896171,55.16235
FJR,OMFJ,Fujairah International Airport,Fujairah,AE,Asia/Dubai,25.108411,56.328061
RKT,OMRK,Ras Al Khaimah International Airport,Ras Al Khaimah,AE,Asia/Dubai,25.613501,55.938801
SHJ,OMSJ,Sharjah International Airport,Sharjah,AE,Asia/Dubai,25.3286,55.5172
KHS,OOKB,Khasab Airport,Khasab,OM,Asia/Muscat,26.171,56.240601
MSH,OOMA,RAFO Masirah,Masirah,OM,Asia/Muscat,20.6754,58.890499
MCT,OOMS,Muscat International Airport,Muscat/Seeb,OM,Asia/Muscat,23.600218,58.285268
SLL,OOSA,Salalah International Airport,Salalah,OM,Asia/Muscat,17.0387,54.091301
OHS,OOSH,Suhar International Airport,Suhar,OM,Asia/Muscat,24.38604,56.62541
TTH,OOTH,Thumrait Air Base,Thumrait,OM,Asia/Muscat,17.666,54.024601
BHV,OPBW,Bahawalpur Airport,Bahawalpur,PK,Asia/Karachi,29.348100662231445,71.71800231933594
CJL,OPCH,Chitral Airport,Chitral,PK,Asia/Karachi,35.886213,71.799922
DEA,OPDG,Dera Ghazi Khan Airport,Dera Ghazi Khan,PK,Asia/Karachi,29.961000442504883,70.48590087890625
DSK,OPDI,Dera Ismael Khan Airport [IN-ACTIVE],Dera Ismael Khan,PK,Asia/Karachi,31.909401,70.896599
LYP,OPFA,Faisalabad International Airport,Faisalabad,PK,Asia/Karachi,31.364923,72.995319
GWD,OPGD,New Gwadar International Airport,Gurandani,PK,Asia/Karachi,25.296733,62.498822
GIL,OPGT,Gilgit Airport,Gilgit,PK,Asia/Karachi,35.918800354003906,74.33360290527344
ISB,OPIS,Islamabad International Airport,Attock,PK,Asia/Karachi,33.549,72.82566
JAG,OPJA,Shahbaz Air Base,Jacobabad,PK,Asia/Karachi,28.28420066833496,68.44969940185547
KHI,OPKC,Jinnah International Airport,Karachi,PK,Asia/Karachi,24.9065,67.160797
LHE,OPLA,Allama Iqbal International Airport,Lahore,PK,Asia/Karachi,31.521601,74.403603
XJM,OPMA,Mangla Airport,Mangla,PK,Asia/Karachi,33.05009841918945,73.63839721679688
MWD,OPMI,Mianwali Air Base,Mianwali,PK,Asia/Karachi,32.5630989074707,71.5707015991211
MJD,OPMJ,Moenjodaro Airport,Moenjodaro,PK,Asia/Karachi,27.335199,68.143097
ATG,OPMS,Minhas Air Base,Kamra,PK,,33.8690986633,72.4009017944
MUX,OPMT,Multan International Airport,Multan,PK,Asia/Karachi,30.203199,71.419098
WNS,OPNH,Shaheed Benazirabad Airport,Nawabashah,PK,Asia/Karachi,26.2194,68.390099
PJG,OPPG,Panjgur Airport,Panjgur,PK,Asia/Karachi,26.9545,64.1325
PSI,OPPI,Pasni Airport,Pasni,PK,Asia/Karachi,25.290501,63.3451
PEW,OPPS,Bacha Khan International Airport,Peshawar,PK,Asia/Karachi,33.9939,71.514603
UET,OPQT,Quetta International Airport,Quetta,PK,Asia/Karachi,30.2514,66.937798
RYK,OPRK,Shaikh Zaid Airport,Rahim Yar Khan,PK,Asia/Karachi,28.383899688720703,70.27960205078125
RAZ,OPRT,Rawalakot Airport,Rawalakot,PK,Asia/Karachi,33.849701,73.798103
KDU,OPSD,Skardu International Airport,Skardu,PK,Asia/Karachi,35.33866,75.538648
SKZ,OPSK,Begum Nusrat Bhutto International Airport Sukkur,Sukkur,PK,Asia/Karachi,27.722,68.791702
SYW,OPSN,Sehwan Sharif Airport,Sehwan Sharif,PK,Asia/Karachi,26.473101,67.717201
SGI,OPSR,Mushaf Air Base,Sargodha,PK,Asia/Karachi,32.04859924316406,72.66500091552734
SDT,OPSS,Saidu Sharif Airport,Saidu Sharif,PK,Asia/Karachi,34.813599,72.352798
SKT,OPST,Sialkot International Airport,Sialkot,PK,Asia/Karachi,32.535941,74.364623
SUL,OPSU,Sui Airport,Sui,PK,Asia/Karachi,28.645099639892578,69.1769027709961
TUK,OPTU,Turbat International Airport,Turbat,PK,Asia/Karachi,25.984767,63.028856
PZH,OPZB,Zhob Airport,Fort Sandeman,PK,Asia/Karachi,31.358400344848633,69.4636001586914
IQA,ORAA,Al Asad Air Base,Hīt,IQ,Asia/Baghdad,33.7855987549,42.4412002563
TQD,ORAT,Al Taqaddum Air Base,Al Habbaniyah,IQ,Asia/Baghdad,33.33810043335,43.597099304199
BGW,ORBI,Baghdad International Airport / New Al Muthana Air Base,Baghdad,IQ,Asia/Baghdad,33.262501,44.2346
OSM,ORBM,Mosul International Airport,Mosul,IQ,,36.305801,43.1474
EBL,ORER,Erbil International Airport,Arbil,IQ,Asia/Baghdad,36.236047,43.946615
KIK,ORKK,Kirkuk International Airport,Kirkuk,IQ,Asia/Baghdad,35.469501,44.3489
BSR,ORMM,Basra International Airport,Basra,IQ,Asia/Baghdad,30.549101,47.662102
NJF,ORNI,Al Najaf International Airport,Najaf,IQ,Asia/Baghdad,31.991116,44.405019
RQW,ORQW,Qayyarah West Airport,Qayyarah,IQ,Asia/Baghdad,35.7672,43.125099
ISU,ORSU,Jalal Talabani International Airport,Sulaymaniyah,IQ,Asia/Baghdad,35.560487,45.315137
XNH,ORTL,Ali Air Base,Nasiriyah,IQ,,30.935801,46.090099
ALP,OSAP,Aleppo International Airport,Aleppo,SY,Asia/Damascus,36.181262,37.226869
DAM,OSDI,Damascus International Airport,Damascus,SY,Asia/Damascus,33.4114990234375,36.51559829711914
DEZ,OSDZ,Deir ez-Zor Airport,Deir ez-Zor,SY,Asia/Damascus,35.2854,40.175999
KAC,OSKL,Qamishli International Airport,Qamishli,SY,Asia/Damascus,37.020599,41.191399
LTK,OSLK,Latakia International Airport,Latakia,SY,Asia/Damascus,35.4011,35.9487
PMS,OSPR,Palmyra Airport,Tadmur,SY,Asia/Damascus,34.5574,38.316898
DIA,OTBD,Doha International Airport,Doha,QA,Asia/Qatar,25.259431,51.565528
XJD,OTBH,Al Udeid Air Base,Ar Rayyan,QA,,25.1173000336,51.3149986267
DOH,OTHH,Hamad International Airport,Doha,QA,Asia/Qatar,25.273056,51.608056
ADE,OYAA,Aden International Airport,Aden,YE,Asia/Aden,12.829564,45.029976
AXK,OYAT,Ataq Airport,Ataq,YE,Asia/Aden,14.5513,46.826199
AAY,OYGD,Al Ghaydah International Airport,Al Ghaydah,YE,Asia/Aden,16.193341,52.174186
RIY,OYRN,Riyan International Airport,Mukalla(Riyan),YE,Asia/Aden,14.662241,49.375289
SAH,OYSN,Sanaa International Airport,Sanaa,YE,Asia/Aden,15.4763,44.2197
SCT,OYSQ,Socotra Airport,Mori,YE,Asia/Aden,12.632093,53.906173
GXF,OYSY,Seiyun Hadhramaut International Airport,Seiyun,YE,Asia/Aden,15.965887,48.788146
TAI,OYTZ,Taiz International Airport,Taiz,YE,Asia/Aden,13.686,44.139099
PAQ,PAAQ,"Warren ""Bud"" Woods Palmer Municipal Airport",Palmer,US,America/Anchorage,61.594898,-149.08901
BTI,PABA,Barter Island Long Range Radar Station Airport,Barter Island,US,America/Anchorage,70.134003,-143.582001
BET,PABE,Bethel Airport,Bethel,US,America/Anchorage,60.77980042,-161.8379974
BIG,PABI,Allen Army Airfield,Delta Junction Ft Greely,US,America/Anchorage,63.9944992065,-145.722000122
BRW,PABR,Wiley Post Will Rogers Memorial Airport,Utqiaġvik,US,America/Anchorage,71.285402,-156.766008
CDB,PACD,Cold Bay Airport,Cold Bay,US,America/Anchorage,55.207871,-162.725029
CDV,PACV,Merle K (Mudhole) Smith Airport,Cordova,US,America/Anchorage,60.491798,-145.477997
CZF,PACZ,Cape Romanzof LRRS Airport,Cape Romanzof,US,America/Anchorage,61.78030014,-166.0390015
DRG,PADE,Deering Airport,Deering,US,America/Anchorage,66.068901,-162.766914
ADK,PADK,Adak Airport,Adak,US,America/Adak,51.883564,-176.642783
DLG,PADL,Dillingham Airport,Dillingham,US,America/Anchorage,59.04470062,-158.5050049
ADQ,PADQ,Kodiak Airport,Kodiak,US,America/Anchorage,57.75,-152.4940033
DUT,PADU,Tom Madsen (Dutch Harbor) Airport,Unalaska,US,America/Anchorage,53.89881,-166.544996
EDF,PAED,Elmendorf Air Force Base,Anchorage,US,America/Anchorage,61.251709,-149.807097
EHM,PAEH,Cape Newenham LRRS Airport,Cape Newenham,US,America/Anchorage,58.646400451699996,-162.06300354
EIL,PAEI,Eielson Air Force Base,Fairbanks,US,America/Anchorage,64.66570282,-147.102005
EMK,PAEM,Emmonak Airport,Emmonak,US,America/Anchorage,62.78609848,-164.4909973
ENA,PAEN,Kenai Municipal Airport,Kenai,US,America/Anchorage,60.570946,-151.245174
FAI,PAFA,Fairbanks International Airport,Fairbanks,US,America/Anchorage,64.815102,-147.856003
FBK,PAFB,Ladd Army Airfield,Fairbanks,US,America/Anchorage,64.837502,-147.613998
ABL,PAFM,Ambler Airport,Ambler,US,America/Anchorage,67.105529,-157.855339
GAL,PAGA,Edward G. Pitka Sr Airport,Galena,US,America/Anchorage,64.736198,-156.936997
GKN,PAGK,Gulkana Airport,Gulkana,US,America/Anchorage,62.155859,-145.454662
GAM,PAGM,Gambell Airport,Gambell,US,America/Anchorage,63.767694,-171.733303
GST,PAGS,Gustavus Airport,Gustavus,US,America/Anchorage,58.4253006,-135.7070007
HCR,PAHC,Holy Cross Airport,Holy Cross,US,America/Anchorage,62.18830108642578,-159.77499389648438
HSL,PAHL,Huslia Airport,Huslia,US,America/Anchorage,65.697899,-156.350998
HNS,PAHN,Haines Airport,Haines,US,America/Anchorage,59.243921,-135.523925
HOM,PAHO,Homer Airport,Homer,US,America/Anchorage,59.644456,-151.479235
EGX,PAII,Egegik Airport,Egegik,US,America/Anchorage,58.184386,-157.374873
IAN,PAIK,Bob Baker Memorial Airport,Kiana,US,America/Anchorage,66.976128,-160.439014
ILI,PAIL,Iliamna Airport,Iliamna,US,America/Anchorage,59.754398,-154.910996
UTO,PAIM,Indian Mountain LRRS Airport,Utopia Creek,US,America/Anchorage,65.992798,-153.703995
JNU,PAJN,Juneau International Airport,Juneau,US,America/Anchorage,58.354935,-134.574416
AKN,PAKN,King Salmon Airport,King Salmon,US,America/Anchorage,58.677845,-156.651965
AKP,PAKP,Anaktuvuk Pass Airport,Anaktuvuk Pass,US,America/Anchorage,68.133598,-151.742996
KTN,PAKT,Ketchikan International Airport,Ketchikan,US,America/Anchorage,55.35559845,-131.7140045
KLW,PAKW,Klawock Airport,Klawock,US,America/Anchorage,55.579201,-133.076004
LUR,PALU,Cape Lisburne LRRS Airport,Cape Lisburne,US,America/Anchorage,68.875099,-166.110001
MCG,PAMC,McGrath Airport,McGrath,US,America/Anchorage,62.95289993,-155.6060028
MRI,PAMR,Merrill Field,Anchorage,US,America/Anchorage,61.212792,-149.843988
MYU,PAMY,Mekoryuk Airport,Mekoryuk,US,America/Anchorage,60.372338,-166.269751
ANC,PANC,Ted Stevens Anchorage International Airport,Anchorage,US,America/Anchorage,61.179004,-149.992561
ANI,PANI,Aniak Airport,Aniak,US,America/Anchorage,61.581600189208984,-159.54299926757812
ENN,PANN,Nenana Municipal Airport,Nenana,US,America/Anchorage,64.548772,-149.074516
ANN,PANT,Annette Island Airport,Metlakatla,US,America/Anchorage,55.037663,-131.572609
ANV,PANV,Anvik Airport,Anvik,US,America/Anchorage,62.646702,-160.190994
OME,PAOM,Nome Airport,Nome,US,America/Anchorage,64.51219940185547,-165.44500732421875
ORT,PAOR,Northway Airport,Northway,US,America/Anchorage,62.9613,-141.929001
OTZ,PAOT,Ralph Wien Memorial Airport,Kotzebue,US,America/Anchorage,66.88469696,-162.598999
STG,PAPB,St George Airport,St George,US,America/Anchorage,56.577345,-169.663823
KPC,PAPC,Port Clarence Coast Guard Station,Port Clarence,US,America/Nome,65.2537002563,-166.85899353
PSG,PAPG,Petersburg James A Johnson Airport,Petersburg,US,America/Juneau,56.80170059,-132.9450073
PTH,PAPH,Port Heiden Airport,Port Heiden,US,America/Anchorage,56.957893,-158.630219
PTU,PAPM,Platinum Airport,Platinum,US,America/Anchorage,59.017675,-161.827927
NUI,PAQT,Nuiqsut Airport,Nuiqsut,US,America/Anchorage,70.209999,-151.005998
ARC,PARC,Arctic Village Airport,Arctic Village,US,America/Anchorage,68.1147,-145.578995
RBY,PARY,Ruby Airport,Ruby,US,America/Anchorage,64.727203,-155.470001
SVA,PASA,Savoonga Airport,Savoonga,US,America/Anchorage,63.686401,-170.492996
SCC,PASC,Deadhorse Airport,Deadhorse,US,America/Anchorage,70.19470215,-148.4649963
SDP,PASD,Sand Point Airport,Sand Point,US,America/Anchorage,55.313908,-160.522099
SIT,PASI,Sitka Rocky Gutierrez Airport,Sitka,US,America/Anchorage,57.04710006713867,-135.36199951171875
SNP,PASN,St Paul Island Airport,St Paul Island,US,America/Adak,57.166311,-170.222555
SVW,PASV,Sparrevohn LRRS Airport,Sparrevohn,US,America/Anchorage,61.09740067,-155.5740051
SXQ,PASX,Soldotna Airport,Soldotna,US,America/Anchorage,60.474935,-151.038471
SYA,PASY,Eareckson Air Station,Shemya,US,America/Adak,52.71229935,174.1139984
TKA,PATK,Talkeetna Airport,Talkeetna,US,America/Anchorage,62.320499420166,-150.09399414062
TLJ,PATL,Tatalina LRRS Airport,Takotna,US,America/Anchorage,62.894401550299996,-155.977005005
ATK,PATQ,Atqasuk Edward Burnell Sr Memorial Airport,Atqasuk,US,America/Anchorage,70.46704,-157.436013
UNK,PAUN,Unalakleet Airport,Unalakleet,US,America/Anchorage,63.888401,-160.798996
VDZ,PAVD,Valdez Pioneer Field,Valdez,US,America/Anchorage,61.132712,-146.246567
SWD,PAWD,Seward Airport,Seward,US,America/Anchorage,60.130478,-149.418612
WRG,PAWG,Wrangell Airport,Wrangell,US,America/Anchorage,56.48429871,-132.3699951
AIN,PAWI,Wainwright Airport,Wainwright,US,America/Anchorage,70.638,-159.994995
WWA,PAWS,Wasilla Airport,Wasilla,US,America/Anchorage,61.571701,-149.539993
YAK,PAYA,Yakutat Airport,Yakutat,US,America/Anchorage,59.508717,-139.660435
CIS,PCIS,Canton Island Airport,Abariringa,KI,Pacific/Enderbury,-2.7681200504300003,-171.710006714
FYU,PFYU,Fort Yukon Airport,Fort Yukon,US,America/Anchorage,66.571651,-145.249987
ROP,PGRO,Rota International Airport,Rota Island,MP,Pacific/Saipan,14.173267,145.241103
SPN,PGSN,Saipan International Airport,"I Fadang, Saipan",MP,Pacific/Saipan,15.119384,145.728848
UAM,PGUA,Andersen Air Force Base,Yigo,GU,Pacific/Guam,13.584,144.929998
GUM,PGUM,Antonio B. Won Pat International Airport,Hagåtña,GU,Pacific/Guam,13.485,144.797282
TIQ,PGWT,Francisco Manglona Borja / Tinian International Airport,Tinian Island,MP,Pacific/Saipan,14.999207,145.619355
BKH,PHBK,Barking Sands Airport,Kekaha,US,Pacific/Honolulu,22.0228,-159.785004
HNM,PHHN,Hana Airport,Hana,US,Pacific/Honolulu,20.795601,-156.014008
JHM,PHJH,Kapalua Airport,Lahaina,US,Pacific/Honolulu,20.9629,-156.673004
JRF,PHJR,Kalaeloa Airport,Kapolei,US,Pacific/Honolulu,21.3074,-158.070009
KOA,PHKO,Ellison Onizuka Kona International Airport at Keāhole,Kailua-Kona,US,Pacific/Honolulu,19.738783,-156.045603
LIH,PHLI,Lihue Airport,"Lihue, Kauai",US,Pacific/Honolulu,21.974393,-159.337146
MKK,PHMK,Molokai Airport,Kaunakakai,US,Pacific/Honolulu,21.152901,-157.095993
MUE,PHMU,Waimea Kohala Airport,Waimea (Kamuela),US,Pacific/Honolulu,20.001301,-155.667999
NGF,PHNG,Kaneohe Bay MCAS (Marion E. Carl Field) Airport,Kaneohe,US,Pacific/Honolulu,21.4505,-157.768005
HNL,PHNL,Daniel K. Inouye International Airport,"Honolulu, Oahu",US,Pacific/Honolulu,21.318387,-157.92567
LNY,PHNY,Lanai Airport,Lanai City,US,Pacific/Honolulu,20.785675,-156.951324
OGG,PHOG,Kahului International Airport,Kahului,US,Pacific/Honolulu,20.896263,-156.431837
ITO,PHTO,Hilo International Airport,Hilo,US,Pacific/Honolulu,19.72135,-155.045428
MAJ,PKMJ,Marshall Islands International Airport,Majuro Atoll,MH,Pacific/Majuro,7.06511,171.271656
KWA,PKWA,Bucholz Army Air Field,Kwajalein,MH,Pacific/Kwajalein,8.720120429992676,167.73199462890625
CXI,PLCH,Cassidy International Airport,Kiritimati,KI,Pacific/Kiritimati,1.986278,-157.350011
MDY,PMDY,Henderson Field,Sand Island,UM,Pacific/Midway,28.2017,-177.380997
PIZ,PPIZ,Point Lay LRRS Airport,Point Lay,US,America/Anchorage,69.732903,-163.005005
TKK,PTKK,Chuuk International Airport,Weno Island,FM,Pacific/Chuuk,7.46187,151.843002
PNI,PTPN,Pohnpei International Airport,Pohnpei Island,FM,Pacific/Pohnpei,6.985082,158.20992
ROR,PTRO,Roman Tmetuchl International Airport,Babelthuap Island,PW,Pacific/Palau,7.366965,134.544085
KSA,PTSA,Kosrae International Airport,Okat,FM,Pacific/Kosrae,5.35698,162.957993
YAP,PTYA,Yap International Airport,Yap Island,FM,Pacific/Chuuk,9.49891,138.082993
AWK,PWAK,Wake Island Airfield,Wake Island,UM,Pacific/Wake,19.282437,166.636637
KNH,RCBS,Kinmen Airport,Shang-I,TW,Asia/Taipei,24.4279,118.359001
LZN,RCFG,Matsu Nangan Airport,Matsu (Nangan),TW,Asia/Taipei,26.159656,119.958376
TTT,RCFN,Taitung Airport,Taitung City,TW,Asia/Taipei,22.7549991607666,121.10199737548828
KHH,RCKH,Kaohsiung International Airport,Kaohsiung (Xiaogang),TW,Asia/Taipei,22.577101,120.349998
CYI,RCKU,Chiayi Airport,Shuishang,TW,Asia/Taipei,23.462577,120.390544
HCN,RCKW,Hengchun Airport,Hengchun,TW,Asia/Taipei,22.0411,120.730003
KYD,RCLY,Lanyu Airport,Orchid Island,TW,Asia/Taipei,22.027000427246094,121.53500366210938
RMQ,RCMQ,Taichung International Airport / Ching Chuang Kang Air Base,Taichung (Qingshui),TW,Asia/Taipei,24.2647,120.621002
MFK,RCMT,Matsu Beigan Airport,Matsu (Beigan),TW,Asia/Taipei,26.224199,120.002998
TNN,RCNN,Tainan International Airport / Tainan Air Base,Tainan (Rende),TW,Asia/Taipei,22.950399,120.206001
HSZ,RCPO,Hsinchu Air Base,Hsinchu City,TW,Asia/Taipei,24.8180007935,120.939002991
MZG,RCQC,Penghu Magong Airport,Huxi,TW,Asia/Taipei,23.568701,119.627998
PIF,RCSQ,Pingtung Air Force Base North,Pingtung,TW,Asia/Taipei,22.700199,120.482002
TSA,RCSS,Taipei Songshan International Airport,Taipei (Songshan),TW,Asia/Taipei,25.067244,121.552822
TPE,RCTP,Taiwan Taoyuan International Airport,Taoyuan,TW,Asia/Taipei,25.0777,121.233002
HUN,RCYU,Hualien Chiashan Airport,Hualien City,TW,Asia/Taipei,24.023163,121.617991
NRT,RJAA,Narita International Airport,Narita,JP,Asia/Tokyo,35.76858,140.388714
MMJ,RJAF,Shinshu-Matsumoto Airport,Matsumoto,JP,Asia/Tokyo,36.166801,137.923004
IBR,RJAH,Ibaraki Airport,Omitama,JP,Asia/Tokyo,36.181456,140.414434
IWO,RJAW,Ioto (Iwo Jima) Airbase,Ogasawara,JP,Asia/Tokyo,24.784153,141.32261
KIX,RJBB,Kansai International Airport,Osaka,JP,Asia/Tokyo,34.427299,135.244003
SHM,RJBD,Nanki Shirahama Airport,Shirahama,JP,Asia/Tokyo,33.6622009277,135.363998413
UKB,RJBE,Kobe Airport,Kobe,JP,Asia/Tokyo,34.632801,135.223999
TJH,RJBT,Konotori Tajima Airport,Toyooka,JP,Asia/Tokyo,35.512798,134.787003
OBO,RJCB,Tokachi-Obihiro Airport,Obihiro,JP,Asia/Tokyo,42.7332992554,143.216995239
CTS,RJCC,New Chitose Airport,Sapporo,JP,Asia/Tokyo,42.774753,141.690414
HKD,RJCH,Hakodate Airport,Hakodate,JP,Asia/Tokyo,41.77,140.822006
KUH,RJCK,Kushiro Airport,Kushiro,JP,Asia/Tokyo,43.041,144.192993
MMB,RJCM,Memanbetsu Airport,Ōzora,JP,Asia/Tokyo,43.8805999756,144.164001465
SHB,RJCN,Nakashibetsu Airport,Nakashibetsu,JP,Asia/Tokyo,43.5774993896,144.960006714
OKD,RJCO,Sapporo Okadama Airport,Sapporo,JP,Asia/Tokyo,43.117447,141.38134
WKJ,RJCW,Wakkanai Airport,Wakkanai,JP,Asia/Tokyo,45.4042015076,141.800994873
AXJ,RJDA,Amakusa Airport,Amakusa,JP,Asia/Tokyo,32.482498,130.158997
IKI,RJDB,Iki Airport,Iki,JP,Asia/Tokyo,33.7490005493,129.785003662
UBJ,RJDC,Yamaguchi Ube Airport,Ube,JP,Asia/Tokyo,33.93,131.279007
TSJ,RJDT,Tsushima Airport,Tsushima,JP,Asia/Tokyo,34.2849006653,129.330993652
MBE,RJEB,Monbetsu Airport,Monbetsu,JP,Asia/Tokyo,44.303901672399995,143.404006958
AKJ,RJEC,Asahikawa Airport,Higashikagura,JP,Asia/Tokyo,43.670799,142.447006
OIR,RJEO,Okushiri Airport,Okushiri Island,JP,Asia/Tokyo,42.0717010498,139.432998657
RIS,RJER,Rishiri Airport,Rishiri,JP,Asia/Tokyo,45.2420005798,141.186004639
KUM,RJFC,Yakushima Airport,Yakushima,JP,Asia/Tokyo,30.385599,130.658997
FUJ,RJFE,Fukue Airport,Goto,JP,Asia/Tokyo,32.666302,128.832993
FUK,RJFF,Fukuoka Airport,Fukuoka,JP,Asia/Tokyo,33.585899353027344,130.4510040283203
TNE,RJFG,New Tanegashima Airport,Tanegashima,JP,Asia/Tokyo,30.605100631699997,130.990997314
KOJ,RJFK,Kagoshima Airport,Kagoshima,JP,Asia/Tokyo,31.8034,130.718994
KMI,RJFM,Miyazaki Airport,Miyazaki,JP,Asia/Tokyo,31.877199,131.449005
OIT,RJFO,Oita Airport,Oita,JP,Asia/Tokyo,33.479400634799994,131.736999512
KKJ,RJFR,Kitakyushu Airport,Kitakyushu,JP,Asia/Tokyo,33.845901,131.035004
HSG,RJFS,Kyushu Saga International Airport,Saga,JP,Asia/Tokyo,33.1497,130.302002
KMJ,RJFT,Kumamoto Airport,Kumamoto,JP,Asia/Tokyo,32.837299,130.854996
NGS,RJFU,Nagasaki Airport,Nagasaki,JP,Asia/Tokyo,32.916901,129.914001
NGO,RJGG,Chubu Centrair International Airport,Tokoname,JP,Asia/Tokyo,34.858398,136.804993
ASJ,RJKA,Amami Airport,Amami,JP,Asia/Tokyo,28.430599212646484,129.71299743652344
OKE,RJKB,Okinoerabu Airport,Wadomari,JP,Asia/Tokyo,27.431604,128.705564
KKX,RJKI,Kikai Airport,Kikai,JP,Asia/Tokyo,28.321300506599997,129.927993774
TKN,RJKN,Tokunoshima Airport,Amagi,JP,Asia/Tokyo,27.836382,128.881356
NKM,RJNA,Nagoya Airport / JASDF Komaki Air Base,Nagoya,JP,Asia/Tokyo,35.255759,136.924095
FKJ,RJNF,Fukui Airport,Fukui,JP,Asia/Tokyo,36.142799,136.223999
QGU,RJNG,Gifu Airport,Gifu,JP,Asia/Tokyo,35.3941,136.869995
KMQ,RJNK,Komatsu Airport / JASDF Komatsu Air Base,Kanazawa,JP,Asia/Tokyo,36.393407,136.406895
OKI,RJNO,Oki Global Geopark Airport,Okinoshima,JP,Asia/Tokyo,36.178388,133.323566
FSZ,RJNS,Mount Fuji Shizuoka Airport,Makinohara / Shimada,JP,Asia/Tokyo,34.795022,138.190976
TOY,RJNT,Toyama Kitokito Airport,Toyama,JP,Asia/Tokyo,36.648416,137.187359
NTQ,RJNW,Noto Satoyama Airport,Wajima,JP,Asia/Tokyo,37.293098,136.962006
HIJ,RJOA,Hiroshima Airport,Hiroshima,JP,Asia/Tokyo,34.4361,132.919006
OKJ,RJOB,Okayama Momotaro Airport,Okayama,JP,Asia/Tokyo,34.756901,133.854996
IZO,RJOC,Izumo Enmusubi Airport,Izumo,JP,Asia/Tokyo,35.413601,132.889999
YGJ,RJOH,Yonago Kitaro Airport / JASDF Miho Air Base,Yonago,JP,Asia/Tokyo,35.492199,133.235992
IWK,RJOI,Iwakuni Kintaikyo Airport,Iwakuni,JP,Asia/Tokyo,34.146333,132.247238
KCZ,RJOK,Kochi Ryoma Airport,Nankoku,JP,Asia/Tokyo,33.545217,133.670166
MYJ,RJOM,Matsuyama Airport,Matsuyama,JP,Asia/Tokyo,33.826893,132.700114
ITM,RJOO,Osaka Itami International Airport,Osaka,JP,Asia/Tokyo,34.780853,135.440829
TTJ,RJOR,Tottori Sand Dunes Conan Airport,Tottori,JP,Asia/Tokyo,35.530058,134.165023
TKS,RJOS,Tokushima Awaodori Airport / JMSDF Tokushima Air Base,Tokushima,JP,Asia/Tokyo,34.132559,134.607816
TAK,RJOT,Takamatsu Airport,Takamatsu,JP,Asia/Tokyo,34.214963,134.015454
IWJ,RJOW,Iwami Airport,Masuda,JP,Asia/Tokyo,34.676399231,131.789993286
AOJ,RJSA,Aomori Airport,Aomori,JP,Asia/Tokyo,40.733777,140.689477
GAJ,RJSC,Yamagata Airport,Higashine,JP,Asia/Tokyo,38.4119,140.371002
SDS,RJSD,Sado Airport,Sado,JP,Asia/Tokyo,38.0601997375,138.414001465
FKS,RJSF,Fukushima Airport,Sukagawa,JP,Asia/Tokyo,37.22740173339844,140.43099975585938
HHE,RJSH,JMSDF Hachinohe Air Base / Hachinohe Airport,Hachinohe,JP,Asia/Tokyo,40.551181,141.465428
HNA,RJSI,Iwate Hanamaki Airport,Hanamaki,JP,Asia/Tokyo,39.4286,141.134995
AXT,RJSK,Akita Airport,Akita,JP,Asia/Tokyo,39.615601,140.218994
MSJ,RJSM,Misawa Airport / Misawa Air Base,Misawa,JP,Asia/Tokyo,40.703201,141.367996
KIJ,RJSN,Niigata Airport,Niigata,JP,Asia/Tokyo,37.954166,139.112189
ONJ,RJSR,Odate Noshiro Airport,Kitaakita,JP,Asia/Tokyo,40.191898,140.371002
SDJ,RJSS,Sendai Airport,Natori,JP,Asia/Tokyo,38.139702,140.917007
SYO,RJSY,Shonai Airport,Shonai,JP,Asia/Tokyo,38.812199,139.787003
NJA,RJTA,JMSDF Atsugi Air Base / Naval Air Facility Atsugi,Ayase / Yamato,JP,Asia/Tokyo,35.454601,139.449997
HAC,RJTH,Hachijojima Airport,Hachijojima,JP,Asia/Tokyo,33.114843,139.785645
OIM,RJTO,Oshima Airport,Izu Oshima,JP,Asia/Tokyo,34.782001495399996,139.36000061
MYE,RJTQ,Miyakejima Airport,Miyakejima,JP,Asia/Tokyo,34.073600769,139.559997559
HND,RJTT,Tokyo Haneda International Airport,Tokyo,JP,Asia/Tokyo,35.549678,139.786958
OKO,RJTY,Yokota Air Base,Fussa,JP,Asia/Tokyo,35.748501,139.348007
MWX,RKJB,Muan International Airport,Muan (Piseo-ri),KR,Asia/Seoul,34.991406,126.382814
KWJ,RKJJ,Gwangju Airport,Gwangju,KR,Asia/Seoul,35.123173,126.805444
KUV,RKJK,Gunsan Airport / Gunsan Air Base,Gunsan,KR,Asia/Seoul,35.903801,126.615997
RSU,RKJY,Yeosu Airport,Yeosu,KR,Asia/Seoul,34.84230041503906,127.61699676513672
KAG,RKNN,Gangneung Airport (K-18),Gangneung,KR,Asia/Seoul,37.753601,128.943915
WJU,RKNW,Wonju Airport / Hoengseong Air Base (K-38/K-46),Wonju,KR,Asia/Seoul,37.437113,127.960051
YNY,RKNY,Yangyang International Airport,Gonghang-ro,KR,Asia/Seoul,38.060481,128.669822
CJU,RKPC,Jeju International Airport,Jeju City,KR,Asia/Seoul,33.512058,126.492548
JDG,RKPD,Jeongseok Airport,Jeju Island,KR,Asia/Seoul,33.3996009827,126.711997986
PUS,RKPK,Gimhae International Airport,Busan,KR,Asia/Seoul,35.179501,128.938004
HIN,RKPS,Sacheon Airport / Sacheon Air Base,Sacheon,KR,Asia/Seoul,35.088591,128.071747
USN,RKPU,Ulsan Airport,Ulsan,KR,Asia/Seoul,35.59349823,129.352005005
ICN,RKSI,Incheon International Airport,Seoul,KR,Asia/Seoul,37.469101,126.450996
SSN,RKSM,Seoul Air Base (K-16),Seongnam,KR,Asia/Seoul,37.444744,127.112718
OSN,RKSO,Osan Air Base,Pyeongtaek,KR,Asia/Seoul,37.091457,127.029448
GMP,RKSS,Gimpo International Airport,Seoul,KR,Asia/Seoul,37.5583,126.791
SWU,RKSW,Suwon Airport,Suwon,KR,Asia/Seoul,37.239399,127.007004
KPO,RKTH,Pohang Airport (G-815/K-3),Pohang,KR,Asia/Seoul,35.987955,129.420383
JWO,RKTI,Jungwon Air Base/Chungju Airport,Gimseang-ro,KR,Asia/Seoul,37.03024,127.886353
TAE,RKTN,Daegu International Airport,Daegu,KR,Asia/Seoul,35.894394,128.656989
CJJ,RKTU,Cheongju International Airport/Cheongju Air Base (K-59/G-513),Cheongju,KR,Asia/Seoul,36.71556,127.500289
YEC,RKTY,Yecheon Airbase,Yecheon-ri,KR,Asia/Seoul,36.630373,128.34971
OKA,ROAH,Naha International Airport,Naha,JP,Asia/Tokyo,26.192437,127.639804
DNA,RODN,Kadena Air Base,Okinawa,JP,Asia/Tokyo,26.351667,127.769444
ISG,ROIG,New Ishigaki Airport,Ishigaki,JP,Asia/Tokyo,24.396389,124.245
UEO,ROKJ,Kumejima Airport,Kumejima,JP,Asia/Tokyo,26.363445,126.71384
MMD,ROMD,Minamidaito Airport,Minamidaito,JP,Asia/Tokyo,25.8465,131.263
MMY,ROMY,Miyako Airport,Miyakojima,JP,Asia/Tokyo,24.782801,125.294998
IEJ,RORE,Iejima Airport,Ie,JP,Asia/Tokyo,26.722537,127.786801
KTD,RORK,Kitadaito Airport,Kitadaitōjima,JP,Asia/Tokyo,25.9447002411,131.32699585
SHI,RORS,Shimojishima Airport,Miyakojima,JP,Asia/Tokyo,24.8267,125.144997
TRA,RORT,Tarama Airport,Tarama,JP,Asia/Tokyo,24.653793,124.675453
RNJ,RORY,Yoron Airport,Yoron,JP,Asia/Tokyo,27.043847,128.401648
OGN,ROYN,Yonaguni Airport,Yonaguni,JP,Asia/Tokyo,24.467298,122.979827
SFS,RPLB,Subic Bay International Airport / Naval Air Station Cubi Point,Olongapo,PH,Asia/Manila,14.794833,120.271883
CRK,RPLC,Clark International Airport / Clark Air Base,Mabalacat,PH,Asia/Manila,15.186,120.559998
LLC,RPLH,Cagayan North International Airport,Lal-lo,PH,,18.182388,121.746223
LAO,RPLI,Laoag International Airport,Laoag City,PH,Asia/Manila,18.175089,120.531006
DRP,RPLK,Bicol International Airport,Legazpi,PH,Asia/Manila,13.111915,123.676829
MNL,RPLL,Ninoy Aquino International Airport,Manila (Pasay),PH,Asia/Manila,14.5086,121.019997
SGL,RPLS,Danilo Atienza Air Base,Cavite,PH,Asia/Manila,14.4954,120.903999
LBX,RPLU,Lubang Airport,Lubang,PH,Asia/Manila,13.8554,120.105003
AAV,RPMA,Allah Valley Airport,Surallah,PH,Asia/Manila,6.367903,124.752431
CBO,RPMC,Cotabato (Awang) Airport,Datu Odin Sinsuat,PH,Asia/Manila,7.164753,124.209938
DVO,RPMD,Francisco Bangoy International Airport,Davao,PH,Asia/Manila,7.12552,125.646004
BXU,RPME,Bancasi Airport,Butuan,PH,Asia/Manila,8.9515,125.4788
BPH,RPMF,Bislig Airport,Bislig,PH,Asia/Manila,8.195052,126.321015
DPL,RPMG,Dipolog Airport,Dipolog,PH,Asia/Manila,8.601983,123.341875
CGM,RPMH,Camiguin Airport,Mambajao,PH,Asia/Manila,9.253894,124.709115
JOL,RPMJ,Jolo Airport,Jolo,PH,Asia/Manila,6.05367,121.011002
TWT,RPMN,Sanga Sanga Airport,Bongao,PH,,5.048196,119.743338
OZC,RPMO,Labo Airport,Ozamiz,PH,Asia/Manila,8.17851,123.842003
PAG,RPMP,Pagadian Airport,Pagadian,PH,Asia/Manila,7.825632,123.459635
MXI,RPMQ,Mati National Airport,Mati,PH,Asia/Manila,6.949091,126.27368
GES,RPMR,General Santos International Airport,General Santos,PH,Asia/Manila,6.057208,125.096243
SUG,RPMS,Surigao Airport,Surigao City,PH,Asia/Manila,9.755838325629998,125.480947495
TDG,RPMW,Tandag Airport,Tandag,PH,Asia/Manila,9.072002,126.17132
CGY,RPMY,Laguindingan International Airport,Laguindingan,PH,Asia/Manila,8.612203,124.456496
ZAM,RPMZ,Zamboanga International Airport,Zamboanga,PH,Asia/Manila,6.92242,122.059998
TAG,RPSP,Bohol-Panglao International Airport,Panglao,PH,Asia/Manila,9.573045,123.770143
BAG,RPUB,Loakan Airport,Baguio,PH,Asia/Manila,16.375034,120.619949
DTE,RPUD,Daet Airport,Daet,PH,Asia/Manila,14.1292,122.980003
SJI,RPUH,San Jose Airport,San Jose,PH,Asia/Manila,12.361499786399998,121.04699707
MBO,RPUM,Mamburao Airport,Mamburao,PH,Asia/Manila,13.208048,120.605457
WNP,RPUN,Naga Airport,Naga,PH,Asia/Manila,13.58489990234375,123.2699966430664
BSO,RPUO,Basco Airport,Basco,PH,Asia/Manila,20.4513,121.980003
BQA,RPUR,Dr. Juan C. Angara Airport,Baler,PH,Asia/Manila,15.729309,121.500034
SFE,RPUS,San Fernando Airport,San Fernando,PH,Asia/Manila,16.5956,120.303001
TUG,RPUT,Tuguegarao Airport,Tuguegarao City,PH,Asia/Manila,17.6433676823,121.733150482
VRC,RPUV,Virac Airport,Virac,PH,Asia/Manila,13.576399803161621,124.20600128173828
MRQ,RPUW,Marinduque Airport,Gasan,PH,Asia/Manila,13.361000061035156,121.82599639892578
CYZ,RPUY,Cauayan Airport,Cauayan City,PH,Asia/Manila,16.9298992157,121.752998352
TAC,RPVA,Daniel Z. Romualdez Airport,Tacloban City,PH,Asia/Manila,11.227761,125.027783
BCD,RPVB,Bacolod-Silay International Airport,Bacolod City,PH,Asia/Manila,10.776237,123.018879
CYP,RPVC,Calbayog Airport,Calbayog City,PH,Asia/Manila,12.072574,124.54508
DGT,RPVD,Sibulan Airport,Dumaguete City,PH,Asia/Manila,9.334183,123.30191
MPH,RPVE,Godofredo P. Ramos Airport,Caticlan,PH,Asia/Manila,11.9245,121.954002
CRM,RPVF,Catarman National Airport,Catarman,PH,Asia/Manila,12.50161,124.635258
ILO,RPVI,Iloilo International Airport,Cabatuan,PH,Asia/Manila,10.833017,122.493358
MBT,RPVJ,Moises R. Espinosa Airport,Masbate,PH,Asia/Manila,12.369682,123.630095
KLO,RPVK,Kalibo International Airport,Kalibo,PH,Asia/Manila,11.6794,122.375999
CEB,RPVM,Mactan Cebu International Airport,Cebu City/Lapu-Lapu City,PH,Asia/Manila,10.309261,123.97974
OMC,RPVO,Ormoc Airport,Ormoc City,PH,Asia/Manila,11.057715,124.565622
PPS,RPVP,Puerto Princesa International Airport / PAF Antonio Bautista Air Base,Puerto Princesa,PH,Asia/Manila,9.742044,118.75911
RXS,RPVR,Roxas Airport,Roxas City,PH,Asia/Manila,11.597700119018555,122.75199890136719
EUQ,RPVS,Evelio Javier Airport,San Jose,PH,Asia/Manila,10.766644,121.932506
TBH,RPVU,Tugdan Airport,Tablas Island,PH,Asia/Manila,12.3109998703,122.084999084
USU,RPVV,Francisco B. Reyes (Busuanga) Airport,Coron,PH,Asia/Manila,12.121865,120.100801
RSI,RSI,Red Sea International Airport,Hanak,SA,Asia/Riyadh,25.627975,37.088914
NOI,RU-0089,Krymsk Air Base,Krymsk,RU,,44.962905,37.999071
LNX,RU-10076,Smolensk North Airport,Smolensk,RU,Europe/Moscow,54.824,32.025
EIK,RU-10077,Yeysk Airport,Yeysk,RU,Europe/Moscow,46.68,38.21
COC,SAAC,Comodoro Pierrestegui Airport,Concordia,AR,America/Argentina/Cordoba,-31.2969,-57.9966
GHU,SAAG,Gualeguaychu Airport,Gualeguaychu,AR,America/Argentina/Cordoba,-33.005567,-58.612833
PRA,SAAP,General Urquiza Airport,Parana,AR,America/Argentina/Cordoba,-31.7948,-60.4804
ROS,SAAR,Rosario Islas Malvinas International Airport,Rosario,AR,America/Argentina/Cordoba,-32.9036,-60.785
SFN,SAAV,Sauce Viejo Airport,Santa Fe,AR,America/Argentina/Cordoba,-31.7117,-60.8117
AEP,SABE,Aeroparque Jorge Newbery,Buenos Aires,AR,America/Argentina/Buenos_Aires,-34.559419,-58.415536
COR,SACO,Ingeniero Aeronáutico Ambrosio L.V. Taravella International Airport,Cordoba,AR,America/Argentina/Cordoba,-31.312346,-64.208329
LPG,SADL,La Plata Airport,La Plata,AR,America/Argentina/Buenos_Aires,-34.9722,-57.8947
EPA,SADP,El Palomar Airport,El Palomar,AR,America/Argentina/Buenos_Aires,-34.6099,-58.6126
EZE,SAEZ,Ezeiza International Airport - Ministro Pistarini,Buenos Aires (Ezeiza),AR,America/Argentina/Buenos_Aires,-34.8222,-58.5358
RDS,SAHS,Rincon De Los Sauces Airport,Rincon de los Sauces,AR,America/Argentina/Salta,-37.390598,-68.904198
APZ,SAHZ,Zapala Airport,Zapala,AR,America/Argentina/Salta,-38.975498,-70.113602
MDZ,SAME,Governor Francisco Gabrielli International Airport,Mendoza,AR,America/Argentina/Mendoza,-32.831699,-68.7929
LGS,SAMM,Comodoro D.R. Salomón Airport,Malargue,AR,America/Argentina/Mendoza,-35.493599,-69.574303
AFA,SAMR,Suboficial Ay Santiago Germano Airport,San Rafael,AR,America/Argentina/Mendoza,-34.588299,-68.4039
CTC,SANC,Coronel Felipe Varela International Airport,Catamarca,AR,America/Argentina/Catamarca,-28.593117,-65.7512
SDE,SANE,Vicecomodoro Angel D. La Paz Aragonés Airport,Santiago del Estero,AR,America/Argentina/Cordoba,-27.765556335399996,-64.3099975586
IRJ,SANL,Capitan V A Almonacid Airport,La Rioja,AR,America/Argentina/La_Rioja,-29.381599,-66.795799
RHD,SANR,Termas de Río Hondo international Airport,Termas de Río Hondo,AR,America/Argentina/Cordoba,-27.4966,-64.93595
TUC,SANT,Teniente Benjamín Matienzo International Airport,San Miguel de Tucumán,AR,America/Argentina/Tucuman,-26.837397,-65.104195
UAQ,SANU,Domingo Faustino Sarmiento Airport,San Juan,AR,America/Argentina/San_Juan,-31.571501,-68.418198
RCU,SAOC,Area De Material Airport,Rio Cuarto,AR,America/Argentina/Cordoba,-33.085098,-64.261299
VDR,SAOD,Villa Dolores Airport,Villa Dolores,AR,America/Argentina/Cordoba,-31.9452,-65.146301
VME,SAOR,Villa Reynolds Airport,Villa Mercedes,AR,America/Argentina/San_Luis,-33.7299003601,-65.3873977661
LUQ,SAOU,Brigadier Mayor D Cesar Raul Ojeda Airport,San Luis,AR,America/Argentina/San_Luis,-33.273201,-66.3564
CNQ,SARC,Corrientes Airport,Corrientes,AR,America/Argentina/Cordoba,-27.4455,-58.7619
RES,SARE,Resistencia International Airport,Resistencia,AR,America/Argentina/Cordoba,-27.44991,-59.056125
FMA,SARF,Formosa National Airport,Formosa,AR,America/Argentina/Cordoba,-26.2127,-58.2281
IGR,SARI,Cataratas Del Iguazú International Airport,Puerto Iguazu,AR,America/Argentina/Cordoba,-25.737301,-54.4734
AOL,SARL,Paso De Los Libres Airport,Paso de los Libres,AR,America/Argentina/Cordoba,-29.6894,-57.1521
MCS,SARM,Monte Caseros Airport,Monte Caseros,AR,America/Argentina/Cordoba,-30.2719,-57.6402
PSS,SARP,Libertador Gral D Jose De San Martin Airport,Posadas,AR,America/Argentina/Cordoba,-27.3858,-55.9707
SLA,SASA,Martín Miguel de Güemes International Airport,Salta,AR,America/Argentina/Salta,-24.856001,-65.486198
JUJ,SASJ,Gobernador Horacio Guzman International Airport,San Salvador de Jujuy,AR,America/Argentina/Jujuy,-24.392799,-65.097801
ORA,SASO,Orán Airport,Orán,AR,America/Argentina/Salta,-23.1528,-64.329201
TTG,SAST,General Enrique Mosconi Airport,Tartagal,AR,America/Argentina/Salta,-22.616877,-63.793015
OYA,SATG,Goya Airport,Goya,AR,America/Argentina/Cordoba,-29.1058,-59.2189
RCQ,SATR,Reconquista Airport,Reconquista,AR,America/Argentina/Cordoba,-29.210278,-59.683333
UZU,SATU,Curuzu Cuatia Airport,Curuzu Cuatia,AR,America/Argentina/Cordoba,-29.7706,-57.9789
EHL,SAVB,El Bolsón Airfield,El Bolsón,AR,America/Argentina/Salta,-41.943199,-71.532303
CRD,SAVC,General Enrique Mosconi International Airport,Comodoro Rivadavia,AR,America/Argentina/Catamarca,-45.786941,-67.463355
EQS,SAVE,Esquel Brigadier Antonio Parodi International Airport,Esquel,AR,America/Argentina/Catamarca,-42.908001,-71.139503
LHS,SAVH,Las Heras Airport,Las Heras,AR,America/Argentina/Rio_Gallegos,-46.538517,-68.965323
REL,SAVT,Almirante Marco Andres Zar Airport,Rawson,AR,America/Argentina/Catamarca,-43.2105,-65.2703
VDM,SAVV,Gobernador Castello Airport,Viedma / Carmen de Patagones,AR,America/Argentina/Salta,-40.8692,-63.0004
PMY,SAVY,El Tehuelche Airport,Puerto Madryn,AR,America/Argentina/Catamarca,-42.7592,-65.1027
FTE,SAWC,El Calafate - Commander Armando Tola International Airport,El Calafate,AR,America/Argentina/Rio_Gallegos,-50.281997,-72.053949
PUD,SAWD,Puerto Deseado Airport,Puerto Deseado,AR,America/Argentina/Rio_Gallegos,-47.7353,-65.9041
RGA,SAWE,Gobernador Ramón Trejo Noel International Airport,Rio Grande,AR,America/Argentina/Ushuaia,-53.7777,-67.7494
RGL,SAWG,Piloto Civil Norberto Fernández International Airport,Rio Gallegos,AR,America/Argentina/Rio_Gallegos,-51.608791,-69.308948
USH,SAWH,Ushuaia - Malvinas Argentinas International Airport,Ushuaia,AR,America/Argentina/Ushuaia,-54.8433,-68.2958
ULA,SAWJ,Capitan D Daniel Vazquez Airport,San Julian,AR,America/Argentina/Rio_Gallegos,-49.306816,-67.802596
PMQ,SAWP,Perito Moreno Jalil Hamer Airport,Perito Moreno,AR,America/Argentina/Rio_Gallegos,-46.537899,-70.978699
RZA,SAWU,Santa Cruz Airport,Puerto Santa Cruz,AR,America/Argentina/Rio_Gallegos,-50.0165,-68.5792
BHI,SAZB,Comandante Espora Airport,Bahía Blanca,AR,America/Argentina/Buenos_Aires,-38.725,-62.1693
GPO,SAZG,General Pico Airport,General Pico,AR,America/Argentina/Salta,-35.696201,-63.758301
OYO,SAZH,Tres Arroyos Airport,Tres Arroyos,AR,America/Argentina/Buenos_Aires,-38.3869,-60.3297
SST,SAZL,Santa Teresita Airport,Santa Teresita,AR,America/Argentina/Buenos_Aires,-36.5423,-56.7218
MDQ,SAZM,Ástor Piazzola International Airport,Mar del Plata,AR,America/Argentina/Buenos_Aires,-37.9342,-57.5733
NQN,SAZN,Presidente Perón International Airport,Neuquén,AR,America/Argentina/Salta,-38.949001,-68.155701
NEC,SAZO,Necochea Airport,Necochea,AR,America/Argentina/Buenos_Aires,-38.490746,-58.816337
PEH,SAZP,Comodoro Pedro Zanni Airport,Pehuajó,AR,America/Argentina/Buenos_Aires,-35.8446,-61.8576
RSA,SAZR,Santa Rosa Airport,Santa Rosa,AR,America/Argentina/Salta,-36.588299,-64.275703
BRC,SAZS,Teniente Luis Candelaria International Airport,San Carlos de Bariloche,AR,America/Argentina/Salta,-41.151199,-71.157501
TDL,SAZT,Héroes de Malvinas Airport,Tandil,AR,America/Argentina/Buenos_Aires,-37.234634,-59.228647
VLG,SAZV,Villa Gesell Airport,Villa Gesell,AR,America/Argentina/Buenos_Aires,-37.2354,-57.0292
CUT,SAZW,Cutral-Co Airport,Cutral-Co,AR,America/Argentina/Salta,-38.939701,-69.264603
CPC,SAZY,Aviador C. Campos Airport,Chapelco/San Martin de los Andes,AR,America/Argentina/Salta,-40.075401,-71.137299
CDJ,SBAA,Conceição do Araguaia Airport,Conceição do Araguaia,BR,America/Belem,-8.34835,-49.301498
ARX,SBAC,Aracati Dragão do Mar Regional Airport,Aracati,BR,,-4.568896,-37.805135
JTC,SBAE,Bauru/Arealva–Moussa Nakhal Tobias State Airport,Bauru,BR,America/Sao_Paulo,-22.160755,-49.070325
AQA,SBAQ,Araraquara Airport,Araraquara,BR,America/Sao_Paulo,-21.812,-48.132999
AJU,SBAR,Aracaju - Santa Maria Airport,Aracaju,BR,America/Fortaleza,-10.98394,-37.072873
AFL,SBAT,Piloto Osvaldo Marques Dias Airport,Alta Floresta,BR,America/Cuiaba,-9.866389,-56.106298
ARU,SBAU,Araçatuba Airport,Araçatuba,BR,America/Sao_Paulo,-21.141479,-50.424575
AAX,SBAX,Romeu Zema Airport,Araxá,BR,America/Sao_Paulo,-19.5632,-46.9604
BEL,SBBE,Val de Cans/Júlio Cezar Ribeiro International Airport,Belém,BR,America/Belem,-1.379279,-48.476207
BGX,SBBG,Comandante Gustavo Kraemer Airport,Bagé,BR,America/Sao_Paulo,-31.390499,-54.112202
PLU,SBBH,Pampulha - Carlos Drummond de Andrade Airport,Belo Horizonte,BR,America/Sao_Paulo,-19.85074,-43.950316
BFH,SBBI,Bacacheri Airport,Curitiba,BR,America/Sao_Paulo,-25.4051,-49.231998
BSB,SBBR,Presidente Juscelino Kubitschek International Airport,Brasília,BR,America/Sao_Paulo,-15.869167,-47.920834
BAT,SBBT,Chafei Amsei Airport,Barretos,BR,America/Sao_Paulo,-20.584631,-48.594125
BVB,SBBV,Atlas Brasil Cantanhede International Airport,Boa Vista,BR,America/Boa_Vista,2.84615,-60.690648
BPG,SBBW,Barra do Garças Airport,Barra do Garças,BR,America/Campo_Grande,-15.861417,-52.389008
BZC,SBBZ,Umberto Modiano Airport,Cabo Frio,BR,America/Sao_Paulo,-22.770881,-41.96308
CAC,SBCA,Coronel Adalberto Mendes da Silva Airport,Cascavel,BR,America/Sao_Paulo,-25.000323,-53.501208
CNF,SBCF,Tancredo Neves International Airport,Belo Horizonte,BR,America/Sao_Paulo,-19.63571,-43.966928
CGR,SBCG,Campo Grande Airport,Campo Grande,BR,America/Campo_Grande,-20.469998,-54.673988
XAP,SBCH,Serafin Enoss Bertaso Airport,Chapecó,BR,America/Sao_Paulo,-27.134199,-52.656601
CLN,SBCI,Brig. Lysias Augusto Rodrigues Airport,Carolina,BR,America/Araguaina,-7.32044,-47.458698
CKS,SBCJ,Carajás Airport,Parauapebas,BR,America/Araguaina,-6.117841,-50.003372
CCM,SBCM,Forquilhinha - Criciúma  Airport,Criciúma,BR,America/Sao_Paulo,-28.725743,-49.424475
QNS,SBCO,Canoas Air Force Base,Porto Alegre,BR,America/Sao_Paulo,-29.945928,-51.144413
CAW,SBCP,Bartolomeu Lisandro Airport,Campos dos Goytacazes,BR,America/Sao_Paulo,-21.698299,-41.301701
CMG,SBCR,Corumbá International Airport,Corumbá,BR,America/Campo_Grande,-19.01193,-57.672772
CWB,SBCT,Curitiba-Afonso Pena International Airport,Curitiba,BR,America/Sao_Paulo,-25.5285,-49.1758
CRQ,SBCV,Caravelas Airport,Caravelas,BR,America/Bahia,-17.6523,-39.253101
CXJ,SBCX,Hugo Cantergiani Regional Airport,Caxias Do Sul,BR,America/Sao_Paulo,-29.197183,-51.187647
CGB,SBCY,Várzea Grande–Marechal Rondon International Airport,Cuiabá,BR,America/Cuiaba,-15.6529,-56.116699
CZS,SBCZ,Cruzeiro do Sul Airport,Cruzeiro Do Sul,BR,America/Eirunepe,-7.59991,-72.769501
PPB,SBDN,Presidente Prudente Airport,Presidente Prudente,BR,America/Sao_Paulo,-22.1751,-51.424599
MAO,SBEG,Eduardo Gomes International Airport,Manaus,BR,America/Boa_Vista,-3.03861,-60.049702
JCR,SBEK,Jacareacanga Airport,Jacareacanga,BR,America/Santarem,-6.23316,-57.776901
IGU,SBFI,Cataratas International Airport,Foz do Iguaçu,BR,America/Sao_Paulo,-25.594167,-54.489444
FLN,SBFL,Hercílio Luz International Airport,Florianópolis,BR,America/Sao_Paulo,-27.670279,-48.552502
FEN,SBFN,Fernando de Noronha Airport,Fernando de Noronha,BR,America/Fortaleza,-3.854534,-32.423017
FOR,SBFZ,Pinto Martins International Airport,Fortaleza,BR,America/Fortaleza,-3.775833,-38.532222
GIG,SBGL,Rio Galeão – Tom Jobim International Airport,Rio De Janeiro,BR,America/Sao_Paulo,-22.809999,-43.250557
GJM,SBGM,Guajará-Mirim Airport,Guajará-Mirim,BR,America/Boa_Vista,-10.78641,-65.28486
GYN,SBGO,Santa Genoveva International Airport,Goiânia,BR,America/Sao_Paulo,-16.632,-49.220699
GRU,SBGR,São Paulo/Guarulhos–Governor André Franco Montoro International Airport,São Paulo,BR,America/Sao_Paulo,-23.431274,-46.469954
GVR,SBGV,Coronel Altino Machado Airport,Governador Valadares,BR,America/Sao_Paulo,-18.895882,-41.982869
GUJ,SBGW,Edu Chaves Field,Guaratinguetá,BR,America/Sao_Paulo,-22.791599,-45.2048
ATM,SBHT,Altamira Interstate Airport,Altamira,BR,America/Santarem,-3.253144,-52.253938
ITA,SBIC,Itacoatiara Airport,Itacoatiara,BR,America/Boa_Vista,-3.126539,-58.481668
ITB,SBIH,Itaituba Airport,Itaituba,BR,America/Belem,-4.242131,-56.000651
IOS,SBIL,Bahia - Jorge Amado Airport,Ilhéus,BR,America/Bahia,-14.815929,-39.033458
IPN,SBIP,Usiminas Airport,Ipatinga,BR,America/Sao_Paulo,-19.470699,-42.487598
IMP,SBIZ,Prefeito Renato Moreira Airport,Imperatriz,BR,America/Fortaleza,-5.53129,-47.459999
JJD,SBJE,Comandante Ariston Pessoa Airport,Cruz,BR,America/Fortaleza,-2.906425,-40.357338
JDF,SBJF,Francisco de Assis Airport,Juiz de Fora,BR,America/Sao_Paulo,-21.791482,-43.386072
JHF,SBJH,São Paulo Catarina Executive Airport,São Roque,BR,America/Sao_Paulo,-23.426886,-47.165658
JPA,SBJP,Presidente Castro Pinto International Airport,João Pessoa,BR,America/Fortaleza,-7.148691,-34.950554
RRJ,SBJR,Jacarepaguá - Roberto Marinho Airport,Rio de Janeiro,BR,,-22.986773,-43.372194
JOI,SBJV,Lauro Carneiro de Loyola Airport,Joinville,BR,America/Sao_Paulo,-26.224501,-48.797401
CPV,SBKG,Presidente João Suassuna Airport,Campina Grande,BR,America/Fortaleza,-7.269662,-35.896057
VCP,SBKP,Viracopos International Airport,Campinas,BR,America/Sao_Paulo,-23.007404,-47.134502
LAJ,SBLJ,Lages Airport,Lages,BR,America/Sao_Paulo,-27.782101,-50.281502
LIP,SBLN,Lins Airport,Lins,BR,America/Sao_Paulo,-21.663491,-49.729954
LDB,SBLO,Governor José Richa Airport,Londrina,BR,America/Sao_Paulo,-23.334375,-51.128365
LAZ,SBLP,Bom Jesus da Lapa Airport,Bom Jesus da Lapa,BR,America/Bahia,-13.2621,-43.4081
MAB,SBMA,João Correa da Rocha Airport,Marabá,BR,America/Araguaina,-5.36859,-49.138
MQH,SBMC,Minaçu Airport,Minaçu,BR,America/Sao_Paulo,-13.5491,-48.195301
MEU,SBMD,Monte Dourado - Serra do Areão Airport,Almeirim,BR,America/Belem,-0.889839,-52.6022
MEA,SBME,Macaé Benedito Lacerda Airport,Macaé,BR,America/Sao_Paulo,-22.343,-41.765999
MGF,SBMG,Regional de Maringá - Sílvio Name Júnior Airport,Maringá,BR,America/Sao_Paulo,-23.47606,-52.016187
MOC,SBMK,Mário Ribeiro Airport,Montes Claros,BR,America/Sao_Paulo,-16.706919,-43.818901
MII,SBML,Frank Miloye Milenkowichi–Marília State Airport,Marília,BR,America/Sao_Paulo,-22.196899,-49.926485
PLL,SBMN,Ponta Pelada Airport / Manaus Air Base,Manaus,BR,America/Manaus,-3.14604,-59.986301
MCZ,SBMO,Zumbi dos Palmares International Airport,Maceió,BR,America/Maceio,-9.512559,-35.791839
MCP,SBMQ,Macapá - Alberto Alcolumbre International Airport,Macapá,BR,America/Belem,0.050664,-51.072201
MVF,SBMS,Dix-Sept Rosado Airport,Mossoró,BR,America/Fortaleza,-5.20192,-37.3643
RTE,SBMT,Campo de Marte Airport,São Paulo,BR,,-23.5091,-46.637798
MNX,SBMY,Manicoré Airport,Manicoré,BR,America/Manaus,-5.81138,-61.278301
NVT,SBNF,Ministro Victor Konder International Airport,Navegantes,BR,America/Sao_Paulo,-26.879431,-48.650979
GEL,SBNM,Santo Ângelo Airport,Santo Ângelo,BR,America/Sao_Paulo,-28.282503,-54.169623
OYK,SBOI,Oiapoque Airport,Oiapoque,BR,America/Cayenne,3.85412,-51.797056
POA,SBPA,Porto Alegre-Salgado Filho International Airport,Porto Alegre,BR,America/Sao_Paulo,-29.993984,-51.167482
PHB,SBPB,Parnaíba - Prefeito Doutor João Silva Filho International Airport,Parnaíba,BR,America/Fortaleza,-2.89375,-41.731998
POO,SBPC,Poços de Caldas - Embaixador Walther Moreira Salles Airport,Poços De Caldas,BR,America/Sao_Paulo,-21.842529,-46.569768
PFB,SBPF,Lauro Kurtz Airport,Passo Fundo,BR,America/Sao_Paulo,-28.243976,-52.32777
PGZ,SBPG,Ponta Grossa Airport - Comandante Antonio Amilton Beraldo,Ponta Grossa,BR,America/Sao_Paulo,-25.184476,-50.143822
PMW,SBPJ,Brigadeiro Lysias Rodrigues Airport,Palmas,BR,America/Araguaina,-10.2915,-48.356998
PET,SBPK,João Simões Lopes Neto International Airport,Pelotas,BR,America/Sao_Paulo,-31.717189,-52.327796
PNZ,SBPL,Senador Nilo Coelho Airport,Petrolina,BR,America/Bahia,-9.362422,-40.569098
PNB,SBPN,Porto Nacional Airport,Porto Nacional,BR,America/Fortaleza,-10.719402,-48.3997
PMG,SBPP,Ponta Porã Airport,Ponta Porã,BR,America/Campo_Grande,-22.549601,-55.702599
BPS,SBPS,Porto Seguro International Airport,Porto Seguro,BR,America/Bahia,-16.438426,-39.080584
PVH,SBPV,Governador Jorge Teixeira de Oliveira International Airport,Porto Velho,BR,America/Porto_Velho,-8.708491,-63.902338
RBR,SBRB,Rio Branco-Plácido de Castro International Airport,Rio Branco,BR,America/Rio_Branco,-9.869031,-67.893984
ROO,SBRD,Maestro Marinho Franco Airport,Rondonópolis,BR,America/Cuiaba,-16.584292,-54.724803
REC,SBRF,Recife/Guararapes - Gilberto Freyre International Airport,Recife,BR,America/Recife,-8.12747,-34.922961
SDU,SBRJ,Santos Dumont Airport,Rio de Janeiro,BR,America/Sao_Paulo,-22.910397,-43.16282
RAO,SBRP,Leite Lopes Airport,Ribeirão Preto,BR,America/Sao_Paulo,-21.134314,-47.774053
SNZ,SBSC,Santa Cruz Air Force Base,Rio de Janeiro,BR,America/Sao_Paulo,-22.9324,-43.719101
NAT,SBSG,Rio Grande do Norte/São Gonçalo do Amarante–Governador Aluízio Alves International Airport,Natal,BR,America/Recife,-5.769822,-35.36661
SJK,SBSJ,Professor Urbano Ernesto Stumpf Airport,São José Dos Campos,BR,America/Sao_Paulo,-23.2292,-45.8615
SLZ,SBSL,Marechal Cunha Machado International Airport,São Luís,BR,America/Fortaleza,-2.586386,-44.235008
RIA,SBSM,Santa Maria Airport,Santa Maria,BR,America/Sao_Paulo,-29.711399,-53.688202
STM,SBSN,Santarém - Maestro Wilson Fonseca International Airport,Santarém,BR,America/Belem,-2.422423,-54.79306
CGH,SBSP,Congonhas–Deputado Freitas Nobre Airport,São Paulo,BR,America/Sao_Paulo,-23.627657,-46.654601
SJP,SBSR,Prof. Eribelto Manoel Reino State Airport,São José do Rio Preto,BR,America/Sao_Paulo,-20.817113,-49.406963
SSZ,SBST,Santos Nero Moura Air Base / Guarujá Airport,Guarujá,BR,America/Sao_Paulo,-23.928192,-46.300195
SSA,SBSV,Deputado Luiz Eduardo Magalhães International Airport,Salvador,BR,America/Bahia,-12.908611,-38.322498
TMT,SBTB,Trombetas Airport,Oriximiná,BR,America/Belem,-1.4896,-56.396801
THE,SBTE,Senador Petrônio Portela Airport,Teresina,BR,America/Fortaleza,-5.06025,-42.823712
TFF,SBTF,Tefé Airport,Tefé,BR,America/Boa_Vista,-3.38294,-64.724098
TRQ,SBTK,Tarauacá Airport,Tarauacá,BR,America/Rio_Branco,-8.155534,-70.782985
TEC,SBTL,Telêmaco Borba Airport,Telêmaco Borba,BR,America/Sao_Paulo,-24.317801,-50.6516
TBT,SBTT,Tabatinga International Airport,Tabatinga,BR,America/Porto_Velho,-4.25567,-69.935799
TUR,SBTU,Tucuruí Airport,Tucuruí,BR,America/Belem,-3.78601,-49.720299
SJL,SBUA,São Gabriel da Cachoeira Airport,São Gabriel da Cachoeira,BR,America/Boa_Vista,-0.14835,-66.9855
PAV,SBUF,Paulo Afonso Airport,Paulo Afonso,BR,America/Maceio,-9.40088,-38.250599
URG,SBUG,Rubem Berta Airport,Uruguaiana,BR,America/Sao_Paulo,-29.7822,-57.0382
UDI,SBUL,Ten. Cel. Aviador César Bombonato Airport,Uberlândia,BR,America/Sao_Paulo,-18.883579,-48.225936
UBA,SBUR,Mário de Almeida Franco Airport,Uberaba,BR,America/Sao_Paulo,-19.765036,-47.964805
VAG,SBVG,Major Brigadeiro Trompowsky Airport,Varginha,BR,America/Sao_Paulo,-21.591375,-45.474116
BVH,SBVH,Brigadeiro Camarão Airport,Vilhena,BR,America/Boa_Vista,-12.6944,-60.098301
VIX,SBVT,Eurico de Aguiar Salles International Airport,Vitória,BR,America/Sao_Paulo,-20.258,-40.285
IZA,SBZM,Presidente Itamar Franco Airport,Juiz de Fora,BR,America/Sao_Paulo,-21.513086,-43.173069
ARI,SCAR,Chacalluta International Airport,Arica,CL,America/Santiago,-18.348499,-70.338699
CPO,SCAT,Desierto de Atacama Airport,Copiapo,CL,America/Santiago,-27.2612,-70.779198
BBA,SCBA,Balmaceda Airport,Balmaceda,CL,America/Santiago,-45.915968,-71.689499
TOQ,SCBE,Barriles Airport,Tocopilla,CL,America/Santiago,-22.1411,-70.062897
CCH,SCCC,Chile Chico Airport,Chile Chico,CL,America/Santiago,-46.5831,-71.686323
CJC,SCCF,El Loa Airport,Calama,CL,America/Santiago,-22.498199,-68.903603
YAI,SCCH,Gral. Bernardo O´Higgins Airport,Chillan,CL,America/Santiago,-36.5825,-72.031403
PUQ,SCCI,President Carlos Ibáñez International Airport,Punta Arenas,CL,America/Punta_Arenas,-53.002602,-70.854599
GXQ,SCCY,Teniente Vidal Airport,Coyhaique,CL,America/Santiago,-45.5942,-72.106102
IQQ,SCDA,Diego Aracena International Airport,Iquique,CL,America/Santiago,-20.536273,-70.181373
SCL,SCEL,Comodoro Arturo Merino Benítez International Airport,Santiago,CL,America/Santiago,-33.393001556396484,-70.78579711914062
ESR,SCES,Ricardo García Posada Airport,El Salvador,CL,America/Santiago,-26.3111,-69.765198
ANF,SCFA,Andrés Sabella Gálvez International Airport,Antofagasta,CL,America/Santiago,-23.445274,-70.445232
WPR,SCFM,Captain Fuentes Martinez Airport,Porvenir,CL,America/Santiago,-53.2537,-70.319199
WPU,SCGZ,Guardia Marina Zañartu Airport,Puerto Williams,CL,America/Santiago,-54.931099,-67.626297
LGR,SCHR,Cochrane Airport,Cochrane,CL,America/Santiago,-47.243591,-72.58815
CCP,SCIE,Carriel Sur International Airport,Concepcion,CL,America/Santiago,-36.77235,-73.062828
IPC,SCIP,Mataveri International Airport,Isla De Pascua,CL,Pacific/Easter,-27.165411,-109.421027
ZOS,SCJO,Cañal Bajo Carlos Hott Siebert Airport,Osorno,CL,America/Santiago,-40.611198,-73.060997
VLR,SCLL,Vallenar Airport,Vallenar,CL,America/Santiago,-28.596399,-70.755997
PNT,SCNT,Lieutenant Julio Gallardo Airport,Puerto Natales,CL,America/Santiago,-51.67067,-72.529078
ZCO,SCQP,La Araucanía International Airport,Temuco,CL,America/Santiago,-38.9259,-72.6515
CNR,SCRA,Chañaral Airport,Chañaral,CL,America/Santiago,-26.3325,-70.6073
LSC,SCSE,La Florida Airport,La Serena-Coquimbo,CL,America/Santiago,-29.916201,-71.199501
PZS,SCTC,Maquehue Airport,Temuco,CL,,-38.766799926758,-72.637100219727
PMC,SCTE,El Tepual International Airport,Puerto Montt,CL,America/Santiago,-41.443093,-73.094065
TLX,SCTL,Panguilemo Airport,Talca,CL,America/Santiago,-35.3778,-71.6017
WCH,SCTN,Nuevo Chaitén Airport,Chaitén,CL,America/Santiago,-42.781943,-72.834999
ZIC,SCTO,Victoria Airport,Victoria,CL,America/Santiago,-38.245602,-72.348602
TTC,SCTT,Las Breas Airport,Taltal,CL,America/Santiago,-25.564301,-70.3759
ZAL,SCVD,Pichoy Airport,Valdivia,CL,America/Santiago,-39.6500015259,-73.0860977173
KNA,SCVM,Viña del Mar Airport,Viña del Mar,CL,America/Santiago,-32.9496,-71.4786
FEC,SDIY,João Durval Carneiro Airport,Feira de Santana,BR,America/Bahia,-12.200694,-38.906164
ATF,SEAM,Chachoán Regional Airport,Ambato,EC,America/Guayaquil,-1.21207,-78.5746
OCC,SECO,Francisco De Orellana Airport,Coca,EC,America/Guayaquil,-0.462886,-76.986801
CUE,SECU,Mariscal Lamar Airport,Cuenca,EC,America/Guayaquil,-2.88947,-78.984398
GPS,SEGS,Seymour Galapagos Ecological Airport,Isla Baltra,EC,Pacific/Galapagos,-0.453758,-90.2659
GYE,SEGU,José Joaquín de Olmedo International Airport,Guayaquil,EC,America/Guayaquil,-2.15742,-79.883598
TNW,SEJD,Jumandy Airport,Ahuano,EC,,-1.060185,-77.580525
LTX,SELT,Cotopaxi International Airport,Latacunga,EC,America/Guayaquil,-0.906833,-78.615799
MRR,SEMA,Jose Maria Velasco Ibarra Airport,Macará,EC,America/Guayaquil,-4.37823009491,-79.94100189210002
XMS,SEMC,Coronel E Carvajal Airport,Macas,EC,America/Guayaquil,-2.2991700172424316,-78.12079620361328
MEC,SEMT,Eloy Alfaro International Airport,Manta,EC,America/Guayaquil,-0.9460780024528503,-80.67880249023438
PVO,SEPV,Reales Tamarindos Airport,Portoviejo,EC,America/Guayaquil,-1.04165,-80.472198
UIO,SEQM,Mariscal Sucre International Airport,Quito,EC,America/Guayaquil,-0.125399,-78.354306
ETR,SERO,Santa Rosa - Artillery Colonel Victor Larrea International Airport,Santa Rosa,EC,America/Guayaquil,-3.441986,-79.996957
SNC,SESA,General Ulpiano Paez International Airport,Salinas/La Libertad,EC,America/Guayaquil,-2.210057,-80.985067
ESM,SETN,Carlos Concha Torres International Airport,Tachina,EC,America/Guayaquil,0.978519,-79.626602
TPC,SETR,Tarapoa Airport,Tarapoa,EC,America/Guayaquil,-0.122956,-76.337799
TUA,SETU,Lieutenant Colonel Luis A. Mantilla International Airport,Tulcán,EC,America/Guayaquil,0.809506,-77.708099
ASU,SGAS,Silvio Pettirossi International Airport,Asunción,PY,America/Asuncion,-25.240156,-57.519227
AYO,SGAY,Aeropuerto Nacional Juan de Ayolas,Ayolas,PY,America/Asuncion,-27.378379,-56.856791
CIO,SGCO,Lieutenant Colonel Carmelo Peralta National Airport,Concepción,PY,America/Asuncion,-23.441609,-57.427039
ENO,SGEN,Teniente Ramon A. Ayub Gonzalez International Airport,Encarnación,PY,America/Asuncion,-27.227537,-55.837584
AGT,SGES,Guaraní International Airport,Ciudad del Este,PY,America/Asuncion,-25.457186,-54.839544
ESG,SGME,Dr. Luis María Argaña International Airport,Mariscal Estigarribia,PY,America/Asuncion,-22.046499,-60.6217
PIL,SGPI,Aeródromo Don Carlos Miguel Gimenez,Pilar,PY,America/Asuncion,-26.881981,-58.319067
PJC,SGPJ,Aeropuerto Nacional Dr. Augusto Roberto Fuster,Pedro Juan Caballero,PY,America/Asuncion,-22.641427,-55.829993
API,SKAP,Gomez Nino Apiay Air Base,Apiay,CO,America/Bogota,4.07607,-73.5627
AXM,SKAR,El Eden Airport,Armenia,CO,America/Bogota,4.45278,-75.7664
PUU,SKAS,Tres De Mayo Airport,Puerto Asís,CO,America/Bogota,0.505228,-76.5008
ELB,SKBC,Las Flores Airport,El Banco,CO,America/Bogota,9.04554,-73.9749
BGA,SKBG,Palonegro Airport,Bucaramanga,CO,America/Bogota,7.1265,-73.1848
BOG,SKBO,El Dorado International Airport,Bogota,CO,America/Bogota,4.70159,-74.1469
BAQ,SKBQ,Ernesto Cortissoz International Airport,Barranquilla,CO,America/Bogota,10.8896,-74.7808
BSC,SKBS,José Celestino Mutis Airport,Bahía Solano,CO,America/Bogota,6.20292,-77.3947
BUN,SKBU,Gerardo Tobar López Airport,Buenaventura,CO,America/Bogota,3.81963,-76.9898
CUC,SKCC,Camilo Daza International Airport,Cúcuta,CO,America/Bogota,7.92757,-72.5115
CTG,SKCG,Rafael Nuñez International Airport,Cartagena,CO,America/Bogota,10.4424,-75.513
CLO,SKCL,Alfonso Bonilla Aragon International Airport,Cali,CO,America/Bogota,3.542717,-76.381898
TCO,SKCO,La Florida Airport,Tumaco,CO,America/Bogota,1.81442,-78.7492
CAQ,SKCU,Juan H White Airport,Caucasia,CO,America/Bogota,7.96847,-75.1985
CVE,SKCV,Coveñas Airport,Coveñas,CO,America/Bogota,9.40092,-75.6913
CZU,SKCZ,Las Brujas Airport,Corozal,CO,America/Bogota,9.33274,-75.2856
EBG,SKEB,El Bagre Airport,El Bagre,CO,America/Bogota,7.59647,-74.8089
EJA,SKEJ,Yariguíes Airport,Barrancabermeja,CO,America/Bogota,7.02433,-73.8068
FLA,SKFL,Gustavo Artunduaga Paredes Airport,Florencia,CO,America/Bogota,1.58919,-75.5644
GIR,SKGI,Santiago Vila Airport,Girardot,CO,America/Bogota,4.27624,-74.7967
CRC,SKGO,Santa Ana Airport,Cartago,CO,America/Bogota,4.75818,-75.9557
GPI,SKGP,Guapi Airport,Guapi,CO,America/Bogota,2.57013,-77.897969
IBE,SKIB,Perales Airport,Ibagué,CO,America/Bogota,4.42161,-75.1333
IPI,SKIP,San Luis Airport,Ipiales,CO,America/Bogota,0.861946,-77.671783
APO,SKLC,Antonio Roldán Betancur Airport,Carepa,CO,America/Bogota,7.81196,-76.7164
MCJ,SKLM,Jorge Isaac Airport,La Mina-Maicao,CO,America/Bogota,11.2325,-72.4901
LET,SKLT,Alfredo Vásquez Cobo International Airport,Leticia,CO,America/Bogota,-4.191147,-69.942003
EOH,SKMD,Enrique Olaya Herrera Airport,Medellín,CO,America/Bogota,6.219686,-75.590597
MGN,SKMG,Baracoa Airport,Magangué,CO,America/Bogota,9.28474,-74.8461
MTR,SKMR,Los Garzones Airport,Montería,CO,America/Bogota,8.82374,-75.8258
MVP,SKMU,Fabio Alberto Leon Bentley Airport,Mitú,CO,America/Bogota,1.25366,-70.2339
MZL,SKMZ,La Nubia Airport,Manizales,CO,America/Bogota,5.0296,-75.4647
wrote 4563 rows,,,,,,,
NVA,SKNV,Benito Salas Airport,Neiva,CO,America/Bogota,2.95015,-75.294
OCV,SKOC,Aguas Claras Airport,Ocaña,CO,America/Bogota,8.31506,-73.3583
PCR,SKPC,German Olano Airport,Puerto Carreño,CO,America/Bogota,6.18472,-67.4932
PDA,SKPD,Obando Cesar Gaviria Trujillo Airport,Puerto Inírida,CO,America/Bogota,3.85353,-67.9062
PEI,SKPE,Matecaña International Airport,Pereira,CO,America/Bogota,4.81267,-75.7395
PTX,SKPI,Pitalito Airport,Pitalito,CO,America/Bogota,1.85777,-76.0857
PPN,SKPP,Guillermo León Valencia Airport,Popayán,CO,America/Bogota,2.454359,-76.609253
PAL,SKPQ,German Olano Air Base,La Dorada,CO,,5.48361,-74.6574
PSO,SKPS,Antonio Nariño Airport,Chachagüí,CO,America/Bogota,1.396722,-77.29093
PVA,SKPV,El Embrujo Airport,Providencia,CO,America/Bogota,13.357461,-81.357977
PZA,SKPZ,Paz de Ariporo Airport,Paz de Ariporo,CO,America/Bogota,5.876146,-71.886671
MQU,SKQU,Mariquita Airport,Mariquita,CO,America/Bogota,5.21256,-74.8836
MDE,SKRG,Jose Maria Córdova International Airport,Medellín,CO,America/Bogota,6.16454,-75.4231
RCH,SKRH,Almirante Padilla Airport,Riohacha,CO,America/Bogota,11.5262,-72.926
SJE,SKSJ,Jorge E. Gonzalez Torres Airport,San José Del Guaviare,CO,America/Bogota,2.57969,-72.6394
SMR,SKSM,Simón Bolívar International Airport,Santa Marta,CO,America/Bogota,11.1196,-74.2306
ADZ,SKSP,Gustavo Rojas Pinilla International Airport,San Andrés,CO,America/Bogota,12.5836,-81.7112
SVI,SKSV,Eduardo Falla Solano Airport,San Vicente Del Caguán,CO,America/Bogota,2.15217,-74.7663
TME,SKTM,Gustavo Vargas Airport,Tame,CO,America/Bogota,6.45108,-71.7603
TQS,SKTQ,Captain Ernesto Esguerra Cubides Air Base,Tres Esquinas,CO,America/Bogota,0.7459,-75.234
AUC,SKUC,Santiago Perez Airport,Arauca,CO,America/Bogota,7.06888,-70.7369
UIB,SKUI,El Caraño Airport,Quibdó,CO,America/Bogota,5.69076,-76.6412
ULQ,SKUL,Heriberto Gíl Martínez Airport,Tuluá,CO,America/Bogota,4.08836,-76.2351
VUP,SKVP,Alfonso López Pumarejo Airport,Valledupar,CO,America/Bogota,10.435,-73.2495
VVC,SKVV,Vanguardia Airport,Villavicencio,CO,America/Bogota,4.16787,-73.6138
EYP,SKYP,El Alcaravan - Yopal Airport,Yopal,CO,America/Bogota,5.31911,-72.384
SRE,SLAL,Alcantarí International Airport,Sucre,BO,America/La_Paz,-19.246835,-65.149611
BJO,SLBJ,Bermejo Airport,Bermejo,BO,America/La_Paz,-22.7733001709,-64.31289672850001
CBB,SLCB,Jorge Wilsterman International Airport,Cochabamba,BO,America/La_Paz,-17.421105,-66.177102
CIJ,SLCO,Capitán Aníbal Arab Airport,Cobija,BO,America/La_Paz,-11.039109,-68.782774
SRZ,SLET,El Trompillo Airport,Santa Cruz,BO,America/La_Paz,-17.8115997314,-63.1715011597
GYA,SLGM,Guayaramerín Airport,Guayaramerín,BO,America/La_Paz,-10.88856,-65.380955
LPB,SLLP,El Alto International Airport,La Paz / El Alto,BO,America/La_Paz,-16.510272,-68.189416
ORU,SLOR,Juan Mendoza International Airport,Oruro,BO,America/La_Paz,-17.956151,-67.075829
POI,SLPO,Capitan Nicolas Rojas Airport,Potosí,BO,America/La_Paz,-19.543331,-65.723734
PSZ,SLPS,Capitán Av. Salvador Ogaya G. airport,Puerto Suárez,BO,America/La_Paz,-18.975301,-57.820599
RIB,SLRI,Capitán Av. Selin Zeitun Lopez Airport,Riberalta,BO,America/La_Paz,-11.009355,-66.075468
SBL,SLSA,Santa Ana Del Yacuma Airport,Santa Ana del Yacuma,BO,America/La_Paz,-13.762200355500001,-65.4352035522
TJA,SLTJ,Capitan Oriel Lea Plaza Airport,Tarija,BO,America/La_Paz,-21.5557,-64.701302
TDD,SLTR,Teniente Av. Jorge Henrich Arauz Airport,Trinidad,BO,America/La_Paz,-14.8187,-64.917999
UYU,SLUY,Joya Andina International Airport,Quijarro,BO,America/La_Paz,-20.441304,-66.857553
VLM,SLVM,Teniente Coronel Rafael Pabón Airport,Villamontes,BO,America/La_Paz,-21.255199432399998,-63.4056015015
VVI,SLVR,Viru Viru International Airport,Santa Cruz,BO,America/La_Paz,-17.6448,-63.135399
BYC,SLYA,Yacuiba Airport,Yacuíba,BO,America/La_Paz,-21.960899353027344,-63.65169906616211
PBM,SMJP,Johan Adolf Pengel International Airport,Paramaribo,SR,America/Paramaribo,5.45283,-55.187801
JSO,SN6L,Dr. Luciano de Arruda Coelho Regional Airport,Sobral,BR,,-3.614488,-40.231426
EEA,SNCP,Planalto Serrano Regional Airport,Correia Pinto,BR,,-27.634128,-50.358253
LHN,SNLN,Linhares Municipal Airport,Linhares,BR,,-19.355202,-40.07128
CAY,SOCA,Cayenne – Félix Eboué Airport,Matoury,GF,America/Cayenne,4.819964,-52.361326
MPY,SOOA,Maripasoula Airport,Maripasoula,GF,America/Cayenne,3.655907,-54.039431
OYP,SOOG,Saint-Georges-de-l'Oyapock Airport,Saint-Georges-de-l'Oyapock,GF,,3.8976,-51.8041
LDX,SOOM,Saint-Laurent-du-Maroni Airport,Saint-Laurent-du-Maroni,GF,America/Cayenne,5.481891,-54.034964
AYX,SPAY,Teniente General Gerardo Pérez Pinedo Airport,Atalaya,PE,America/Lima,-10.7291,-73.766502
IBP,SPBR,Iberia Airport,Iberia,PE,America/Lima,-11.4116,-69.488701
PCL,SPCL,Cap FAP David Abenzur Rengifo International Airport,Pucallpa,PE,America/Lima,-8.378064,-74.574495
CHM,SPEO,FAP Lieutenant Jaime Andres de Montreuil Morales Airport,Chimbote,PE,America/Lima,-9.14961,-78.523804
CIX,SPHI,Capitán FAP José A. Quiñones González International Airport,Chiclayo,PE,America/Lima,-6.789223,-79.828254
AYP,SPHO,Air Force Colonel Alfredo Mendivil Duarte Airport,Ayacucho,PE,America/Lima,-13.1548,-74.204399
ATA,SPHZ,Comandante FAP German Arias Graziani Airport,Anta,PE,America/Lima,-9.347439765930176,-77.59839630126953
LIM,SPIM,Jorge Chávez International Airport,Lima,PE,America/Lima,-12.0219,-77.114305
RIJ,SPJA,Juan Simons Vela Airport,Rioja,PE,America/Lima,-6.06786,-77.160004
JAE,SPJE,Shumba Airport,Jaén,PE,America/Lima,-5.59248,-78.774002
JJI,SPJI,Juanjui Airport,Juanjuí,PE,America/Lima,-7.1691,-76.7286
JAU,SPJJ,Francisco Carle Airport,Jauja,PE,America/Lima,-11.7831001282,-75.47339630130001
JUL,SPJL,Inca Manco Capac International Airport,Juliaca,PE,America/Lima,-15.467689,-70.15653
CJA,SPJR,Mayor General FAP Armando Revoredo Iglesias Airport,Cajamarca,PE,America/Lima,-7.13918,-78.489403
ILQ,SPLO,General Jorge Fernandez Maldon Airport,Ilo,PE,America/Lima,-17.695,-71.344002
TBP,SPME,Captain Pedro Canga Rodríguez International Airport,Tumbes,PE,America/Lima,-3.552074,-80.381086
YMS,SPMS,Moises Benzaquen Rengifo Airport,Yurimaguas,PE,America/Lima,-5.89377,-76.118202
HUU,SPNC,Alferez Fap David Figueroa Fernandini Airport,Huánuco,PE,America/Lima,-9.878809928894043,-76.20480346679688
CHH,SPPY,Chachapoyas Airport,Chachapoyas,PE,America/Lima,-6.201911,-77.856195
IQT,SPQT,Coronel FAP Francisco Secada Vignetta International Airport,Iquitos,PE,America/Lima,-3.78474,-73.3088
AQP,SPQU,Rodríguez Ballón International Airport,Arequipa,PE,America/Lima,-16.340786,-71.569485
TRU,SPRU,Capitán FAP Carlos Martínez de Pinillos International Airport,Trujillo,PE,America/Lima,-8.082382,-79.108821
PIO,SPSO,Captain Renán Elías Olivera International Airport,Pisco,PE,America/Lima,-13.7449,-76.220299
TPP,SPST,Cadete FAP Guillermo Del Castillo Paredes Airport,Tarapoto,PE,America/Lima,-6.508739948272705,-76.37319946289062
TCQ,SPTN,Coronel FAP Carlos Ciriani Santa Rosa International Airport,Tacna,PE,America/Lima,-18.053300857500002,-70.2758026123
PEM,SPTU,Padre Aldamiz International Airport,Puerto Maldonado,PE,America/Lima,-12.6135997772,-69.2285995483
PIU,SPUR,PAF Captain Guillermo Concha Iberico International Airport,Piura,PE,America/Lima,-5.20575,-80.616402
TYL,SPYL,Captain Victor Montes Arias International Airport,Talara,PE,America/Lima,-4.57664,-81.254097
NZC,SPZA,Maria Reiche Neuman Airport,Nazca,PE,America/Lima,-14.854,-74.961502
CUZ,SPZO,Alejandro Velasco Astete International Airport,Cusco,PE,America/Lima,-13.535699844400002,-71.9387969971
DZO,SUDU,Santa Bernardina International Airport,Durazno,UY,America/Montevideo,-33.358898,-56.499199
PDP,SULS,Capitan Corbeta CA Curbelo International Airport,Punta del Este,UY,America/Montevideo,-34.855099,-55.094299
MVD,SUMU,Carrasco General Cesáreo L. Berisso International Airport,Ciudad de la Costa,UY,America/Montevideo,-34.835647,-56.026497
PDU,SUPU,Tydeo Larre Borges Airport,Paysandú,UY,America/Montevideo,-32.3633,-58.061901
RVY,SURV,Pres. Gral. Óscar D. Gestido Binational Airport,Rivera/Santana do Livramento,UY,America/Montevideo,-30.9746,-55.4762
STY,SUSO,Nueva Hesperides International Airport,Salto,UY,America/Montevideo,-31.438499,-57.985298
AGV,SVAC,Oswaldo Guevara Mujica Airport,Acarigua,VE,America/Caracas,9.553375,-69.237869
AAO,SVAN,Anaco Airport,Anaco,VE,America/Caracas,9.430225,-64.470726
BLA,SVBC,General José Antonio Anzoategui International Airport,Barcelona,VE,America/Caracas,10.111111,-64.692222
BNS,SVBI,Barinas Airport,Barinas,VE,America/Caracas,8.615,-70.214167
BRM,SVBM,Jacinto Lara International Airport,Barquisimeto,VE,America/Caracas,10.042747,-69.35862
MYC,SVBS,Escuela Mariscal Sucre Airport,Maracay,VE,America/Caracas,10.249978,-67.649422
CBL,SVCB,General Tomas de Heres Airport,Ciudad Bolivar,VE,America/Caracas,8.122161,-63.536957
CXA,SVCD,Caicara del Orinoco Airport,,VE,America/Caracas,7.62551,-66.162804
CLZ,SVCL,Calabozo Airport,Guarico,VE,America/Caracas,8.924656,-67.417091
CAJ,SVCN,Canaima Airport,Canaima,VE,America/Caracas,6.231989,-62.85485
CUP,SVCP,General Francisco Bermúdez Airport,Carúpano,VE,America/Caracas,10.660014,-63.261681
CZE,SVCR,José Leonardo Chirinos Airport,Coro,VE,America/Caracas,11.414944,-69.680901
CUM,SVCU,Antonio José de Sucre Airport,Cumaná,VE,America/Caracas,10.450333,-64.13047
EOR,SVED,El Dorado Airport,Bolivar,VE,America/Caracas,6.71573,-61.638786
EOZ,SVEZ,Elorza Airport,,VE,America/Caracas,7.059677,-69.4967
GDO,SVGD,Guasdualito Airport,Guasdualito,VE,America/Caracas,7.210834,-70.756386
GUI,SVGI,Guiria Airport,,VE,America/Caracas,10.574077606200001,-62.3126678467
GUQ,SVGU,Guanare Airport,Guanare,VE,America/Caracas,9.026944,-69.75515
LSP,SVJC,Josefa Camejo International Airport,Paraguaná,VE,America/Caracas,11.780775,-70.151497
LFR,SVLF,La Fria Airport,,VE,America/Caracas,8.239167,-72.271027
MAR,SVMC,La Chinita International Airport,Maracaibo,VE,America/Caracas,10.557542,-71.729307
MRD,SVMD,Alberto Carnevalli Airport,Mérida,VE,America/Caracas,8.582078,-71.161041
PMV,SVMG,Del Caribe Santiago Mariño International Airport,Isla Margarita,VE,America/Caracas,10.912603,-63.966599
CCS,SVMI,Maiquetía Simón Bolívar International Airport,Maiquetía,VE,America/Caracas,10.602214,-66.991174
MUN,SVMT,José Tadeo Monagas International Airport,Maturín,VE,America/Caracas,9.749023,-63.153348
PYH,SVPA,Cacique Aramare Airport,Puerto Ayacucho,VE,America/Caracas,5.61999,-67.606102
PBL,SVPC,General Bartolome Salom International Airport,Puerto Cabello,VE,America/Caracas,10.4805,-68.072998
SCI,SVPM,Paramillo Airport,San Cristóbal,VE,America/Caracas,7.801389,-72.202778
PZO,SVPR,General Manuel Carlos Piar International Airport,Guyana City,VE,America/Caracas,8.28853,-62.760399
PTM,SVPT,Palmarito Airport,Palmarito,VE,America/Caracas,7.575479,-70.174435
SVZ,SVSA,Juan Vicente Gómez International Airport,San Antonio del Tachira,VE,America/Caracas,7.840809,-72.439878
SNV,SVSE,Santa Elena de Uairén Airport,Santa Elena de Uairén,VE,America/Caracas,4.554699,-61.145234
STD,SVSO,Mayor Buenaventura Vivas International Airport,Santo Domingo,VE,America/Caracas,7.56538,-72.035103
SNF,SVSP,Sub Teniente Nestor Arias Airport,San Felipe,VE,America/Caracas,10.2787,-68.755203
SFD,SVSR,San Fernando de Apure Las Flecheras National Airport,San Fernando de Apure,VE,America/Caracas,7.88332,-67.444
SOM,SVST,San Tomé Airport,El Tigre,VE,America/Caracas,8.9451465606689,-64.151084899902
STB,SVSZ,Miguel Urdaneta Fernández Airport,San Carlos del Zulia,VE,America/Caracas,8.97455,-71.943253
TUV,SVTC,Tucupita Airport,Tucupita,VE,America/Caracas,9.088994,-62.094173
TMO,SVTM,Tumeremo Airport,,VE,America/Caracas,7.24938,-61.52893
VLN,SVVA,Arturo Michelena International Airport,Valencia,VE,America/Caracas,10.149733,-67.928398
VIG,SVVG,Juan Pablo Pérez Alfonso Airport,El Vigía,VE,America/Caracas,8.624139,-71.672668
VLV,SVVL,Dr. Antonio Nicolás Briceño Airport,Valera,VE,America/Caracas,9.340478,-70.584061
VDP,SVVP,Valle de La Pascua Airport,,VE,America/Caracas,9.22202777863,-65.9935836792
AUX,SWGN,Araguaína Airport,Araguaína,BR,America/Fortaleza,-7.22787,-48.240501
GEO,SYCJ,Cheddi Jagan International Airport,Georgetown,GY,America/Guyana,6.49855,-58.254101
OGL,SYGO,Eugene F. Correia International Airport,Ogle,GY,America/Guyana,6.805881,-58.107657
KAI,SYKA,Kaieteur Airport,Kaieteur Falls,GY,,5.177349,-59.48898
LTM,SYLT,Lethem Airport,Lethem,GY,America/Guyana,3.37276,-59.789398
ANU,TAPA,V. C. Bird International Airport,Osbourn,AG,America/Antigua,17.1367,-61.792702
BGI,TBPB,Grantley Adams International Airport,Bridgetown,BB,America/Barbados,13.074667,-59.491034
DCF,TDCF,Canefield Airport,Canefield,DM,America/Dominica,15.336693,-61.392108
DOM,TDPD,Douglas-Charles Airport,Marigot,DM,America/Dominica,15.546673,-61.301082
FDF,TFFF,Martinique Aimé Césaire International Airport,Fort-de-France,MQ,America/Martinique,14.591,-61.003201
SFG,TFFG,Grand Case-l'Espérance Airport,Grand Case,MF,America/Marigot,18.100057,-63.047444
SBH,TFFJ,St. Jean Airport,Gustavia,BL,America/St_Barthelemy,17.904398,-62.843333
GBJ,TFFM,Marie-Galante Airport,Grand-Bourg,GP,America/Guadeloupe,15.868925,-61.270087
PTP,TFFR,Maryse Condé International Airport,Pointe-à-Pitre,GP,America/Guadeloupe,16.265443,-61.532754
GND,TGPY,Maurice Bishop International Airport,Saint George's,GD,America/Grenada,12.003996,-61.785302
STT,TIST,Cyril E. King Airport,Charlotte Amalie,VI,America/St_Thomas,18.337091,-64.977251
STX,TISX,Henry E. Rohlsen Airport,Christiansted,VI,America/St_Thomas,17.701413,-64.802608
ARE,TJAB,Antonio Nery Juarbe Pol Airport,Arecibo,PR,America/Puerto_Rico,18.45085,-66.675768
BQN,TJBQ,Rafael Hernández International Airport,Aguadilla,PR,America/Puerto_Rico,18.4949,-67.129402
CPX,TJCP,Benjamin Rivera Noriega Airport,Culebra,PR,America/Puerto_Rico,18.312954,-65.303893
SIG,TJIG,Fernando Luis Ribas Dominicci Airport,San Juan,PR,America/Puerto_Rico,18.45680046081543,-66.09809875488281
MAZ,TJMZ,Eugenio Maria De Hostos Airport,Mayaguez,PR,America/Puerto_Rico,18.255699157714844,-67.14849853515625
PSE,TJPS,Mercedita International Airport,Ponce,PR,America/Puerto_Rico,18.008301,-66.563004
NRR,TJRV,José Aponte de la Torre Airport,Ceiba,PR,America/Puerto_Rico,18.247262,-65.63979
SJU,TJSJ,Luis Munoz Marin International Airport,San Juan,PR,America/Puerto_Rico,18.4394,-66.001801
VQS,TJVQ,Antonio Rivera Rodriguez Airport,Vieques,PR,America/Puerto_Rico,18.1348,-65.493599
SKB,TKPK,Robert L. Bradshaw International Airport,Basseterre,KN,America/St_Kitts,17.310845,-62.719117
NEV,TKPN,Vance W. Amory International Airport,Charlestown,KN,America/St_Kitts,17.2057,-62.589901
SLU,TLPC,George F. L. Charles Airport,Castries,LC,America/St_Lucia,14.0202,-60.992901
UVF,TLPL,Hewanorra International Airport,Vieux Fort,LC,America/St_Lucia,13.7332,-60.952599
BKN,TM-0002,Balkanabat International Airport,Balkanabat,TM,Asia/Ashgabat,39.681052,54.206008
AUA,TNCA,Queen Beatrix International Airport,Oranjestad,AW,America/Aruba,12.501056,-70.014281
BON,TNCB,Flamingo International Airport,Kralendijk,BQ,America/Kralendijk,12.131,-68.268501
CUR,TNCC,Hato International Airport,Willemstad,CW,America/Curacao,12.1889,-68.959801
EUX,TNCE,F. D. Roosevelt Airport,Oranjestad,BQ,America/Kralendijk,17.4965,-62.979401
SXM,TNCM,Princess Juliana International Airport,Sint Maarten,SX,America/Lower_Princes,18.041,-63.108898
SAB,TNCS,Juancho E. Yrausquin Airport,Zion's Hill,BQ,America/Kralendijk,17.64533,-63.220514
AXA,TQPF,Clayton J. Lloyd International Airport,The Valley,AI,America/Anguilla,18.204773,-63.05383
MNI,TRPG,John A. Osborne Airport,Gerald's Park,MS,America/Montserrat,16.791835,-62.193204
TAB,TTCP,A.N.R. Robinson International Airport,Scarborough,TT,America/Port_of_Spain,11.149571,-60.831298
POS,TTPP,Piarco International Airport,Port of Spain,TT,America/Port_of_Spain,10.59535,-61.337568
EIS,TUPJ,Terrance B. Lettsome International Airport,Beef Island,VG,America/Tortola,18.445492,-64.541707
VIJ,TUPW,Virgin Gorda Airport,Spanish Town,VG,America/Tortola,18.446634,-64.427932
SVD,TVSA,Argyle International Airport,Kingstown,VC,America/St_Vincent,13.159725,-61.148801
BQU,TVSB,J F Mitchell Airport,Bequia,VC,America/St_Vincent,12.9884,-61.262001
CIW,TVSC,Canouan Airport,Canouan,VC,America/St_Vincent,12.699,-61.3424
MQS,TVSM,Mustique Airport,Lovell,VC,America/St_Vincent,12.8879,-61.180199
UNI,TVSU,Union Island International Airport,Union Island,VC,America/St_Vincent,12.600135,-61.411945
BDA,TXKF,L.F. Wade International Airport,Hamilton,BM,Atlantic/Bermuda,32.363802,-64.67824
ALA,UAAA,Almaty International Airport,Almaty,KZ,Asia/Almaty,43.354267,77.042828
BXH,UAAH,Balkhash Airport,Balkhash,KZ,Asia/Qyzylorda,46.894246,75.004533
TDK,UAAT,Taldykorgan Airport,Taldykorgan,KZ,Asia/Almaty,45.12255,78.442758
NQZ,UACC,Nursultan Nazarbayev International Airport,Astana,KZ,Asia/Almaty,51.027035,71.467094
KOV,UACK,Kokshetau International Airport,Kokshetau,KZ,Asia/Almaty,53.329102,69.594597
PPK,UACP,Petropavl International Airport,Petropavl,KZ,Asia/Qyzylorda,54.775622,69.187415
DMB,UADD,Taraz International Airport,Taraz,KZ,Asia/Qyzylorda,42.8536,71.303596
BSZ,UAFM,Manas International Airport,Bishkek,KG,Asia/Bishkek,43.061298,74.4776
OSS,UAFO,Osh International Airport,Osh,KG,Asia/Bishkek,40.609001,72.793297
IKG,UAFP,Karakol International Airport,Karakol,KG,Asia/Bishkek,42.508099,78.407799
CIT,UAII,Shymkent International Airport,Shymkent,KZ,Asia/Almaty,42.365021,69.47564
HSA,UAIT,Hazrat Sultan International Airport,Turkıstan,KZ,Asia/Almaty,43.311087,68.550352
DZN,UAKD,Zhezkazgan National Airport,Zhezkazgan,KZ,Asia/Almaty,47.708953,67.738094
KGF,UAKK,Sary-Arka Airport,Karaganda,KZ,Asia/Almaty,49.670799,73.334396
BXY,UAOL,Baikonur Krayniy International Airport,Baikonur,KZ,Asia/Almaty,45.621994,63.210773
KZO,UAOO,Korkyt Ata International Airport,Kyzylorda,KZ,Asia/Qyzylorda,44.706902,65.592499
URA,UARR,Manshuk Mametova International Airport,Uralsk,KZ,Asia/Oral,51.151976,51.543652
EKB,UASB,Ekibastuz Airport,Ekibastuz,KZ,,51.590999603271484,75.21499633789062
UKK,UASK,Oskemen International Airport,Ust-Kamenogorsk (Oskemen),KZ,Asia/Almaty,50.035033,82.496057
PWQ,UASP,Pavlodar International Airport,Pavlodar,KZ,Asia/Qyzylorda,52.194982,77.073088
PLX,UASS,Semei International Airport,Semey,KZ,Asia/Almaty,50.351295,80.234398
SCO,UATE,Aktau International Airport,Aktau,KZ,Asia/Oral,43.860093,51.09086
GUW,UATG,Atyrau International Airport,Atyrau,KZ,Asia/Oral,47.121318,51.820343
AKX,UATT,Aktobe International Airport,Aktobe,KZ,Asia/Aqtobe,50.248116,57.204144
KSN,UAUU,Kostanay International Airport,Kostanay,KZ,Asia/Qyzylorda,53.206902,63.550301
GYD,UBBB,Heydar Aliyev International Airport,Baku,AZ,Asia/Baku,40.47278,50.050931
GNJ,UBBG,Ganja International Airport,Ganja,AZ,Asia/Baku,40.738692,46.320383
NAJ,UBBN,Nakhchivan International Airport,Nakhchivan,AZ,Asia/Baku,39.188801,45.458401
GBB,UBBQ,Gabala International Airport,Gabala,AZ,Asia/Baku,40.808617,47.725389
ZTU,UBBY,Zaqatala International Airport,Zaqatala,AZ,Asia/Baku,41.557823,46.669464
LHL,UBLC,Lachin International Airport,Lachin,AZ,Asia/Baku,39.883787,46.363137
IKU,UCFL,Issyk-Kul International Airport,Tamchy,KG,Asia/Bishkek,42.585584,76.701181
LWN,UDSG,Shirak International Airport,Gyumri,AM,Asia/Yerevan,40.750401,43.859299
EVN,UDYZ,Zvartnots International Airport,Yerevan,AM,Asia/Yerevan,40.148941,44.397887
YKS,UEEE,Platon Oyunsky Yakutsk International Airport,Yakutsk,RU,Asia/Yakutsk,62.0933,129.770996
NER,UELL,Chulman Airport,Neryungri,RU,Asia/Yakutsk,56.913898468018,124.91400146484
MQJ,UEMA,Moma Airport,Khonuu,RU,Asia/Srednekolymsk,66.450861,143.261551
GYG,UEMM,Magan Airport,Magan,RU,Asia/Yakutsk,62.103484,129.545288
OLZ,UEMO,Olyokminsk Airport,Olyokminsk,RU,Asia/Yakutsk,60.401833,120.476094
USR,UEMT,Ust-Nera Airport,Ust-Nera,RU,Asia/Vladivostok,64.550003,143.115005
VYI,UENW,Vilyuisk Airport,Vilyuisk,RU,Asia/Yakutsk,63.756668,121.693336
ULK,UERL,Lensk Airport,Lensk,RU,Asia/Yakutsk,60.7206001282,114.825996399
PYJ,UERP,Polyarny Airport,Yakutia,RU,Asia/Yakutsk,66.400398,112.029999
MJZ,UERR,Mirny Airport,Mirny,RU,Asia/Yakutsk,62.534698486328125,114.03900146484375
SYS,UERS,Saskylakh Airport,Saskylakh,RU,Asia/Yakutsk,71.927902,114.080002
BGN,UESG,Belaya Gora Airport,Belaya Gora,RU,Asia/Magadan,68.556227,146.22784
SEK,UESK,Srednekolymsk Airport,Srednekolymsk,RU,,67.4805,153.7364
CKH,UESO,Chokurdakh Airport,Chokurdah,RU,Asia/Srednekolymsk,70.6231,147.901993
CYX,UESS,Cherskiy Airport,Cherskiy,RU,Asia/Srednekolymsk,68.7406005859375,161.33799743652344
IKS,UEST,Tiksi Airport,Tiksi,RU,Asia/Yakutsk,71.697700500488,128.90299987793
ZKP,UESU,Zyryanka Airport,Zyryanka,RU,Asia/Magadan,65.7485,150.8889
ZIX,UEVV,Zhigansk Airport,Zhigansk,RU,Asia/Yakutsk,66.7965011597,123.361000061
KHX,UG-0002,Savannah Airstrip,Kihihi,UG,,-0.7165,29.6997
KUT,UGKO,David the Builder Kutaisi International Airport,Kopitnari,GE,Asia/Tbilisi,42.177448,42.485353
BUS,UGSB,Alexander Kartveli Batumi International Airport,Batumi,GE,Asia/Tbilisi,41.60939,41.600315
SUI,UGSS,Vladislav Ardzinba Sukhum International Airport,Sukhumi,GE,Asia/Tbilisi,42.8582,41.128101
TBS,UGTB,Tbilisi International Airport,Tbilisi,GE,Asia/Tbilisi,41.669201,44.9547
BQS,UHBB,Ignatyevo Airport,Blagoveschensk,RU,Asia/Yakutsk,50.42539978027344,127.41200256347656
KHV,UHHH,Khabarovsk Novy Airport,Khabarovsk,RU,Asia/Vladivostok,48.528338,135.188588
KXK,UHKK,Komsomolsk-on-Amur Airport,Komsomolsk-on-Amur,RU,Asia/Vladivostok,50.409000396728516,136.9340057373047
GVN,UHKM,Sovetskaya Gavan (Maygatka) Airport,Sovetskaya Gavan,RU,Asia/Vladivostok,48.925067,140.035348
DYR,UHMA,Ugolny Yuri Ryktheu Airport,Anadyr,RU,Asia/Anadyr,64.734902,177.740997
PVS,UHMD,Provideniya Bay Airport,Chukotka,RU,Asia/Anadyr,64.37809753417969,-173.2429962158203
KPW,UHMK,Keperveem Airport,Keperveem,RU,Asia/Anadyr,67.845001,166.139999
GDX,UHMM,Sokol Airport,Magadan,RU,Asia/Magadan,59.9109992980957,150.72000122070312
PWE,UHMP,Pevek Airport,Apapelgino,RU,Asia/Anadyr,69.783302,170.597
SWV,UHMW,Severo-Evensk Airport,Evensk,RU,Asia/Srednekolymsk,61.921786,159.229059
NLI,UHNN,Nikolayevsk-na-Amure Airport,Nikolayevsk-na-Amure Airport,RU,Asia/Vladivostok,53.154999,140.649994
OHO,UHOO,Okhotsk Airport,Okhotsk,RU,Asia/Vladivostok,59.410065,143.056503
PKC,UHPP,Yelizovo Airport,Petropavlovsk-Kamchatsky,RU,Asia/Anadyr,53.168716,158.451068
UUS,UHSS,Yuzhno-Sakhalinsk International Airport,Yuzhno-Sakhalinsk,RU,Asia/Vladivostok,46.885461,142.717466
VVO,UHWW,Vladivostok International Airport,Artyom,RU,Asia/Vladivostok,43.396256,132.148155
HTA,UIAA,Chita-Kadala International Airport,Chita,RU,Asia/Chita,52.024841,113.305839
BTK,UIBB,Bratsk Airport,Bratsk,RU,Asia/Irkutsk,56.3696,101.701822
IKT,UIII,Irkutsk International Airport,Irkutsk,RU,Asia/Irkutsk,52.266707,104.395563
UKX,UITT,Ust-Kut Airport,Ust-Kut,RU,Asia/Irkutsk,56.856701,105.730003
UUD,UIUU,Baikal International Airport,Ulan Ude,RU,Asia/Irkutsk,51.808614,107.439652
KBP,UKBB,Boryspil International Airport,Boryspil,UA,Europe/Kyiv,50.345001,30.894699
MPW,UKCM,Mariupol International Airport,Mariupol,UA,Europe/Kyiv,47.07609939575195,37.44960021972656
ERD,UKDB,Berdyansk Airport,Berdyansk,UA,Europe/Zaporozhye,46.814999,36.758099
DNK,UKDD,Dnipro International Airport,Dnipro,UA,Europe/Kyiv,48.357201,35.100601
OZH,UKDE,Zaporizhzhia International Airport,Zaporizhia,UA,Europe/Zaporozhye,47.866962,35.314723
KWG,UKDR,Kryvyi Rih International Airport,Kryvyi Rih,UA,Europe/Zaporozhye,48.04330062866211,33.209999084472656
UKS,UKFB,Sevastopol International Airport / Belbek Air Base,Sevastopol,UA,Europe/Simferopol,44.691822,33.57462
SIP,UKFF,Simferopol International Airport,Simferopol,UA,Europe/Simferopol,45.0522,33.975101
HRK,UKHH,Kharkiv International Airport,Kharkiv,UA,Europe/Kyiv,49.926943,36.290814
CKC,UKKE,Cherkasy International Airport,Cherkasy,UA,Europe/Kyiv,49.4156,31.9953
IEV,UKKK,Ihor Sikorsky Kyiv International Airport (Zhuliany),Kyiv,UA,Europe/Kyiv,50.40194,30.45194
HMJ,UKLH,Khmelnytskyi Airport,Khmelnytskyi,UA,Europe/Kyiv,49.359699,26.933399
IFO,UKLI,Ivano-Frankivsk International Airport,Ivano-Frankivsk,UA,Europe/Kyiv,48.88420104980469,24.686100006103516
LWO,UKLL,Lviv International Airport,Lviv,UA,Europe/Kyiv,49.8125,23.9561
CWC,UKLN,Chernivtsi International Airport,Chernivtsi,UA,Europe/Uzhgorod,48.259300231933594,25.98080062866211
RWN,UKLR,Rivne International Airport,Rivne,UA,Europe/Kyiv,50.60710144042969,26.141599655151367
UDJ,UKLU,Uzhhorod International Airport,Uzhhorod,UA,Europe/Uzhgorod,48.6343,22.263399
KHE,UKOH,Kherson International Airport,Kherson,UA,,46.6758,32.506401
ODS,UKOO,Odesa International Airport,Odesa,UA,Europe/Kyiv,46.427196,30.672649
VIN,UKWW,Vinnytsia/Gavyryshivka International Airport,Vinnitsa,UA,Europe/Kyiv,49.242531,28.613778
ARH,ULAA,Talagi Airport,Archangelsk,RU,Europe/Moscow,64.60030364990234,40.71670150756836
VKV,ULAH,Vaskovo Airport,Arkhangelsk,RU,,64.441704,40.4217
NNM,ULAM,Naryan Mar Airport,Naryan Mar,RU,Europe/Moscow,67.639999,53.121899
AMV,ULDD,Amderma Airport,Amderma,RU,Europe/Moscow,69.76329803466797,61.556400299072266
KSZ,ULKK,Kotlas Airport,Kotlas,RU,Europe/Moscow,61.235801696777344,46.6974983215332
LED,ULLI,Pulkovo Airport,St. Petersburg,RU,Europe/Moscow,59.800301,30.262501
MMK,ULMM,Emperor Nicholas II Murmansk Airport,Murmansk,RU,Europe/Moscow,68.7817,32.750801
PKV,ULOO,Princess Olga Pskov International Airport,Pskov,RU,Europe/Moscow,57.781316,28.39384
PES,ULPB,Petrozavodsk Airport,Petrozavodsk,RU,Europe/Moscow,61.885201,34.154701
CEE,ULWC,Cherepovets Airport,Cherepovets,RU,Europe/Moscow,59.273601532,38.015800476100004
VUS,ULWU,Velikiy Ustyug Airport,Velikiy Ustyug,RU,Europe/Moscow,60.7883,46.259998
VGD,ULWW,Vologda Airport,Vologda,RU,Europe/Moscow,59.282501,39.944401
BQT,UMBB,Brest International Airport,Brest,BY,Europe/Minsk,52.108138,23.89676
GME,UMGG,Gomel Airport,Gomel,BY,Europe/Minsk,52.527000427246094,31.016700744628906
VTB,UMII,Vitebsk Vostochny Airport,Vitebsk,BY,Europe/Minsk,55.126499176025,30.349599838257
KGD,UMKK,Khrabrovo Airport,Kaliningrad,RU,Europe/Kaliningrad,54.89161,20.598559
GNA,UMMG,Hrodna Airport,Hrodna,BY,Europe/Minsk,53.602001,24.053801
MSQ,UMMS,Minsk National Airport,Minsk,BY,Europe/Minsk,53.888071,28.039964
MVQ,UMOO,Mogilev Airport,Mogilev,BY,Europe/Minsk,53.954898834228516,30.09510040283203
ABA,UNAA,Abakan International Airport,Abakan,RU,Asia/Krasnoyarsk,53.740002,91.385002
BAX,UNBB,Barnaul Gherman Titov International Airport,Barnaul,RU,Asia/Barnaul,53.361285,83.539701
RGK,UNBG,Gorno-Altaysk Airport,Gorno-Altaysk,RU,Asia/Krasnoyarsk,51.969204,85.836539
KEJ,UNEE,Alexei Leonov Kemerovo International Airport,Kemerovo,RU,Asia/Novokuznetsk,55.2701,86.107201
BKA,UNIB,Baykit Airport,Baykit,RU,Europe/Moscow,61.676701,96.355003
EIE,UNII,Yeniseysk Airport,Yeniseysk,RU,Asia/Krasnoyarsk,58.474201,92.112503
TGP,UNIP,Podkamennaya Tunguska Airport,Bor,RU,Asia/Krasnoyarsk,61.589699,89.994003
VEO,UNIS,Severo-Yeniseysk Airport,Severo-Yeniseysk,RU,,60.373299,93.011703
VAQ,UNIW,Vanavara Airport,Vanavara,RU,,60.356229,102.309641
KJA,UNKL,Krasnoyarsk International Airport,Krasnoyarsk,RU,Asia/Krasnoyarsk,56.175743,92.485788
KCY,UNKM,Krasnoyarsk Cheremshanka Airport,Krasnoyarsk,RU,,56.177584,92.545881
ACS,UNKS,Achinsk Airport,Achinsk,RU,Asia/Krasnoyarsk,56.269185,90.57511
KYZ,UNKY,Kyzyl Airport,Kyzyl,RU,Asia/Krasnoyarsk,51.669399,94.400597
OVB,UNNT,Novosibirsk Tolmachevo Airport,Novosibirsk,RU,Asia/Krasnoyarsk,55.019756,82.618675
OMS,UNOO,Omsk Central Airport,Omsk,RU,Asia/Omsk,54.963124,73.312418
SWT,UNSS,Strezhevoy Airport,Strezhevoy,RU,Asia/Krasnoyarsk,60.7094,77.660004
TOF,UNTT,Tomsk Kamov Airport,Tomsk,RU,Asia/Tomsk,56.380299,85.208298
NOZ,UNWW,Spichenkovo Airport,Novokuznetsk,RU,Asia/Krasnoyarsk,53.811401,86.877197
DKS,UODD,Dikson Airport,Dikson,RU,Asia/Krasnoyarsk,73.517807,80.379669
HTG,UOHH,Khatanga Airport,Khatanga,RU,Asia/Krasnoyarsk,71.97810363769531,102.49099731445312
SES,UOIG,Svetlogorsk Airport,Svetlogorsk,RU,,66.839996,88.403336
IAA,UOII,Igarka Airport,Igarka,RU,Asia/Krasnoyarsk,67.437202,86.621902
NSK,UOOO,Alykel International Airport,Norilsk,RU,Asia/Krasnoyarsk,69.307951,87.325906
AAQ,URKA,Anapa Vityazevo Airport,Krasnyi Kurgan,RU,Europe/Moscow,45.002102,37.347301
GDZ,URKG,Gelendzhik Airport,Gelendzhik,RU,Europe/Moscow,44.5820926295,38.0124807358
KRR,URKK,Krasnodar Pashkovsky International Airport,Krasnodar,RU,Europe/Moscow,45.034465,39.174215
GRV,URMG,Akhmat Kadyrov Grozny International Airport,Grozny,RU,Europe/Moscow,43.388106,45.699772
MCX,URML,Makhachkala Uytash International Airport,Makhachkala,RU,Europe/Moscow,42.816799,47.652302
MRV,URMM,Mineralnye Vody Airport,Mineralnyye Vody,RU,Europe/Moscow,44.225101,43.081902
NAL,URMN,Nalchik Airport,Nalchik,RU,Europe/Moscow,43.512901,43.6366
OGZ,URMO,Vladikavkaz Beslan International Airport,Beslan,RU,Europe/Moscow,43.205101,44.606602
IGT,URMS,Magas Airport,Sunzha,RU,Europe/Moscow,43.323268,45.012568
STW,URMT,Stavropol Shpakovskoye Airport,Stavropol,RU,Europe/Moscow,45.10919952392578,42.11280059814453
ROV,URRP,Platov International Airport,Rostov-on-Don,RU,Europe/Moscow,47.493888,39.924722
TGK,URRT,Taganrog Yuzhny Airport,Taganrog,RU,Europe/Moscow,47.1983333,38.8491667
AER,URSS,Sochi International Airport,Sochi,RU,Europe/Moscow,43.449902,39.9566
ASF,URWA,Astrakhan Narimanovo Boris M. Kustodiev International Airport,Astrakhan,RU,Europe/Astrakhan,46.282843,48.010511
ESL,URWI,Elista Airport,Elista,RU,Europe/Moscow,46.3739013671875,44.33089828491211
VOG,URWW,Volgograd International Airport,Volgograd,RU,Europe/Volgograd,48.78134,44.339194
CEK,USCC,Kurchatov Chelyabinsk International Airport,Chelyabinsk,RU,Asia/Yekaterinburg,55.303141,61.504927
MQF,USCM,Magnitogorsk International Airport,Magnitogorsk,RU,Asia/Yekaterinburg,53.391991,58.755235
SBT,USDA,Sabetta International Airport,Sabetta,RU,Asia/Yekaterinburg,71.219167,72.052222
BVJ,USDB,Bovanenkovo Airport,Bovanenkovo,RU,Asia/Yekaterinburg,70.315278,68.333611
SLY,USDD,Salekhard Airport,Salekhard,RU,Asia/Yekaterinburg,66.5907974243164,66.61100006103516
EZV,USHB,Berezovo Airport,,RU,Asia/Yekaterinburg,63.92100143432617,65.03050231933594
HMA,USHH,Khanty Mansiysk Airport,Khanty-Mansiysk,RU,Asia/Yekaterinburg,61.0285,69.086098
NYA,USHN,Nyagan Airport,Nyagan,RU,Asia/Yekaterinburg,62.110001,65.614998
EYK,USHQ,Beloyarskiy Airport,,RU,,63.686901,66.698601
OVS,USHS,Sovetskiy Airport,Sovetskiy,RU,Asia/Yekaterinburg,61.326622009277344,63.60191345214844
URJ,USHU,Uray Airport,Uray,RU,Asia/Yekaterinburg,60.103298,64.826698
IJK,USII,Izhevsk Airport,Izhevsk,RU,Europe/Samara,56.834524,53.462172
KVX,USKK,Pobedilovo Airport,Kirov,RU,Europe/Moscow,58.503883,49.347831
NYM,USMM,Nadym Airport,Nadym,RU,Asia/Yekaterinburg,65.48090362548828,72.69889831542969
NUX,USMU,Novy Urengoy Airport,Novy Urengoy,RU,Asia/Yekaterinburg,66.06939697265625,76.52030181884766
NJC,USNN,Nizhnevartovsk Airport,Nizhnevartovsk,RU,Asia/Yekaterinburg,60.949299,76.483597
PEE,USPP,Perm International Airport,Perm,RU,Asia/Yekaterinburg,57.914501,56.021198
KGP,USRK,Kogalym International Airport,Kogalym,RU,Asia/Yekaterinburg,62.190399169921875,74.53379821777344
NFG,USRN,Nefteyugansk Airport,Nefteyugansk,RU,Asia/Yekaterinburg,61.108299,72.650002
NOJ,USRO,Noyabrsk Airport,Noyabrsk,RU,Asia/Yekaterinburg,63.18330001831055,75.2699966430664
SGC,USRR,Surgut International Airport,Surgut,RU,Asia/Yekaterinburg,61.340501,73.405782
SVX,USSS,Koltsovo Airport,Yekaterinburg,RU,Asia/Yekaterinburg,56.743099212646,60.802700042725
RMZ,USTJ,Tobolsk Remezov Airport,Tobolsk,RU,,58.059712,68.347997
TJM,USTR,Roshchino International Airport,Tyumen,RU,Asia/Yekaterinburg,57.178984,65.327696
KRO,USUU,Kurgan Airport,Kurgan,RU,Asia/Yekaterinburg,55.4753,65.415604
ASB,UTAA,Ashgabat International Airport,Ashgabat,TM,Asia/Ashgabat,37.986801,58.361
KRW,UTAK,Turkmenbaşy International Airport,Turkmenbaşy,TM,Asia/Ashgabat,40.062833,53.005085
MYP,UTAM,Mary International Airport,Mary,TM,Asia/Ashgabat,37.62353,61.895668
TAZ,UTAT,Dashoguz International Airport,Daşoguz,TM,Asia/Ashgabat,41.759853,59.836149
CRZ,UTAV,Türkmenabat International Airport,Türkmenabat,TM,Asia/Ashgabat,38.930662,63.563982
DYU,UTDD,Dushanbe International Airport,Dushanbe,TJ,Asia/Dushanbe,38.543746,68.822977
TJU,UTDK,Kulob International Airport,Kulob,TJ,Asia/Dushanbe,37.988098,69.805
LBD,UTDL,Khujand International Airport,Khujand,TJ,Asia/Dushanbe,40.215401,69.694702
KQT,UTDT,Bokhtar International Airport,Bokhtar,TJ,Asia/Dushanbe,37.866315,68.864475
NMA,UTFN,Namangan International Airport,Namangan,UZ,Asia/Samarkand,40.984622,71.5578
AZN,UTKA,Andijan International Airport,Andijan,UZ,Asia/Tashkent,40.727699,72.293999
FEG,UTKF,Fergana International Airport,Fergana,UZ,Asia/Tashkent,40.358799,71.745003
NCU,UTNN,Nukus International Airport,Nukus,UZ,Asia/Samarkand,42.4884,59.623299
UGC,UTNU,Urgench International Airport,Urgench,UZ,Asia/Samarkand,41.58274,60.64338
NVI,UTSA,Navoi International Airport,Navoi,UZ,Asia/Samarkand,40.117599,65.172658
BHK,UTSB,Bukhara International Airport,Bukhara,UZ,Asia/Samarkand,39.775319,64.482279
SKD,UTSS,Samarkand International Airport,Samarkand,UZ,Asia/Samarkand,39.701842,66.981467
TMJ,UTST,Termez Airport,Termez,UZ,Asia/Samarkand,37.287261,67.311869
TVT,UTTP,Tashkent-Khumo International Airport,Tashkent,UZ,,41.312889,69.395535
TAS,UTTT,Tashkent International Airport,Tashkent,UZ,Asia/Samarkand,41.2579,69.281197
OMN,UTTZ,Zomin Airport,Zomin,UZ,Asia/Tashkent,40.01402,68.41103
KMW,UUBA,Kostroma Sokerkino Airport,Kostroma,RU,Europe/Moscow,57.796902,41.019402
KLF,UUBC,Grabtsevo Airport,Kaluga,RU,Europe/Moscow,54.5499992371,36.3666687012
IWA,UUBI,Ivanovo South Airport,Ivanovo,RU,Europe/Moscow,56.93939971923828,40.940799713134766
RYB,UUBK,Staroselye Airport,Rybinsk,RU,Europe/Moscow,58.104198,38.929401
BZK,UUBP,Bryansk International Airport,Bryansk,RU,Europe/Moscow,53.214403,34.175965
ZIA,UUBW,Zhukovsky International Airport,Moscow,RU,Europe/Moscow,55.553299,38.150002
DME,UUDD,Domodedovo International Airport,Moscow,RU,Europe/Moscow,55.408798,37.9063
IAR,UUDL,Golden Ring Yaroslavl International Airport,Tunoshna,RU,Europe/Moscow,57.560699,40.157398
SVO,UUEE,Sheremetyevo International Airport,Moscow,RU,Europe/Moscow,55.976858,37.41121
KLD,UUEM,Migalovo Air Base,Tver,RU,Europe/Moscow,56.82469940185547,35.7577018737793
CKL,UUMU,Chkalovskiy Air Base,Moscow,RU,Europe/Moscow,55.8783,38.061699
EGO,UUOB,Belgorod International Airport,Belgorod,RU,Europe/Moscow,50.643798828125,36.5900993347168
URS,UUOK,Kursk East Airport,Kursk,RU,Europe/Moscow,51.7505989074707,36.29560089111328
LPK,UUOL,Lipetsk Airport,Lipetsk,RU,Europe/Moscow,52.70280075073242,39.53779983520508
VOZ,UUOO,Voronezh International Airport,Voronezh,RU,Europe/Moscow,51.813683,39.231711
TBW,UUOT,Donskoye Airport,Tambov,RU,Europe/Moscow,52.806099,41.4828
VKO,UUWW,Vnukovo International Airport,Moscow,RU,Europe/Moscow,55.591499,37.261501
UCT,UUYH,Ukhta Airport,Ukhta,RU,Europe/Moscow,63.566898,53.804699
INA,UUYI,Inta Airport,Inta,RU,Europe/Moscow,66.053372,60.105786
PEX,UUYP,Pechora Airport,Pechora,RU,Europe/Moscow,65.121101,57.130798
USK,UUYS,Usinsk Airport,Usinsk,RU,Europe/Moscow,66.0047,57.367199
VKT,UUYW,Vorkuta Airport,Vorkuta,RU,Europe/Moscow,67.488602,63.993099
UTS,UUYX,Ust-Tsylma Airport,Ust-Tsylma,RU,Europe/Moscow,65.437294,52.200336
SCW,UUYY,Syktyvkar Airport,Syktyvkar,RU,Europe/Moscow,61.64699935913086,50.84510040283203
GOJ,UWGG,Nizhny Novgorod / Strigino International Airport,Nizhny Novgorod,RU,Europe/Moscow,56.227351,43.785152
UUA,UWKB,Bugulma Airport,Bugulma,RU,Europe/Moscow,54.641184,52.800229
KZN,UWKD,Kazan International Airport,Kazan,RU,Europe/Moscow,55.606201,49.278702
NBC,UWKE,Begishevo Airport,Nizhnekamsk,RU,Europe/Moscow,55.564701,52.092499
JOK,UWKJ,Yoshkar-Ola Airport,Yoshkar-Ola,RU,,56.7006,47.904701
CSY,UWKS,Cheboksary Airport,Cheboksary,RU,Europe/Moscow,56.090302,47.347301
ULV,UWLL,Ulyanovsk Baratayevka Airport,Ulyanovsk,RU,Europe/Samara,54.27016,48.225569
ULY,UWLW,Ulyanovsk Vostochny Airport,Cherdakly,RU,Europe/Ulyanovsk,54.401001,48.8027
REN,UWOO,Orenburg Central Airport,Orenburg,RU,Asia/Yekaterinburg,51.792668,55.457229
OSW,UWOR,Orsk Airport,Orsk,RU,Asia/Yekaterinburg,51.072498,58.5956
PEZ,UWPP,Penza Airport,Penza,RU,Europe/Moscow,53.110599517822266,45.02109909057617
SKX,UWPS,Saransk International Airport,Saransk,RU,Europe/Moscow,54.12513,45.212257
BWO,UWSB,Balakovo Airport,Balakovo,RU,Europe/Saratov,51.858299,47.745602
GSV,UWSG,Gagarin International Airport,Saratov,RU,Europe/Saratov,51.712778,46.171111
UFA,UWUU,Ufa International Airport,Ufa,RU,Asia/Yekaterinburg,54.557498931885,55.874401092529
KUF,UWWW,Kurumoch International Airport,Samara,RU,Europe/Samara,53.504902,50.164299
REW,VA1G,"Rewa Airport, Chorhata, REWA",Rewa,IN,,24.503401,81.220299
GDB,VA2C,Gondia Airport,Gondia,IN,,21.526817,80.290347
AMD,VAAH,Sardar Vallabh Patel International Airport,Ahmedabad,IN,Asia/Kolkata,23.0772,72.634697
AKD,VAAK,Akola Airport,Akola,IN,Asia/Kolkata,20.698931,77.056883
IXU,VAAU,Aurangabad Airport,Aurangabad,IN,Asia/Kolkata,19.862875,75.396312
BOM,VABB,Chhatrapati Shivaji Maharaj International Airport,Mumbai,IN,Asia/Kolkata,19.088699,72.867897
BHJ,VABJ,Bhuj Airport,Bhuj,IN,Asia/Kolkata,23.2877998352,69.6701965332
IXG,VABM,Belagavi Airport,Belgaum,IN,Asia/Kolkata,15.8593,74.618301
BDQ,VABO,Vadodara International Airport,Vadodara,IN,Asia/Kolkata,22.336201,73.226303
BHO,VABP,Raja Bhoj International Airport,Bhopal,IN,Asia/Kolkata,23.2875,77.337402
BHU,VABV,Bhavnagar Airport,Bhavnagar,IN,Asia/Kolkata,21.752199173,72.1852035522
NMB,VADN,Daman Airport,Daman,IN,Asia/Kolkata,20.434401,72.843201
HBX,VAHB,Hubballi Airport,Hubballi,IN,Asia/Kolkata,15.361084,75.082096
HSR,VAHS,Rajkot International Airport,Rajkot,IN,Asia/Kolkata,22.378824,71.039391
IDR,VAID,Devi Ahilya Bai Holkar International Airport,Indore,IN,Asia/Kolkata,22.721404,75.80051
JLR,VAJB,Jabalpur Airport,Jabalpur,IN,Asia/Kolkata,23.177799,80.052002
JGA,VAJM,Jamnagar Airport,Jamnagar,IN,Asia/Kolkata,22.465499877929688,70.01260375976562
IXY,VAKE,Kandla Airport,Kandla,IN,Asia/Kolkata,23.1127,70.100304
HJR,VAKJ,Khajuraho Airport,Khajuraho,IN,Asia/Kolkata,24.8172,79.918602
KLH,VAKP,Kolhapur Airport,Kolhapur,IN,Asia/Kolkata,16.6647,74.289398
IXK,VAKS,Keshod Airport,Keshod,IN,Asia/Kolkata,21.317101,70.270401
LTU,VALT,Murod Kond Airport,Latur,IN,Asia/Kolkata,18.411501,76.464699
NDC,VAND,Nanded Airport,Nanded,IN,Asia/Kolkata,19.1833,77.316704
NAG,VANP,Dr. Babasaheb Ambedkar International Airport,Nagpur,IN,Asia/Kolkata,21.092199,79.047203
ISK,VAOZ,Nashik International Airport,Nashik,IN,Asia/Kolkata,20.119101,73.912903
PNQ,VAPO,Pune International Airport,Pune,IN,Asia/Kolkata,18.5821,73.919701
PBD,VAPR,Porbandar Airport,Porbandar,IN,Asia/Kolkata,21.649524,69.656405
RTC,VARG,Ratnagiri Airport,,IN,Asia/Kolkata,17.013599,73.327797
RAJ,VARK,Rajkot Airport,Rajkot,IN,,22.3092,70.779503
RPR,VARP,Swami Vivekananda Airport,Raipur,IN,Asia/Kolkata,21.180401,81.7388
SAG,VASD,Shirdi International Airport,Kakadi,IN,,19.689211,74.373655
SSE,VASL,Solapur Airport,Solapur,IN,Asia/Kolkata,17.6280002594,75.93479919430001
STV,VASU,Surat International Airport,Surat,IN,Asia/Kolkata,21.115531,72.743251
UDR,VAUD,Maharana Pratap Airport,Udaipur,IN,Asia/Kolkata,24.617700576799997,73.89610290530001
CMB,VCBI,Bandaranaike International Colombo Airport,Colombo,LK,Asia/Colombo,7.180759906768799,79.88410186767578
ACJ,VCCA,Anuradhapura Airport,Anuradhapura,LK,Asia/Colombo,8.301542,80.42848
BTC,VCCB,Batticaloa International Airport,Batticaloa,LK,Asia/Colombo,7.705073,81.677163
RML,VCCC,Colombo Ratmalana International Airport,Colombo,LK,Asia/Colombo,6.821638,79.885859
ADP,VCCG,Ampara Airport,Ampara,LK,,7.336745,81.623869
HIM,VCCH,Hingurakgoda Air Force Base,Polonnaruwa Town,LK,Asia/Colombo,8.04981,80.9814
JAF,VCCJ,Jaffna International Airport,Jaffna,LK,Asia/Colombo,9.79233,80.070099
KCT,VCCK,Koggala Airport,Galle,LK,Asia/Colombo,5.993680000305176,80.32029724121094
TRR,VCCT,China Bay Airport,Trincomalee,LK,Asia/Colombo,8.539159,81.18128
HRI,VCRI,Mattala Rajapaksa International Airport,Mattala,LK,Asia/Colombo,6.283878,81.124163
BBM,VDBG,Battambang Airport,Battambang,KH,Asia/Phnom_Penh,13.0956,103.223999
PNH,VDPP,Phnom Penh International Airport,Phnom Penh (Pou Senchey),KH,,11.547155,104.844699
RBE,VDRK,Ratanakiri Airport,Ratanakiri,KH,Asia/Phnom_Penh,13.729999542236328,106.98699951171875
SAI,VDSA,Siem Reap-Angkor International Airport,Siem Reap,KH,Asia/Phnom_Penh,13.36974,104.223831
KOS,VDSV,Sihanouk International Airport,Preah Sihanouk,KH,Asia/Phnom_Penh,10.570557,103.632067
IXV,VEAN,Along Airport,,IN,Asia/Kolkata,28.17530059814453,94.802001953125
IXA,VEAT,Agartala - Maharaja Bir Bikram Airport,Agartala,IN,Asia/Kolkata,23.886999,91.240402
IXB,VEBD,Bagdogra Airport,Siliguri,IN,Asia/Kolkata,26.6812,88.328598
SHL,VEBI,Shillong Airport,Shillong,IN,Asia/Kolkata,25.70359992980957,91.97869873046875
VNS,VEBN,Lal Bahadur Shastri International Airport,Varanasi,IN,Asia/Kolkata,25.452171,82.862549
BBI,VEBS,Biju Patnaik International Airport,Bhubaneswar,IN,Asia/Kolkata,20.251021,85.814747
PAB,VEBU,Bilaspur Airport,Bilaspur,IN,Asia/Kolkata,21.9884,82.111
CCU,VECC,Netaji Subhash Chandra Bose International Airport,Kolkata,IN,Asia/Kolkata,22.654012,88.44765
DBD,VEDB,Dhanbad Airport,,IN,Asia/Kolkata,23.834,86.425301
RDP,VEDG,Kazi Nazrul Islam Airport,Durgapur,IN,,23.6225,87.243
DBR,VEDH,Darbhanga Airport,Darbhanga,IN,Asia/Kolkata,26.192801,85.916901
GOP,VEGK,Gorakhpur Airport,Gorakhpur,IN,Asia/Kolkata,26.739700317399997,83.4496994019
GAU,VEGT,Lokpriya Gopinath Bordoloi International Airport,Guwahati,IN,Asia/Kolkata,26.106654,91.585226
GAY,VEGY,Gaya Airport,Gaya,IN,Asia/Kolkata,24.744301,84.951202
IMF,VEIM,Bir Tikendrajit International Airport,Imphal,IN,Asia/Kolkata,24.76,93.896698
IXW,VEJS,Sonari Airport,Jamshedpur,IN,Asia/Kolkata,22.813706,86.168981
JRH,VEJT,Jorhat Airport,Jorhat,IN,Asia/Kolkata,26.730456,94.175416
KBK,VEKI,Kushinagar International Airport,Kushinagar,IN,Asia/Kolkata,26.776534,83.889214
IXH,VEKR,Kailashahar Airport,Kailashahar,IN,Asia/Kolkata,24.308657,92.00768
IXS,VEKU,Silchar Airport,Silchar,IN,Asia/Kolkata,24.9129009247,92.97869873050001
AJL,VELP,Lengpui Airport,Aizawl (Lengpui),IN,Asia/Kolkata,23.840599,92.619698
IXI,VELR,Lilabari North Lakhimpur Airport,Lilabari,IN,Asia/Kolkata,27.295682,94.097266
DIB,VEMN,Dibrugarh Airport,Dibrugarh,IN,Asia/Kolkata,27.4839000702,95.0168991089
DMU,VEMR,Dimapur Airport,Dimapur,IN,Asia/Kolkata,25.883899688699998,93.77110290530001
MZU,VEMZ,Muzaffarpur Airport,Muzaffarpur,IN,Asia/Kolkata,26.119101,85.313698
PAT,VEPT,Jay Prakash Narayan Airport,Patna,IN,Asia/Kolkata,25.591299,85.087997
IXR,VERC,Birsa Munda Airport,Ranchi,IN,Asia/Kolkata,23.314300537100003,85.3217010498
RRK,VERK,Rourkela Airport,Rourkela,IN,Asia/Kolkata,22.256571,84.815193
TEZ,VETZ,Tezpur Airport,,IN,Asia/Kolkata,26.7091007232666,92.78469848632812
UKE,VEUK,Utkela Airport,Bhawanipatna,IN,,20.097778,83.183333
VTZ,VEVZ,Visakhapatnam International Airport,Visakhapatnam,IN,Asia/Kolkata,17.723506,83.227729
ZER,VEZO,Ziro Airport,Ziro,IN,Asia/Kolkata,27.588301,93.828102
BZL,VGBR,Barisal Airport,Barisal,BD,Asia/Dhaka,22.801001,90.301201
CXB,VGCB,Cox's Bazar Airport,Cox's Bazar,BD,Asia/Dhaka,21.457517,91.963263
CGP,VGEG,Shah Amanat International Airport,Chattogram (Chittagong),BD,Asia/Dhaka,22.249599,91.813301
DAC,VGHS,Hazrat Shahjalal International Airport,Dhaka,BD,Asia/Dhaka,23.843347,90.397783
IRD,VGIS,Ishurdi Airport,Ishurdi,BD,,24.1525,89.0494
JSR,VGJR,Jessore Airport,Jashore (Jessore),BD,Asia/Dhaka,23.1838,89.160797
RJH,VGRJ,Shah Makhdum Airport,Rajshahi,BD,Asia/Dhaka,24.437201,88.616501
SPD,VGSD,Saidpur Airport,Saidpur,BD,Asia/Dhaka,25.759199,88.908897
ZYL,VGSY,Osmany International Airport,Sylhet,BD,Asia/Dhaka,24.963071,91.866903
HKG,VHHH,Hong Kong International Airport,Hong Kong,HK,Asia/Hong_Kong,22.31184,113.914862
AGR,VIAG,Agra Airport / Agra Air Force Station,Agra,IN,Asia/Kolkata,27.157975,77.961025
IXD,VIAL,Prayagraj Airport,Allahabad,IN,Asia/Kolkata,25.4401,81.733902
ATQ,VIAR,Sri Guru Ram Das Ji International Airport,Amritsar,IN,Asia/Kolkata,31.7096,74.797302
BKB,VIBK,Nal Airport,Bikaner,IN,Asia/Kolkata,28.070601,73.207199
KUU,VIBR,Kullu Manali Airport,Bhuntar,IN,Asia/Kolkata,31.876699,77.154404
BUP,VIBT,Bhatinda Air Force Station,,IN,Asia/Kolkata,30.2701,74.755798
BEK,VIBY,Bareilly Air Force Station,Bareilly,IN,Asia/Kolkata,28.4221,79.450798
IXC,VICG,Shaheed Bhagat Singh International Airport,Chandigarh,IN,Asia/Kolkata,30.6735,76.788498
KNU,VICX,Kanpur Airport,Kanpur,IN,Asia/Kolkata,26.404301,80.410103
DED,VIDN,Dehradun Jolly Grant Airport,Dehradun (Jauligrant),IN,Asia/Kolkata,30.189243,78.176651
DEL,VIDP,Indira Gandhi International Airport,New Delhi,IN,Asia/Kolkata,28.55563,77.09519
DHM,VIGG,Kangra Airport,Kangra,IN,Asia/Kolkata,32.164902,76.263018
GWL,VIGR,Gwalior Airport,Gwalior,IN,Asia/Kolkata,26.29330062866211,78.22779846191406
HSS,VIHR,Maharaja Agrasen International Airport,Hisar,IN,Asia/Kolkata,29.186065,75.74142
HWR,VIHX,Halwara International Airport,Halwara,IN,Asia/Kolkata,30.748501,75.629799
JDH,VIJO,Jodhpur Airport,Jodhpur,IN,Asia/Kolkata,26.251100540161133,73.04889678955078
JAI,VIJP,Jaipur International Airport,Jaipur,IN,Asia/Kolkata,26.8242,75.812202
JSA,VIJR,Jaisalmer Airport,,IN,Asia/Kolkata,26.8887,70.864998
IXJ,VIJU,Jammu Airport,Jammu,IN,Asia/Kolkata,32.688849,74.838152
KQH,VIKG,Kishangarh Airport Ajmer,Ajmer (Kishangarh),IN,Asia/Kolkata,26.591007,74.812956
KTU,VIKO,Kota Airport,Kota,IN,Asia/Kolkata,25.160200119,75.84559631350001
LUH,VILD,Ludhiana Airport,,IN,Asia/Kolkata,30.854700088500977,75.95259857177734
IXL,VILH,Leh Kushok Bakula Rimpochee Airport,Leh,IN,Asia/Kolkata,34.135899,77.546501
LKO,VILK,Chaudhary Charan Singh International Airport,Lucknow,IN,Asia/Kolkata,26.760599,80.889297
MZS,VIMB,Moradabad Airport,Moradabad,IN,,28.81746,78.92187
IXP,VIPK,Pathankot Airport,Pathankot,IN,Asia/Kolkata,32.233611,75.634444
PGH,VIPT,Pantnagar Airport,Pantnagar,IN,Asia/Kolkata,29.0334,79.473701
SXR,VISR,Sheikh ul Alam International Airport,Srinagar,IN,Asia/Kolkata,33.987099,74.7742
LPQ,VLLB,Luang Phabang International Airport,Luang Phabang,LA,Asia/Vientiane,19.904273,102.167191
PKZ,VLPS,Pakse International Airport,Pakse,LA,Asia/Vientiane,15.133973,105.779871
ZVK,VLSK,Savannakhet Airport,,LA,Asia/Vientiane,16.55660057067871,104.76000213623047
NEU,VLSN,Sam Neua Airport,,LA,Asia/Vientiane,20.4184,104.067001
VTE,VLVT,Wattay International Airport,Vientiane,LA,Asia/Vientiane,17.985052,102.566692
VMI,VMI,Aeropuerto Nacional Doctor Juan Plate,Puerto Vallemi,PY,,-22.159371,-57.942395
MFM,VMMC,Macau International Airport,Nossa Senhora do Carmo,MO,Asia/Macau,22.149599,113.592003
LTH,VN-0018,Long Thanh International Airport (Under Construction),Ho Chi Minh City (Long Thanh),VN,,10.772842,107.040596
BWA,VNBW,Gautam Buddha International Airport,Siddharthanagar (Bhairahawa),NP,Asia/Kathmandu,27.504636,83.410381
JKR,VNJP,Janakpur Airport,Janakpur,NP,Asia/Kathmandu,26.708799,85.922401
KTM,VNKT,Tribhuvan International Airport,Kathmandu,NP,Asia/Kathmandu,27.6966,85.3591
LUA,VNLK,Tenzing-Hillary Airport,Lukla,NP,Asia/Kathmandu,27.686768,86.729479
KEP,VNNG,Nepalgunj Airport,Nepalgunj,NP,Asia/Kathmandu,28.1036,81.667
PKR,VNPK,Pokhara Domestic Airport,Pokhara,NP,Asia/Kathmandu,28.200621,83.981203
TPJ,VNTJ,Taplejung Airport,Taplejung,NP,Asia/Kathmandu,27.3509,87.69525
BIR,VNVT,Biratnagar Airport,Biratnagar,NP,Asia/Kathmandu,26.48150062561035,87.26399993896484
AGX,VOAT,Agatti Airport,Agatti,IN,Asia/Kolkata,10.8237,72.176003
BEP,VOBI,Bellary Airport,Bellary,IN,Asia/Kolkata,15.162799835205078,76.88279724121094
BLR,VOBL,Kempegowda International Airport Bengaluru,Bengaluru,IN,Asia/Kolkata,13.1979,77.706299
IXX,VOBR,Bidar Airport / Bidar Air Force Station,Bidar,IN,,17.9081,77.487099
VGA,VOBZ,Vijayawada International Airport,Vijayawada,IN,Asia/Kolkata,16.530011,80.804888
CJB,VOCB,Coimbatore International Airport,Coimbatore,IN,Asia/Kolkata,11.03,77.043404
COK,VOCI,Cochin International Airport,Kochi,IN,Asia/Kolkata,10.151047,76.400838
CCJ,VOCL,Calicut International Airport,Calicut,IN,Asia/Kolkata,11.135996,75.955152
CDP,VOCP,Kadapa Airport,Kadapa,IN,Asia/Kolkata,14.513154,78.769183
CBD,VOCX,Car Nicobar Air Force Base,IAF Camp,IN,Asia/Kolkata,9.153056,92.819273
GOX,VOGA,Manohar International Airport,Mopa,IN,Asia/Kolkata,15.744257,73.860625
GOI,VOGO,Goa Dabolim International Airport,Vasco da Gama,IN,Asia/Kolkata,15.380062,73.833328
HYD,VOHS,Rajiv Gandhi International Airport,Hyderabad,IN,Asia/Kolkata,17.231318,78.429855
BPM,VOHY,Begumpet Airport,Hyderabad,IN,Asia/Kolkata,17.4531,78.467598
CNN,VOKN,Kannur International Airport,Kannur,IN,Asia/Kolkata,11.916343,75.544979
KJB,VOKU,Kurnool Airport,Orvakal,IN,Asia/Kolkata,15.716288,78.16923
IXM,VOMD,Madurai Airport,Madurai,IN,Asia/Kolkata,9.83450984955,78.09339904790001
IXE,VOML,Mangaluru International Airport,Mangaluru,IN,Asia/Kolkata,12.95471,74.886812
MAA,VOMM,Chennai International Airport,Chennai,IN,Asia/Kolkata,12.990005,80.169296
MYQ,VOMY,Mysore Airport,Mysore,IN,Asia/Kolkata,12.229751,76.653683
IXZ,VOPB,Veer Savarkar International Airport / INS Utkrosh,Port Blair,IN,Asia/Kolkata,11.640194,92.72902
PNY,VOPC,Pondicherry Airport,Puducherry (Pondicherry),IN,Asia/Kolkata,11.968,79.812
PUT,VOPN,Sri Sathya Sai Airport,Puttaparthi,IN,,14.1492996216,77.7910995483
RJA,VORY,Rajahmundry Airport,Madhurapudi,IN,Asia/Kolkata,17.105799,81.813204
SXV,VOSM,Salem Airport,Salem,IN,Asia/Kolkata,11.78330039978,78.06559753418
TIR,VOTP,Tirupati International Airport,Tirupati,IN,Asia/Kolkata,13.631988,79.539869
TRZ,VOTR,Tiruchirappalli International Airport,Tiruchirappalli,IN,Asia/Kolkata,10.762915,78.717741
TRV,VOTV,Thiruvananthapuram International Airport,Thiruvananthapuram,IN,Asia/Kolkata,8.481889,76.920029
GLU,VQGP,Gelephu Airport,Gelephu,BT,Asia/Thimphu,26.88456,90.46412
PBH,VQPR,Paro International Airport,Paro,BT,Asia/Thimphu,27.4032,89.424599
NMF,VRDA,Maafaru International Airport,Noonu Atoll,MV,Indian/Maldives,5.817407,73.468404
GAN,VRMG,Gan International Airport,Gan,MV,Indian/Maldives,-0.692975,73.152627
HAQ,VRMH,Hanimaadhoo International Airport,Haa Dhaalu Atoll,MV,Indian/Maldives,6.743235,73.167072
KDO,VRMK,Kadhdhoo Airport,Kadhdhoo,MV,Indian/Maldives,1.8591699600219727,73.52189636230469
MLE,VRMM,Velana International Airport,Malé,MV,Indian/Maldives,4.19183,73.529099
KDM,VRMT,Kaadedhdhoo Airport,Huvadhu Atoll,MV,Indian/Maldives,0.488131,72.996902
VAM,VRMV,Villa International Airport Maamigili,Maamigili,MV,Indian/Maldives,3.471751,72.832633
DMK,VTBD,Don Mueang International Airport,Bangkok,TH,Asia/Bangkok,13.9126,100.607002
KDT,VTBK,Kamphaeng Saen Airport,Nakhon Pathom,TH,Asia/Bangkok,14.1020002365,99.9171981812
KKM,VTBL,Khok Kathiam Airport,Lop Buri,TH,Asia/Bangkok,14.87462,100.663397
TDX,VTBO,Trat Airport,Laem Ngop,TH,Asia/Bangkok,12.2746,102.319
BKK,VTBS,Suvarnabhumi Airport,Bangkok,TH,Asia/Bangkok,13.6811,100.747002
UTP,VTBU,U-Tapao–Rayong–Pattaya International Airport,Rayong,TH,Asia/Bangkok,12.6799,101.004997
CNX,VTCC,Chiang Mai International Airport,Chiang Mai,TH,Asia/Bangkok,18.766799926799997,98.962600708
HGN,VTCH,Mae Hong Son Airport,Mae Hong Son,TH,Asia/Bangkok,19.3013,97.9758
LPT,VTCL,Lampang Airport,,TH,Asia/Bangkok,18.27090072631836,99.50420379638672
NNT,VTCN,Nan Airport,,TH,Asia/Bangkok,18.807899475097656,100.78299713134766
PRH,VTCP,Phrae Airport,,TH,Asia/Bangkok,18.1322,100.165001
CEI,VTCT,Mae Fah Luang - Chiang Rai International Airport,Chiang Rai,TH,Asia/Bangkok,19.952299,99.882896
PHY,VTPB,Phetchabun Airport,,TH,Asia/Bangkok,16.6760005951,101.194999695
HHQ,VTPH,Hua Hin Airport,Hua Hin,TH,Asia/Bangkok,12.6361999512,99.951499939
TKH,VTPI,Takhli Royal Thai Air Force Base,Takhli,TH,Asia/Bangkok,15.2773,100.295998
MAQ,VTPM,Mae Sot Airport,,TH,Asia/Bangkok,16.699899673461914,98.54509735107422
THS,VTPO,Sukhothai Airport,,TH,Asia/Bangkok,17.238000869750977,99.81819915771484
PHS,VTPP,Phitsanulok Airport,Phitsanulok,TH,Asia/Bangkok,16.7829,100.278999
TKT,VTPT,Tak Airport,,TH,Asia/Bangkok,16.896,99.253304
URT,VTSB,Surat Thani Airport,Surat Thani,TH,Asia/Bangkok,9.13259983063,99.135597229
NAW,VTSC,Narathiwat Airport,,TH,Asia/Bangkok,6.5199198722839355,101.74299621582031
CJM,VTSE,Chumphon Airport,Chumphon,TH,Asia/Bangkok,10.7112,99.361702
NST,VTSF,Nakhon Si Thammarat Airport,Nakhon Si Thammarat,TH,Asia/Bangkok,8.539620399475098,99.9447021484375
KBV,VTSG,Krabi International Airport,Krabi,TH,Asia/Bangkok,8.095591,98.988955
SGZ,VTSH,Songkhla Airport,,TH,Asia/Bangkok,7.186560153961182,100.60800170898438
PAN,VTSK,Pattani Airport,,TH,Asia/Bangkok,6.78546,101.153999
USM,VTSM,Samui International Airport,Na Thon (Ko Samui Island),TH,Asia/Bangkok,9.54779,100.061996
HKT,VTSP,Phuket International Airport,Phuket,TH,Asia/Bangkok,8.113257,98.3174
UNN,VTSR,Ranong Airport,Ranong,TH,Asia/Bangkok,9.77762,98.585503
HDY,VTSS,Hat Yai International Airport,Hat Yai,TH,Asia/Bangkok,6.93321,100.392998
TST,VTST,Trang Airport,Trang,TH,Asia/Bangkok,7.50874,99.6166
UTH,VTUD,Udon Thani International Airport,Udon Thani,TH,Asia/Bangkok,17.386186,102.788577
SNO,VTUI,Sakon Nakhon Airport,,TH,Asia/Bangkok,17.195100784301758,104.11900329589844
PXR,VTUJ,Surin Airport,Surin,TH,Asia/Bangkok,14.868300437927,103.49800109863
KKC,VTUK,Khon Kaen Airport,Khon Kaen,TH,Asia/Bangkok,16.466600418099997,102.783996582
LOE,VTUL,Loei Airport,,TH,Asia/Bangkok,17.43910026550293,101.72200012207031
BFV,VTUO,Buri Ram Airport,Buriram,TH,Asia/Bangkok,15.2295,103.252998
NAK,VTUQ,Nakhon Ratchasima Airport,Chaloem Phra Kiat,TH,Asia/Bangkok,14.9495,102.313004
UBP,VTUU,Ubon Ratchathani Airport,Ubon Ratchathani,TH,Asia/Bangkok,15.2512998581,104.870002747
ROI,VTUV,Roi Et Airport,Roi Et,TH,Asia/Bangkok,16.1168,103.774002
KOP,VTUW,Nakhon Phanom Airport,Nakhon Phanom,TH,Asia/Bangkok,17.383801,104.642998
BMV,VVBM,Buon Ma Thuot Airport,Buon Ma Thuot,VN,Asia/Ho_Chi_Minh,12.668299675,108.120002747
HPH,VVCI,Cat Bi International Airport,Haiphong (Hai An),VN,Asia/Ho_Chi_Minh,20.817428,106.724315
CAH,VVCM,Cà Mau Airport,Ca Mau City,VN,Asia/Ho_Chi_Minh,9.177667,105.177778
CXR,VVCR,Cam Ranh International Airport / Cam Ranh Air Base,Nha Trang/nha Trang aiurportCam Ranh,VN,Asia/Ho_Chi_Minh,11.9982,109.219002
VCS,VVCS,Con Dao Airport,Con Dao,VN,Asia/Ho_Chi_Minh,8.73183,106.633003
VCA,VVCT,Can Tho International Airport,Can Tho,VN,Asia/Ho_Chi_Minh,10.083397,105.709371
DIN,VVDB,Dien Bien Phu Airport,Dien Bien Phu,VN,Asia/Ho_Chi_Minh,21.3974990845,103.008003235
VDH,VVDH,Dong Hoi Airport,Dong Hoi,VN,Asia/Ho_Chi_Minh,17.515,106.590556
DLI,VVDL,Lien Khuong Airport,Da Lat,VN,Asia/Ho_Chi_Minh,11.750556,108.366997
DAD,VVDN,Da Nang International Airport,Da Nang,VN,Asia/Ho_Chi_Minh,16.0439,108.198997
HAN,VVNB,Noi Bai International Airport,Hanoi (Soc Son),VN,Asia/Ho_Chi_Minh,21.221201,105.806999
HUI,VVPB,Phu Bai International Airport,Huế,VN,Asia/Ho_Chi_Minh,16.400628,107.703094
UIH,VVPC,Phu Cat Airport,Quy Nohn,VN,Asia/Ho_Chi_Minh,13.955,109.042
PXU,VVPK,Pleiku Airport,Pleiku,VN,Asia/Ho_Chi_Minh,14.004500389099121,108.01699829101562
PQC,VVPQ,Phú Quốc International Airport,Phu Quoc Island,VN,Asia/Ho_Chi_Minh,10.169783,103.99353
VKG,VVRG,Rach Gia Airport,Rach Gia,VN,Asia/Ho_Chi_Minh,9.95802997234,105.132379532
TBB,VVTH,Dong Tac Airport,Tuy Hoa,VN,Asia/Ho_Chi_Minh,13.0496,109.334
SGN,VVTS,Tan Son Nhat International Airport,Ho Chi Minh City,VN,Asia/Ho_Chi_Minh,10.8188,106.652
VDO,VVVD,Van Don International Airport,Van Don,VN,Asia/Ho_Chi_Minh,21.120693,107.41539
VII,VVVH,Vinh Airport,Vinh,VN,Asia/Ho_Chi_Minh,18.7376003265,105.67099762
TVY,VYDW,Dawei Airport,Dawei,MM,Asia/Yangon,14.1039,98.203598
HEH,VYHH,Heho Airport,Heho,MM,Asia/Yangon,20.74714,96.792029
KET,VYKG,Kengtung Airport,Kengtung,MM,Asia/Yangon,21.301599502563477,99.63600158691406
KYP,VYKP,Kyaukpyu Airport,Kyaukpyu,MM,Asia/Yangon,19.42639923095703,93.53479766845703
KAW,VYKT,Kawthoung Airport,Kawthoung,MM,Asia/Yangon,10.049300193786621,98.53800201416016
LIW,VYLK,Loikaw Airport,Loikaw,MM,Asia/Yangon,19.691499710083008,97.21479797363281
LSH,VYLS,Lashio Airport,Lashio,MM,Asia/Yangon,22.9778995513916,97.752197265625
MDL,VYMD,Mandalay International Airport,Mandalay,MM,Asia/Yangon,21.702199935913086,95.97789764404297
MGZ,VYME,Myeik Airport,Mkeik,MM,Asia/Yangon,12.439800262451172,98.62149810791016
MYT,VYMK,Myitkyina Airport,Myitkyina,MM,Asia/Yangon,25.3836,97.351898
MOE,VYMO,Momeik Airport,,MM,Asia/Yangon,23.092500686645508,96.64530181884766
MOG,VYMS,Mong Hsat Airport,Mong Hsat,MM,Asia/Yangon,20.516799926757812,99.25679779052734
NMS,VYNS,Namsang Airport,Namsang,MM,Asia/Yangon,20.890499114990234,97.73590087890625
NYT,VYNT,Nay Pyi Taw International Airport,Naypyitaw,MM,Asia/Yangon,19.623501,96.200996
PBU,VYPT,Putao Airport,Putao,MM,Asia/Yangon,27.32990074157715,97.42630004882812
AKY,VYSW,Sittwe Airport,Sittwe,MM,Asia/Yangon,20.133165,92.870693
SNW,VYTD,Thandwe Airport,Thandwe,MM,Asia/Yangon,18.4606990814209,94.30010223388672
THL,VYTL,Tachileik Airport,Tachileik,MM,Asia/Yangon,20.483800888061523,99.9354019165039
RGN,VYYY,Yangon International Airport,Yangon,MM,Asia/Yangon,16.907300949099998,96.1332015991
UPG,WAAA,Sultan Hasanuddin International Airport,Makassar,ID,Asia/Makassar,-5.075539,119.553702
BIK,WABB,Frans Kaisiepo Airport,Biak,ID,Asia/Jayapura,-1.19002,136.108002
NBX,WABI,Douw Aturure Airport,Nabire,ID,Asia/Jayapura,-3.397973,135.393071
ZRI,WABO,Stevanus Rumbewas Airport,Serui,ID,Asia/Jayapura,-1.82842,136.062402
TIM,WABP,Mozes Kilangin Airport,Timika,ID,Asia/Jayapura,-4.52978,136.887388
BMU,WADB,Sultan Muhammad Salahuddin Airport,Bima,ID,Asia/Makassar,-8.537184,118.685002
DPS,WADD,Denpasar I Gusti Ngurah Rai International Airport,"Kuta, Badung",ID,Asia/Makassar,-8.748409,115.167123
LOP,WADL,Lombok International Airport,"Mataram (Pujut, Lombok Tengah)",ID,Asia/Makassar,-8.759962,116.278169
TTE,WAEE,Sultan Babullah Airport,Ternate,ID,Asia/Jayapura,0.831012,127.381611
OTI,WAEW,Pitu Airport,Gotalalamo-Morotai Island,ID,Asia/Jayapura,2.04599,128.324997
TRT,WAFB,Toraja Airport,Toraja,ID,,-3.185833,119.91775
PLW,WAFF,Mutiara - SIS Al-Jufrie Airport,Palu,ID,Asia/Makassar,-0.916462,119.908647
PSJ,WAFP,Kasiguncu Airport,Poso-Celebes Island,ID,Asia/Makassar,-1.414121,120.659241
LUW,WAFW,Syukuran Aminuddin Amir Airport,Luwok,ID,Asia/Makassar,-1.035893,122.773934
PKY,WAGG,Tjilik Riwut Airport,Palangkaraya,ID,Asia/Jakarta,-2.227146,113.943388
YIA,WAHI,Yogyakarta International Airport,Yogyakarta,ID,Asia/Jakarta,-7.905338,110.057264
CXP,WAHL,Tunggul Wulung Airport,Cilacap,ID,Asia/Jakarta,-7.64506,109.033997
DJJ,WAJJ,Dortheys Hiyo Eluay International Airport,Sentani,ID,Asia/Jayapura,-2.579627,140.519857
OKL,WAJO,Oksibil Airport,Oksibil,ID,Asia/Jayapura,-4.9071,140.6277
MKQ,WAKK,Mopah International Airport,Merauke,ID,Asia/Jayapura,-8.523898,140.419693
TMH,WAKT,Tanah Merah Airport,Tanah Merah,ID,Asia/Jayapura,-6.09669,140.303521
BPN,WALL,Sultan Aji Muhammad Sulaiman Sepinggan International Airport,Balikpapan,ID,Asia/Makassar,-1.268342,116.89452
TRK,WALR,Juwata International Airport / Suharnoko Harbani AFB,Tarakan,ID,Asia/Makassar,3.325145,117.564169
AAP,WALS,Aji Pangeran Tumenggung Pranoto International Airport,Samarinda,ID,Asia/Makassar,-0.374478,117.250128
NAH,WAMH,Naha Airport,"Tabukan Utara, Sangihe Islands",ID,Asia/Makassar,3.68478,125.527162
MDC,WAMM,Sam Ratulangi International Airport,Manado,ID,Asia/Makassar,1.548591,124.92625
TJG,WAON,Warukin Airport,Tanta-Tabalong,ID,Asia/Makassar,-2.21656,115.435997
BDJ,WAOO,Syamsudin Noor International Airport,Banjarbaru,ID,Asia/Makassar,-3.440112,114.761209
LUV,WAPF,Karel Sadsuitubun Airport,Langgur,ID,Asia/Jayapura,-5.760278,132.759444
NAM,WAPN,Namniwel Airport,Namniwel,ID,Asia/Jayapura,-3.143159,126.976469
AMQ,WAPP,Pattimura International Airport,Ambon,ID,Asia/Jayapura,-3.71026,128.089005
BEJ,WAQT,Kalimarau Airport,Tanjung Redeb - Borneo Island,ID,Asia/Makassar,2.14776,117.430705
MLG,WARA,Abdul Rachman Saleh Airport,Malang,ID,Asia/Jakarta,-7.929099,112.714233
JOG,WARJ,Adisutjipto International Airport,Yogyakarta,ID,Asia/Jakarta,-7.78818,110.431999
SOC,WARQ,Adisoemarmo International Airport,Surakarta,ID,Asia/Jakarta,-7.516044,110.757492
SUB,WARR,Juanda International Airport,Surabaya,ID,Asia/Jakarta,-7.37983,112.787003
SRG,WARS,Jenderal Ahmad Yani Airport,Semarang,ID,Asia/Jakarta,-6.970732,110.373244
FKQ,WASF,Fakfak Airport,Fakfak,ID,Asia/Jayapura,-2.920508,132.267011
KNG,WASK,Utarom Airport,Kaimana,ID,Asia/Jayapura,-3.6446,133.695116
BXB,WASO,Babo Airport,Babo,ID,Asia/Jayapura,-2.53224,133.438995
MKW,WASR,Rendani Airport,Manokwari,ID,Asia/Jayapura,-0.891833,134.048996
SOQ,WASS,Domine Eduard Osok Airport,Sorong,ID,Asia/Jayapura,-0.894,131.287
KOE,WATT,El Tari Airport,Kupang,ID,Asia/Makassar,-10.1716,123.670998
WMX,WAVV,Wamena Airport,Wamena,ID,Asia/Jayapura,-4.097324,138.952417
WNI,WAWD,Matahora Airport,Wangi-wangi Island,ID,,-5.292123,123.636233
KXB,WAWP,Sangia Nibandera Airport,Kolaka,ID,Asia/Makassar,-4.338158,121.524047
BTU,WBGB,Bintulu Airport,Bintulu,MY,Asia/Kuching,3.12385010719,113.019996643
KCH,WBGG,Kuching International Airport,Kuching,MY,Asia/Kuala_Lumpur,1.487364,110.352859
LMN,WBGJ,Limbang Airport,Limbang,MY,Asia/Kuala_Lumpur,4.808300018310547,115.01000213623047
MKM,WBGK,Mukah Airport,Mukah,MY,Asia/Kuching,2.881944,112.043333
MUR,WBGM,Marudi Airport,Marudi,MY,Asia/Kuching,4.178734,114.330318
MYY,WBGR,Miri Airport,Miri,MY,Asia/Kuching,4.32201,113.987
SBW,WBGS,Sibu Airport,Sibu,MY,Asia/Kuching,2.2616,111.985001
BBN,WBGZ,Bario Airport,Bario,MY,Asia/Kuala_Lumpur,3.734648,115.478548
LDU,WBKD,Lahad Datu Airport,Lahad Datu,MY,Asia/Kuala_Lumpur,5.03241,118.32376
BKI,WBKK,Kota Kinabalu International Airport,Kota Kinabalu,MY,Asia/Kuching,5.932743,116.049324
LBU,WBKL,Labuan Airport,Labuan,MY,Asia/Kuching,5.301667,115.248333
SDK,WBKS,Sandakan Airport,Sandakan,MY,Asia/Kuching,5.900899887084961,118.05899810791016
TWU,WBKW,Tawau Airport,Tawau,MY,Asia/Kuala_Lumpur,4.31338,118.12152
MZV,WBMU,Mulu Airport,Mulu,MY,Asia/Kuala_Lumpur,4.048329830169678,114.80500030517578
BWN,WBSB,Brunei International Airport,Bandar Seri Begawan,BN,Asia/Brunei,4.9442,114.928001
PKU,WIBB,Sultan Syarif Kasim II International Airport / Roesmin Nurjadin AFB,Pekanbaru,ID,Asia/Jakarta,0.458647,101.444321
DUM,WIBD,Pinang Kampai Airport,Dumai,ID,Asia/Jakarta,1.609026,101.433493
RGT,WIBJ,Japura Airport,Rengat-Sumatra Island,ID,Asia/Jakarta,-0.352808,102.334999
KJT,WICA,Kertajati International Airport,Kertajati,ID,Asia/Jakarta,-6.647384,108.165561
BDO,WICC,Husein Sastranegara International Airport,Bandung,ID,Asia/Jakarta,-6.90063,107.575996
BTH,WIDD,Hang Nadim International Airport,Batam,ID,Asia/Jakarta,1.12103,104.119003
TNJ,WIDN,Raja Haji Fisabilillah International Airport,Tanjung Pinang-Bintan Island,ID,Asia/Jakarta,0.92397,104.53341
HLP,WIHH,Halim Perdanakusuma International Airport,Jakarta,ID,Asia/Jakarta,-6.266989,106.890318
CGK,WIII,Soekarno-Hatta International Airport,Jakarta,ID,Asia/Jakarta,-6.12557,106.655998
TKG,WILL,Radin Inten II International Airport,Bandar Lampung,ID,Asia/Jakarta,-5.246803,105.182531
GNS,WIMB,Binaka Airport,Gunungsitoli,ID,Asia/Jakarta,1.166275,97.705196
AEG,WIME,Aek Godang Airport,Padang Sidempuan,ID,Asia/Jakarta,1.4001,99.430496
MES,WIMK,Soewondo Air Force Base,Medan,ID,Asia/Jakarta,3.558425,98.672275
KNO,WIMM,Kualanamu International Airport,Beringin,ID,Asia/Jakarta,3.637847,98.870566
FLZ,WIMS,Dr. Ferdinand Lumban Tobing Airport,Sibolga (Pinangsori),ID,Asia/Jakarta,1.557127,98.887145
LSR,WIMU,Alas Leuser Airport,Kutacane,ID,,3.391456,97.863726
NPO,WIOG,Nanga Pinoh Airport,Nanga Pinoh-Borneo Island,ID,Asia/Jakarta,-0.34864,111.746155
KTG,WIOK,Rahadi Osman Airport,Ketapang,ID,Asia/Pontianak,-1.817165,109.963469
NTX,WION,Ranai Airport,Ranai-Natuna Besar Island,ID,Asia/Jakarta,3.90871,108.388
PNK,WIOO,Supadio International Airport,Pontianak,ID,Asia/Pontianak,-0.152258,109.404493
PSU,WIOP,Pangsuma Airport,Putussibau-Borneo Island,ID,Asia/Jakarta,0.834579,112.940217
SQG,WIOS,Tebelian Airport,Sintang,ID,,-0.045214,111.458049
PGK,WIPK,Depati Amir Airport,Pangkal Pinang,ID,Asia/Jakarta,-2.1622,106.139
BKS,WIPL,Fatmawati Soekarno Airport,Bengkulu,ID,Asia/Jakarta,-3.8637,102.338997
PLM,WIPP,Sultan Mahmud Badaruddin II Airport,Palembang,ID,Asia/Jakarta,-2.897653,104.698147
PDO,WIPQ,Pendopo Airport,Talang Gudang-Sumatra Island,ID,Asia/Jakarta,-3.2860701084136963,103.87999725341797
PDG,WIPT,Minangkabau International Airport,Padang (Katapiang),ID,Asia/Jakarta,-0.785964,100.280384
MEQ,WITC,Cut Nyak Dhien Airport,Kuala Pesisir,ID,Asia/Jakarta,4.040998,96.253312
TXE,WITK,Rembele Airport,Takengon,ID,,4.72113,96.851943
LSX,WITL,Lhok Sukon Airport,Lhok Sukon-Sumatra Island,ID,Asia/Jakarta,5.06951,97.259201
BTJ,WITT,Sultan Iskandar Muda International Airport,Banda Aceh,ID,Asia/Jakarta,5.525087,95.41997
TOD,WMBT,Tioman Airport,Tioman Island,MY,Asia/Kuala_Lumpur,2.81818,104.160004
AOR,WMKA,Sultan Abdul Halim Airport,Alor Satar,MY,Asia/Kuala_Lumpur,6.189670085906982,100.39800262451172
BWH,WMKB,RMAF Butterworth Air Base,Butterworth,MY,Asia/Kuala_Lumpur,5.46592,100.390999
KBR,WMKC,Sultan Ismail Petra Airport,Kota Baharu,MY,Asia/Kuala_Lumpur,6.1668500900268555,102.29299926757812
KUA,WMKD,Kuantan Airport,Kuantan,MY,Asia/Kuala_Lumpur,3.7753899097442627,103.20899963378906
KTE,WMKE,Kerteh Airport,Kerteh,MY,Asia/Kuala_Lumpur,4.53722,103.427002
IPH,WMKI,Sultan Azlan Shah Airport,Ipoh,MY,Asia/Kuala_Lumpur,4.56733,101.091643
JHB,WMKJ,Senai International Airport,Johor Bahru,MY,Asia/Kuala_Lumpur,1.64131,103.669998
KUL,WMKK,Kuala Lumpur International Airport,Sepang,MY,Asia/Kuala_Lumpur,2.74558,101.709999
LGK,WMKL,Langkawi International Airport,Langkawi,MY,Asia/Kuala_Lumpur,6.32973,99.728699
MKZ,WMKM,Malacca International Airport,Malacca,MY,Asia/Kuala_Lumpur,2.265613,102.252778
TGG,WMKN,Sultan Mahmud Airport,Kuala Terengganu,MY,Asia/Kuala_Lumpur,5.3826398849487305,103.10299682617188
PEN,WMKP,Penang International Airport,Penang,MY,Asia/Kuala_Lumpur,5.296303,100.276185
SZB,WMSA,Sultan Abdul Aziz Shah International Airport,Subang,MY,Asia/Kuala_Lumpur,3.13058,101.549004
UAI,WPDB,"Commander in Chief of FALINTIL, Kay Rala Xanana Gusmão, International Airport",Suai,TL,Asia/Dili,-9.301856,125.286302
DIL,WPDL,Presidente Nicolau Lobato International Airport,Dili,TL,Asia/Dili,-8.546562,125.524507
BCH,WPEC,Baucau Airport,Baucau,TL,Asia/Dili,-8.486479,126.399981
OEC,WPOC,Oecusse Route of the Sandalwood International Airport,Oecussi-Ambeno,TL,Asia/Dili,-9.198419,124.337873
QPG,WSAP,Paya Lebar Air Base,Paya Lebar,SG,Asia/Singapore,1.36042,103.910004
TGA,WSAT,Tengah Air Base,Western Water Catchment,SG,Asia/Singapore,1.387561,103.708291
XSP,WSSL,Seletar Airport,Seletar,SG,Asia/Singapore,1.41555,103.86673
SIN,WSSS,Singapore Changi Airport,Singapore,SG,Asia/Singapore,1.35019,103.994003
ALH,YABA,Albany Airport,Albany,AU,Australia/Perth,-34.943333,117.808889
ARY,YARA,Ararat Airport,Ararat,AU,Australia/Melbourne,-37.309978,142.988688
ARM,YARM,Armidale Airport,Armidale,AU,Australia/Sydney,-30.528099060099997,151.617004395
AYQ,YAYE,Ayers Rock Connellan Airport,Yulara,AU,Australia/Darwin,-25.185913,130.97703
BCI,YBAR,Barcaldine Airport,Barcaldine,AU,Australia/Brisbane,-23.566268,145.302086
ASP,YBAS,Alice Springs Airport,Alice Springs,AU,Australia/Darwin,-23.806588,133.903427
BNE,YBBN,Brisbane International Airport,Brisbane,AU,Australia/Brisbane,-27.384199142456055,153.11700439453125
OOL,YBCG,Gold Coast Airport,Gold Coast,AU,Australia/Brisbane,-28.165962,153.506641
BKQ,YBCK,Blackall Airport,Blackall,AU,Australia/Brisbane,-24.431678,145.429716
CNS,YBCS,Cairns International Airport,Cairns,AU,Australia/Brisbane,-16.878921,145.74948
CTL,YBCV,Charleville Airport,Charleville,AU,Australia/Brisbane,-26.4132995605,146.261993408
BVI,YBDV,Birdsville Airport,,AU,Australia/Brisbane,-25.897499084472656,139.34800720214844
BHQ,YBHI,Broken Hill Airport,Broken Hill,AU,Australia/Adelaide,-32.0013999939,141.472000122
HTI,YBHM,Hamilton Island Airport,Hamilton Island,AU,Australia/Lindeman,-20.3581008911,148.95199585
BEU,YBIE,Bedourie Airport,Bedourie,AU,Australia/Brisbane,-24.3461,139.460007
BRK,YBKE,Bourke Airport,,AU,Australia/Sydney,-30.039199829101562,145.95199584960938
BLN,YBLA,Benalla Airport,Benalla,AU,Australia/Melbourne,-36.551899,146.007004
ISA,YBMA,Mount Isa Airport,Mount Isa,AU,Australia/Brisbane,-20.66638,139.488468
MKY,YBMK,Mackay Airport,Mackay,AU,Australia/Brisbane,-21.170816,149.182588
BNK,YBNA,Ballina Byron Gateway Airport,Ballina,AU,Australia/Sydney,-28.833236,153.561471
BSJ,YBNS,Bairnsdale Airport,Bairnsdale,AU,Australia/Hobart,-37.887539,147.569379
OKY,YBOK,Oakey Army Aviation Centre,,AU,Australia/Brisbane,-27.409262,151.736727
BQL,YBOU,Boulia Airport,,AU,Australia/Brisbane,-22.913299560546875,139.89999389648438
PPP,YBPN,Proserpine Whitsunday Coast Airport,Proserpine,AU,Australia/Brisbane,-20.494416,148.553583
ROK,YBRK,Rockhampton Airport,Rockhampton,AU,Australia/Brisbane,-23.380019,150.475359
BME,YBRM,Broome International Airport,Broome,AU,Australia/Perth,-17.949194,122.2283
BZD,YBRN,Balranald Airport,,AU,Australia/Sydney,-34.624834,143.577114
BWQ,YBRW,Brewarrina Airport,,AU,Australia/Sydney,-29.975792,146.81438
MCY,YBSU,Sunshine Coast Airport,Maroochydore,AU,Australia/Brisbane,-26.593324,153.08319
BHS,YBTH,Bathurst Airport,Bathurst,AU,Australia/Sydney,-33.406817,149.651161
BRT,YBTI,Bathurst Island Airport,Wurrumiyanga,AU,Australia/Darwin,-11.764966,130.615774
TSV,YBTL,Townsville Airport / RAAF Base Townsville,Townsville,AU,Australia/Brisbane,-19.252904,146.766512
BLT,YBTR,Blackwater Airport,,AU,Australia/Brisbane,-23.6031,148.807007
BDB,YBUD,Bundaberg Airport,Bundaberg,AU,Australia/Brisbane,-24.905039,152.322612
WEI,YBWP,Weipa Airport,Weipa,AU,Australia/Brisbane,-12.677493,141.922618
WTB,YBWW,Toowoomba Wellcamp Airport,Toowoomba,AU,Australia/Brisbane,-27.558332,151.793335
CVQ,YCAR,Carnarvon Airport,Carnarvon,AU,Australia/Perth,-24.884337,113.666393
CAZ,YCBA,Cobar Airport,,AU,Australia/Sydney,-31.538299560546875,145.79400634765625
COJ,YCBB,Coonabarabran Airport,,AU,Australia/Sydney,-31.3325,149.266998
CPD,YCBP,Coober Pedy Airport,Coober Pedy,AU,Australia/Adelaide,-29.038312,134.722166
CCL,YCCA,Chinchilla Airport,Chinchilla,AU,Australia/Brisbane,-26.771947,150.617571
CNJ,YCCY,Cloncurry Airport,Cloncurry,AU,Australia/Brisbane,-20.668600082399998,140.503997803
CED,YCDU,Ceduna Airport,,AU,Australia/Adelaide,-32.13059997558594,133.7100067138672
CVC,YCEE,Cleve Airport,,AU,Australia/Adelaide,-33.709702,136.505005
CFS,YCFS,Coffs Harbour Airport,Coffs Harbour,AU,Australia/Sydney,-30.320601,153.115997
DCN,YCIN,RAAF Base Curtin,Derby,AU,Australia/Perth,-17.581389,123.828333
CTN,YCKN,Cooktown Airport,,AU,Australia/Brisbane,-15.443649,145.183221
CMQ,YCMT,Clermont Airport,,AU,Australia/Brisbane,-22.7731,147.621002
CMA,YCMU,Cunnamulla Airport,,AU,Australia/Brisbane,-28.030000686645508,145.6219940185547
CNB,YCNM,Coonamble Airport,,AU,Australia/Sydney,-30.980946,148.377833
CUQ,YCOE,Coen Airport,Coen,AU,Australia/Brisbane,-13.761133,143.113311
OOM,YCOM,Cooma Snowy Mountains Airport,Cooma,AU,Australia/Sydney,-36.300445,148.972408
CWW,YCOR,Corowa Airport,,AU,Australia/Sydney,-35.994701,146.356995
CYG,YCRG,Corryong Airport,,AU,Australia/Melbourne,-36.18280029296875,147.88800048828125
CMD,YCTM,Cootamundra Airport,,AU,Australia/Sydney,-34.624283,148.036641
CWT,YCWR,Cowra Airport,,AU,Australia/Sydney,-33.846894,148.648007
DRN,YDBI,Dirranbandi Airport,,AU,Australia/Brisbane,-28.587912,148.217161
DRB,YDBY,Derby Airport,Derby,AU,Australia/Perth,-17.37193,123.66221
DNQ,YDLQ,Deniliquin Airport,Deniliquin,AU,Australia/Sydney,-35.5593986511,144.945999146
DPO,YDPO,Devonport Airport,Devonport,AU,Australia/Melbourne,-41.1697006226,146.429992676
DYA,YDYS,Dysart Airport,,AU,Australia/Brisbane,-22.6222,148.363998
ECH,YECH,Echuca Airport,,AU,Australia/Melbourne,-36.15719985961914,144.76199340820312
ELC,YELD,Elcho Island Airport,Elcho Island,AU,Australia/Darwin,-12.019399642899998,135.570999146
EMD,YEML,Emerald Airport,Emerald,AU,Australia/Brisbane,-23.5674991608,148.179000854
EPR,YESP,Esperance Airport,Esperance,AU,Australia/Perth,-33.684399,121.822998
WHB,YEWA,Eliwana,,AU,,-22.428395,116.887879
FRB,YFBS,Forbes Airport,Forbes,AU,Australia/Sydney,-33.363602,147.934998
FOS,YFRT,Forrest Airport,,AU,Australia/Perth,-30.83662,128.112811
FIZ,YFTZ,Fitzroy Crossing Airport,,AU,Australia/Perth,-18.183596,125.559783
GUH,YGDH,Gunnedah Airport,,AU,Australia/Sydney,-30.957511,150.248981
GET,YGEL,Geraldton Airport,Moonyoonooka,AU,Australia/Perth,-28.796101,114.707001
GFN,YGFN,Clarence Valley Regional Airport,Grafton,AU,Australia/Sydney,-29.754795,153.031234
GLT,YGLA,Gladstone Airport,Gladstone,AU,Australia/Brisbane,-23.869763,151.225439
GUL,YGLB,Goulburn Airport,,AU,Australia/Sydney,-34.810298919677734,149.7259979248047
GLI,YGLI,Glen Innes Airport,Glen Innes,AU,Australia/Sydney,-29.676029,151.691156
GPN,YGPT,Garden Point Airport,Pirlangimpi,AU,Australia/Darwin,-11.399686,130.425568
GTE,YGTE,Groote Eylandt Airport,Groote Eylandt,AU,Australia/Darwin,-13.972405,136.458553
GFF,YGTH,Griffith Airport,Griffith,AU,Australia/Sydney,-34.2508010864,146.067001343
HXX,YHAY,Hay Airport,,AU,Australia/Sydney,-34.531399,144.830002
HVB,YHBA,Hervey Bay Airport,Hervey Bay,AU,Australia/Brisbane,-25.320127,152.880662
HID,YHID,Horn Island Airport,Horn,AU,Australia/Brisbane,-10.585636,142.29277
HCQ,YHLC,Halls Creek Airport,,AU,Australia/Perth,-18.2339,127.669998
HLT,YHML,Hamilton Airport,,AU,Australia/Hobart,-37.64889907836914,142.06500244140625
MHU,YHOT,Mount Hotham Airport,Mount Hotham,AU,Australia/Hobart,-37.0475006104,147.333999634
HTU,YHPN,Hopetoun Airport,,AU,Australia/Melbourne,-35.715302,142.360001
HSM,YHSM,Horsham Airport,,AU,Australia/Melbourne,-36.669700622558594,142.17300415039062
IVR,YIVL,Inverell Airport,Inverell,AU,Australia/Sydney,-29.888299942,151.143997192
KRA,YKER,Kerang Airport,,AU,Australia/Melbourne,-35.751399993896484,143.93899536132812
KNS,YKII,King Island Airport,,AU,Australia/Melbourne,-39.877498626708984,143.8780059814453
KPS,YKMP,Kempsey Airport,,AU,Australia/Sydney,-31.07232,152.765313
KWM,YKOW,Kowanyama Airport,Kowanyama,AU,Australia/Brisbane,-15.485369,141.752572
KGY,YKRY,Kingaroy Airport,,AU,Australia/Brisbane,-26.581077,151.839927
KGC,YKSC,Kingscote Airport,,AU,Australia/Adelaide,-35.71390151977539,137.52099609375
LGH,YLEC,Leigh Creek Airport,,AU,Australia/Adelaide,-30.598301,138.425995
LNO,YLEO,Leonora Airport,Leonora,AU,Australia/Perth,-28.87809944152832,121.31500244140625
IRG,YLHR,Lockhart River Airport,Lockhart River,AU,Australia/Brisbane,-12.7869,143.304993
LSY,YLIS,Lismore Airport,Lismore,AU,Australia/Sydney,-28.830689,153.258419
LHG,YLRD,Lightning Ridge Airport,,AU,Australia/Sydney,-29.452857,147.977146
LRE,YLRE,Longreach Airport,Longreach,AU,Australia/Brisbane,-23.4342,144.279999
LER,YLST,Leinster Airport,,AU,Australia/Perth,-27.843299865722656,120.7030029296875
TGN,YLTV,Latrobe Valley Airport,Morwell,AU,Australia/Melbourne,-38.211004,146.470817
AVV,YMAV,Melbourne Avalon International Airport,Geelong/Melbourne,AU,Australia/Melbourne,-38.040269,144.467196
ABX,YMAY,Albury Airport,East Albury,AU,Australia/Sydney,-36.066758,146.959148
MRG,YMBA,Mareeba Airport,Mareeba,AU,Australia/Brisbane,-17.070277,145.424228
DGE,YMDG,Mudgee Airport,Mudgee,AU,Australia/Sydney,-32.564794,149.609452
MKR,YMEK,Meekatharra Airport,,AU,Australia/Perth,-26.6117000579834,118.5479965209961
MEB,YMEN,Melbourne Essendon Airport,Essendon Fields,AU,Australia/Melbourne,-37.7281,144.901993
MIM,YMER,Merimbula Airport,Merimbula,AU,Australia/Sydney,-36.9085998535,149.901000977
MNG,YMGD,Maningrida Airport,Maningrida,AU,Australia/Darwin,-12.0560998917,134.23399353
HBA,YMHB,Hobart International Airport,Hobart (Cambridge),AU,Australia/Hobart,-42.837032,147.513022
MQL,YMIA,Mildura Airport,Mildura,AU,Australia/Hobart,-34.229198455799995,142.085998535
LST,YMLT,Launceston Airport,Launceston (Western Junction),AU,Australia/Melbourne,-41.544935,147.210785
MBW,YMMB,Melbourne Moorabbin Airport,Melbourne,AU,Australia/Melbourne,-37.977765,145.099799
MEL,YMML,Melbourne Airport,Melbourne,AU,Australia/Melbourne,-37.670732,144.837898
WME,YMNE,Mount Keith Airport,,AU,Australia/Perth,-27.28733,120.554937
MMG,YMOG,Mount Magnet Airport,,AU,Australia/Perth,-28.116100311279297,117.84200286865234
MRZ,YMOR,Moree Airport,Moree,AU,Australia/Sydney,-29.498899459799997,149.845001221
MOV,YMRB,Moranbah Airport,Moranbah,AU,Australia/Brisbane,-22.057800293,148.07699585
RRE,YMRE,Marree Airport,,AU,Australia/Adelaide,-29.6633,138.065002
MYA,YMRY,Moruya Airport,Moruya,AU,Australia/Sydney,-35.8978004456,150.143997192
MGB,YMTG,Mount Gambier Airport,Mount Gambier,AU,Australia/Adelaide,-37.744382,140.780561
NRA,YNAR,Narrandera Airport,Narrandera,AU,Australia/Sydney,-34.7022018433,146.511993408
NAA,YNBR,Narrabri Airport,Narrabri,AU,Australia/Sydney,-30.3192005157,149.82699585
RPM,YNGU,Ngukurr Airport,,AU,Australia/Darwin,-14.7228,134.746994
QRM,YNRM,Narromine Airport,,AU,,-32.214699,148.225006
NTN,YNTN,Normanton Airport,Normanton,AU,Australia/Brisbane,-17.68409,141.069664
ZNE,YNWN,Newman Airport,Newman,AU,Australia/Perth,-23.417800903299998,119.803001404
OAG,YORG,Orange Airport,Orange,AU,Australia/Sydney,-33.382014,149.131262
ADL,YPAD,Adelaide International Airport,Adelaide,AU,Australia/Adelaide,-34.947512,138.533393
PUG,YPAG,Port Augusta Airport,,AU,Australia/Adelaide,-32.506900787353516,137.7169952392578
PBO,YPBO,Paraburdoo Airport,Paraburdoo,AU,Australia/Perth,-23.1711006165,117.745002747
CCK,YPCC,Cocos (Keeling) Islands Airport,West Island,CC,Indian/Cocos,-12.192218,96.834103
DRW,YPDN,Darwin International Airport / RAAF Darwin,Darwin,AU,Australia/Darwin,-12.41497,130.88185
GOV,YPGV,Gove Airport,Nhulunbuy,AU,Australia/Darwin,-12.269399642899998,136.817993164
PPI,YPIR,Port Pirie Airport,,AU,Australia/Adelaide,-33.238899,137.994995
JAD,YPJT,Perth Jandakot Airport,Perth,AU,Australia/Perth,-32.09749984741211,115.88099670410156
KTA,YPKA,Karratha Airport,Karratha,AU,Australia/Perth,-20.712200164799995,116.773002625
KGI,YPKG,Kalgoorlie Boulder Airport,Broadwood,AU,Australia/Perth,-30.791543,121.464586
PKE,YPKS,Parkes Airport,Parkes,AU,Australia/Sydney,-33.131401062,148.238998413
PKT,YPKT,Port Keats Airport,Wadeye,AU,Australia/Darwin,-14.249701,129.529538
KNX,YPKU,East Kimberley Regional (Kununurra) Airport,Kununurra,AU,Australia/Perth,-15.7781,128.707993
PLO,YPLC,Port Lincoln Airport,Port Lincoln,AU,Australia/Adelaide,-34.6053009033,135.880004883
LEA,YPLM,Learmonth Airport,Exmouth,AU,Australia/Perth,-22.235201,114.090024
PQQ,YPMQ,Port Macquarie Airport,Port Macquarie,AU,Australia/Sydney,-31.4358005524,152.863006592
PTJ,YPOD,Portland Airport,,AU,Australia/Hobart,-38.31809997558594,141.4709930419922
PHE,YPPD,Port Hedland International Airport,Port Hedland,AU,Australia/Perth,-20.382787,118.629789
PER,YPPH,Perth International Airport,Perth,AU,Australia/Perth,-31.94029998779297,115.96700286865234
KTR,YPTN,Tindal Airport,,AU,Australia/Darwin,-14.521100044250488,132.3780059814453
XCH,YPXM,Christmas Island International Airport,Flying Fish Cove,CX,Indian/Christmas,-10.450387,105.6911
ULP,YQLP,Quilpie Airport,,AU,Australia/Brisbane,-26.609176,144.253746
RMK,YREN,Renmark Airport,,AU,Australia/Adelaide,-34.1964,140.673996
RMA,YROM,Roma Airport,Roma,AU,Australia/Brisbane,-26.545000076300003,148.774993896
BWU,YSBK,Sydney Bankstown Airport,Sydney,AU,Australia/Sydney,-33.923618,150.990792
CBR,YSCB,Canberra Airport,Canberra,AU,Australia/Sydney,-35.3069,149.195007
CDU,YSCN,Camden Airport,Cobbitty,AU,Australia/Sydney,-34.038338,150.686406
DBO,YSDU,Dubbo City Regional Airport,Dubbo,AU,Australia/Sydney,-32.2167015076,148.574996948
MJK,YSHK,Shark Bay Airport,Denham,AU,Australia/Perth,-25.897294,113.575802
WOL,YSHL,Shellharbour Airport,Albion Park Rail,AU,Australia/Sydney,-34.5611,150.789001
SHT,YSHT,Shepparton Airport,,AU,Australia/Hobart,-36.428341,145.391473
SIO,YSMI,Smithton Airport,,AU,Australia/Hobart,-40.834999084472656,145.08399963378906
SNB,YSNB,Snake Bay Airport,Milikapiti,AU,Australia/Darwin,-11.417674,130.648481
NLK,YSNF,Norfolk Island International Airport,Burnt Pine,NF,Pacific/Norfolk,-29.041759,167.939474
NOA,YSNW,Naval Air Station Nowra - HMAS Albatross,Nowra Hill,AU,Australia/Sydney,-34.9466,150.542451
XRH,YSRI,RAAF Base Richmond,Richmond,AU,Australia/Sydney,-33.604652,150.783051
SYD,YSSY,Sydney Kingsford Smith International Airport,Sydney (Mascot),AU,Australia/Sydney,-33.946098,151.177002
TMW,YSTW,Tamworth Airport,Tamworth,AU,Australia/Sydney,-31.077898,150.845484
WGA,YSWG,Wagga Wagga Airport,Forest Hill,AU,Australia/Sydney,-35.163484,147.46832
SWH,YSWH,Swan Hill Airport,,AU,Australia/Melbourne,-35.37580108642578,143.5330047607422
SWC,YSWL,Stawell Airport,,AU,Australia/Melbourne,-37.07170104980469,142.74099731445312
WSI,YSWS,(Duplicate)Western Sydney International Airport,Sydney,AU,,-33.88806,150.71472
TEF,YTEF,Telfer Airport,,AU,Australia/Perth,-21.715,122.228996
TEM,YTEM,Temora Airport,Temora,AU,Australia/Sydney,-34.421398,147.511993
XTG,YTGM,Thargomindah Airport,Thargomindah,AU,Australia/Brisbane,-27.986368,143.812065
TYB,YTIB,Tibooburra Airport,,AU,Australia/Sydney,-29.451099,142.057999
TUM,YTMU,Tumut Aerodrome,Tumut,AU,Australia/Sydney,-35.26832,148.240526
THG,YTNG,Thangool Airport,Biloela,AU,,-24.494863,150.577967
TCA,YTNK,Tennant Creek Airport,Tennant Creek,AU,Australia/Darwin,-19.6343994140625,134.18299865722656
TRO,YTRE,Taree Airport,Taree,AU,Australia/Sydney,-31.888599,152.514008
WNR,YWDH,Windorah Airport,Windorah,AU,Australia/Brisbane,-25.410641,142.668428
WGT,YWGT,Wangaratta Airport,Laceby,AU,Australia/Melbourne,-36.417914,146.306896
WYA,YWHA,Whyalla Airport,Whyalla,AU,Australia/Adelaide,-33.05889892578125,137.51400756835938
WKB,YWKB,Warracknabeal Airport,,AU,Australia/Melbourne,-36.32109832763672,142.41900634765625
WGE,YWLG,Walgett Airport,,AU,Australia/Sydney,-30.032801,148.126007
NTL,YWLM,Newcastle Airport,Williamtown,AU,Australia/Sydney,-32.796114,151.835025
WUN,YWLU,Wiluna Airport,,AU,Australia/Perth,-26.629199981689453,120.22100067138672
SXE,YWSL,West Sale Airport,Sale,AU,Australia/Melbourne,-38.090827,146.965335
WIN,YWTN,Winton Airport,,AU,Australia/Brisbane,-22.36359977722168,143.08599853515625
WWY,YWWL,West Wyalong Airport,West Wyalong,AU,Australia/Sydney,-33.9371986389,147.190994263
BWT,YWYY,Wynyard Airport,Burnie,AU,Australia/Melbourne,-40.997039,145.726
NGA,YYNG,Young Airport,,AU,Australia/Sydney,-34.255576,148.247118
PEK,ZBAA,Beijing Capital International Airport,Beijing,CN,Asia/Shanghai,40.077349,116.596702
PKX,ZBAD,Beijing Daxing International Airport,Beijing,CN,Asia/Shanghai,39.501289,116.413967
CDE,ZBCD,Chengde Puning Airport,Chengde,CN,Asia/Shanghai,41.1225,118.073889
CIF,ZBCF,Chifeng Yulong Airport,Chifeng,CN,Asia/Shanghai,42.159723,118.840971
BPE,ZBDH,Qinhuangdao Beidaihe Airport,Qinhuangdao (Changli),CN,Asia/Shanghai,39.666384,119.061384
DSN,ZBDS,Ordos Ejin Horo International Airport,Ordos,CN,Asia/Shanghai,39.493514,109.8599
DAT,ZBDT,Datong Yungang International Airport,Datong,CN,Asia/Shanghai,40.06139,113.480509
ERL,ZBER,Erenhot Saiwusu International Airport,Erenhot,CN,Asia/Shanghai,43.424079,112.091081
YIE,ZBES,Arxan Yi'ershi Airport,Arxan,CN,Asia/Shanghai,47.3106,119.9117
HDG,ZBHD,Handan Airport,Handan,CN,Asia/Shanghai,36.524824,114.424126
HET,ZBHH,Hohhot Baita International Airport,Hohhot,CN,Asia/Shanghai,40.849658,111.824598
HUO,ZBHZ,Holingol Huolinhe Airport,Holingol,CN,Asia/Shanghai,45.487222,119.407222
HLD,ZBLA,Hulunbuir Hailar Airport,Hailar,CN,Asia/Shanghai,49.208616,119.822301
LFQ,ZBLF,Linfen Yaodu Airport,Linfen (Yaodu),CN,Asia/Shanghai,36.132629,111.641236
LLV,ZBLL,Lüliang Dawu Airport,Lüliang,CN,Asia/Shanghai,37.683333,111.142778
NZH,ZBMZ,Manzhouli Xijiao Airport,Manzhouli,CN,Asia/Shanghai,49.566667,117.33
BAV,ZBOW,Baotou Donghe International Airport,Baotou,CN,Asia/Shanghai,40.560001,109.997002
SZH,ZBSG,Shuozhou Zirun Airport,Shuozhou,CN,Asia/Shanghai,39.273241,112.691552
SJW,ZBSJ,Shijiazhuang Zhengding International Airport,Shijiazhuang,CN,Asia/Shanghai,38.280701,114.696999
TSN,ZBTJ,Tianjin Binhai International Airport,Tianjin,CN,Asia/Shanghai,39.124401092499994,117.346000671
TGO,ZBTL,Tongliao Airport,Tongliao,CN,Asia/Shanghai,43.556702,122.199997
UCB,ZBUC,Ulanqab Jining Airport,Ulanqab,CN,Asia/Shanghai,41.130266,113.107274
WUA,ZBUH,Wuhai Airport,Wuhai,CN,Asia/Shanghai,39.7934,106.7993
XIL,ZBXH,Xilinhot Airport,Xilinhot,CN,Asia/Shanghai,43.91559982299805,115.96399688720703
YCU,ZBYC,Yuncheng Yanhu International Airport,Yuncheng (Yanhu),CN,Asia/Shanghai,35.117823,111.034023
TYN,ZBYN,Taiyuan Wusu International Airport,Taiyuan,CN,Asia/Shanghai,37.746899,112.627998
RLK,ZBYZ,Bayannur Tianjitai Airport,Bayannur,CN,Asia/Shanghai,40.926358,107.74093
ZQZ,ZBZJ,Zhangjiakou Ningyuan Airport,Zhangjiakou,CN,,40.738664,114.933395
NZL,ZBZL,Zhalantun Genghis Khan Airport,Zhalantun,CN,Asia/Shanghai,47.865942,122.768662
BHY,ZGBH,Beihai Fucheng Airport,Beihai,CN,Asia/Shanghai,21.538659,109.293683
AEB,ZGBS,Baise (Bose) Bama Airport,Baise (Tianyang),CN,Asia/Shanghai,23.7206,106.959999
CGD,ZGCD,Changde Taohuayuan Airport,Changde (Dingcheng),CN,Asia/Shanghai,28.9189,111.639999
HJJ,ZGCJ,Huaihua Zhijiang Airport,Huaihua,CN,Asia/Shanghai,27.443087,109.704666
HCZ,ZGCZ,Chenzhou Beihu Airport,Chenzhou,CN,Asia/Shanghai,25.753419,112.845404
DYG,ZGDY,Zhangjiajie Hehua International Airport,Zhangjiajie (Yongding),CN,Asia/Shanghai,29.104749,110.442786
FUO,ZGFS,Foshan Shadi Airport,Foshan (Nanhai),CN,Asia/Shanghai,23.0825,113.070833
CAN,ZGGG,Guangzhou Baiyun International Airport,Guangzhou (Huadu),CN,Asia/Shanghai,23.392401,113.299004
CSX,ZGHA,Changsha Huanghua International Airport,Changsha (Changsha),CN,Asia/Shanghai,28.189199,113.220001
HCJ,ZGHC,Hechi Jinchengjiang Airport,Hechi (Jinchengjiang),CN,,24.804344,107.710819
HUZ,ZGHZ,Huizhou Pingtan Airport,Huizhou (Pingtan),CN,Asia/Shanghai,23.049999,114.599998
KWL,ZGKL,Guilin Liangjiang International Airport,Guilin (Lingui),CN,Asia/Shanghai,25.219828,110.039553
LLF,ZGLG,Yongzhou Lingling Airport,Yongzhou,CN,Asia/Shanghai,26.338661,111.610043
NNG,ZGNN,Nanning Wuxu International Airport,Nanning (Jiangnan),CN,Asia/Shanghai,22.598071,108.181922
SWA,ZGOW,Jieyang Chaoshan International Airport,Jieyang (Rongcheng),CN,Asia/Shanghai,23.552,116.5033
ZUH,ZGSD,Zhuhai Jinwan Airport,Zhuhai (Jinwan),CN,Asia/Shanghai,22.006399,113.375999
WGN,ZGSY,Shaoyang Wugang Airport,Shaoyang (Wugang),CN,,26.806123,110.641042
SZX,ZGSZ,Shenzhen Bao'an International Airport,Shenzhen,CN,Asia/Shanghai,22.639474,113.803262
WUZ,ZGWZ,Wuzhou Xijiang Airport,Tangbu,CN,Asia/Shanghai,23.40316,111.09331
YLX,ZGYL,Yulin Fumian Airport,Yulin,CN,Asia/Shanghai,22.433042,110.119996
YYA,ZGYY,Yueyang Sanhe Airport,Yueyang (Yueyanglou),CN,Asia/Shanghai,29.311699,113.281574
LZH,ZGZH,Liuzhou Bailian Airport / Bailian Air Base,Liuzhou (Liujiang),CN,Asia/Shanghai,24.2075,109.390999
ZHA,ZGZJ,Zhanjiang Wuchuan International Airport,Zhanjiang,CN,Asia/Shanghai,21.481667,110.590278
CGO,ZHCC,Zhengzhou Xinzheng International Airport,Zhengzhou,CN,Asia/Shanghai,34.526497,113.849165
EHU,ZHEC,Ezhou Huahu International Airport,Ezhou,CN,Asia/Shanghai,30.341178,115.03926
ENH,ZHES,Enshi Xujiaping Airport,Enshi (Enshi),CN,Asia/Shanghai,30.320299,109.485001
LHK,ZHGH,Guangzhou MR Air Base / Guanghua Airport,Xiangyang (Laohekou),CN,Asia/Shanghai,32.38866,111.69425
WUH,ZHHH,Wuhan Tianhe International Airport,Wuhan (Huangpi),CN,Asia/Shanghai,30.774798,114.213723
SHS,ZHJZ,Jingzhou Shashi Airport,Jingzhou (Shashi),CN,Asia/Shanghai,30.29281,112.44854
LYA,ZHLY,Luoyang Beijiao Airport,Luoyang (Laocheng),CN,Asia/Shanghai,34.7411,112.388
HPG,ZHSN,Shennongjia Hongping Airport,Shennongjia (Hongping),CN,,31.626,110.34
WDS,ZHSY,Shiyan Wudangshan Airport,Shiyan (Maojian),CN,Asia/Shanghai,32.592889,110.906296
XFN,ZHXF,Xiangyang Liuji Airport,Xiangyang (Xiangzhou),CN,Asia/Shanghai,32.152222,112.291666
XAI,ZHXY,Xinyang Minggang Airport,Xinyang,CN,Asia/Shanghai,32.540819,114.079141
YIH,ZHYC,Yichang Sanxia Airport,Yichang (Xiaoting),CN,Asia/Shanghai,30.554132,111.482563
HAK,ZJHK,Haikou Meilan International Airport,Haikou (Meilan),CN,Asia/Shanghai,19.9349,110.459
BAR,ZJQH,Qionghai Bo'ao Airport,Qionghai (Basuo),CN,Asia/Shanghai,19.140951,110.452766
SYX,ZJSY,Sanya Phoenix International Airport,Sanya (Tianya),CN,Asia/Shanghai,18.3029,109.412003
RGO,ZKHM,Orang (Chongjin) Airport,Hoemun-ri,KP,Asia/Pyongyang,41.428538,129.647555
FNJ,ZKPY,Pyongyang Sunan International Airport,Pyongyang,KP,Asia/Pyongyang,39.224098,125.669998
DSO,ZKSD,Sondok Airport,Sŏndŏng-ni,KP,Asia/Pyongyang,39.745201,127.473999
WOS,ZKWS,Wonsan Kalma Airport,Wonsan,KP,,39.165219,127.487931
DNH,ZLDH,Dunhuang Mogao International Airport,Dunhuang,CN,Asia/Shanghai,40.161953,94.812827
HXD,ZLDL,Haixi Delingha Airport,Delingha,CN,Asia/Shanghai,37.125286,97.268658
GMQ,ZLGL,Golog Maqên Airport,Golog (Maqên),CN,,34.418066,100.301144
GOQ,ZLGM,Golmud Airport,Golmud,CN,Asia/Shanghai,36.4006,94.786102
GYU,ZLGY,Guyuan Liupanshan Airport,Guyuan (Yuanzhou),CN,Asia/Shanghai,36.078889,106.216944
HTT,ZLHX,Huatugou Airport,Mengnai,CN,,38.201645,90.837843
HZG,ZLHZ,Hanzhong Chenggu Airport,Hanzhong (Chenggu),CN,Asia/Shanghai,33.133527,107.203817
INC,ZLIC,Yinchuan Hedong International Airport,Yinchuan,CN,Asia/Shanghai,38.322758,106.393214
JIC,ZLJC,Jinchang Jinchuan Airport,Jinchang,CN,Asia/Shanghai,38.542222,102.348333
JGN,ZLJQ,Jiayuguan International Airport,Jiayuguan,CN,Asia/Shanghai,39.859052,98.339344
LHW,ZLLL,Lanzhou Zhongchuan International Airport,Lanzhou (Yongdeng),CN,Asia/Shanghai,36.515202,103.620003
LNL,ZLLN,Longnan Chengzhou Airport,Longnan (Cheng),CN,Asia/Shanghai,33.789918,105.790014
IQN,ZLQY,Qingyang Xifeng Airport,Qingyang (Xifeng),CN,Asia/Shanghai,35.802638,107.598896
SIA,ZLSN,Xi'an Xiguan Airport,Xi'an (Baqiao),CN,,34.376701,109.120003
THQ,ZLTS,Tianshui Maijishan Airport,Tianshui (Maiji),CN,Asia/Shanghai,34.5601,105.860343
GXH,ZLXH,Gannan Xiahe Airport,Gannan (Xiahe),CN,Asia/Shanghai,34.819014,102.622261
XNN,ZLXN,Xining Caojiabao International Airport,Haidong (Huzhu Tu Autonomous County),CN,Asia/Shanghai,36.52775,102.040215
XIY,ZLXY,Xi'an Xianyang International Airport,Xianyang (Weicheng),CN,Asia/Shanghai,34.447102,108.751999
ENY,ZLYA,Yan'an Nanniwan Airport,Yan'an (Baota),CN,Asia/Shanghai,36.479413,109.464083
UYN,ZLYL,Yulin Yuyang Airport,Yulin,CN,Asia/Shanghai,38.35971,109.590927
YUS,ZLYS,Yushu Batang Airport,Yushu (Batang),CN,Asia/Shanghai,32.836389,97.036389
ZHY,ZLZW,Zhongwei Shapotou Airport,Zhongwei (Shapotou),CN,Asia/Shanghai,37.573125,105.154454
YZY,ZLZY,Zhangye Ganzhou Airport,Zhangye (Ganzhou),CN,Asia/Shanghai,38.801899,100.675003
UMB,ZM-0045,Kalumbila Airport,Kalumbila,ZM,,-12.25358,25.44432
AVK,ZMAH,Arvaikheer Airport,Arvaikheer,MN,Asia/Ulaanbaatar,46.250301361083984,102.802001953125
LTI,ZMAT,Altai Airport,Altai,MN,Asia/Ulaanbaatar,46.376399993896484,96.22109985351562
BYN,ZMBH,Bayankhongor Airport,Bayankhongor,MN,Asia/Ulaanbaatar,46.1633,100.704002
UGA,ZMBN,Bulgan Airport,Bulgan,MN,Asia/Ulaanbaatar,48.85499954223633,103.47599792480469
UUN,ZMBU,Baruun Urt Airport,,MN,Asia/Choibalsan,46.660301208496094,113.28500366210938
COQ,ZMCD,Choibalsan Airport,,MN,Asia/Ulaanbaatar,48.135381,114.647231
UBN,ZMCK,Ulaanbaatar Chinggis Khaan International Airport,Ulaanbaatar (Sergelen),MN,Asia/Ulaanbaatar,47.646916,106.819833
DLZ,ZMDZ,Dalanzadgad Airport,Dalanzadgad,MN,Asia/Ulaanbaatar,43.608628,104.367734
HVD,ZMKD,Khovd Airport,Khovd,MN,Asia/Hovd,47.954102,91.628197
MXV,ZMMN,Mörön Airport,Mörön,MN,Asia/Ulaanbaatar,49.663677,100.100028
ULN,ZMUB,Buyant-Ukhaa International Airport,Ulaanbaatar,MN,Asia/Ulaanbaatar,47.843102,106.766998
ULO,ZMUG,Ulaangom Airport,Ulaangom,MN,Asia/Hovd,50.066588,91.938273
ULG,ZMUL,Ölgii Mongolei International Airport,Ölgii,MN,Asia/Hovd,48.993301,89.922501
BSD,ZPBS,Baoshan Yunrui Airport,Baoshan (Longyang),CN,Asia/Shanghai,25.053301,99.168297
CWJ,ZPCW,Cangyuan Washan Airport,Lincang (Cangyuan),CN,,23.276331,99.373169
DLU,ZPDL,Dali Fengyi Airport,Dali (Xiaguan),CN,Asia/Shanghai,25.649401,100.319
DIG,ZPDQ,Diqing Shangri-La Airport,Diqing (Shangri-La),CN,Asia/Shanghai,27.7936,99.6772
JHG,ZPJH,Xishuangbanna Gasa International Airport,Jinghong (Gasa),CN,Asia/Shanghai,21.974648,100.762224
JMJ,ZPJM,Lancang Jingmai Airport,Pu'er (Lancang),CN,,22.417733,99.784012
LNJ,ZPLC,Lincang Boshang Airport,Lincang,CN,Asia/Shanghai,23.7381,100.025002
LJG,ZPLJ,Lijiang Sanyi International Airport,Lijiang,CN,Asia/Shanghai,26.677483,100.244944
LUM,ZPMS,Dehong Mangshi International Airport,Dehong (Mangshi),CN,Asia/Shanghai,24.4011,98.5317
KMG,ZPPP,Kunming Changshui International Airport,Kunming,CN,Asia/Shanghai,25.110313,102.936743
YUA,ZPYM,Yuanmou Air Base,Chuxiong (Yuanmou),CN,,25.737499,101.882004
XMN,ZSAM,Xiamen Gaoqi International Airport,Xiamen,CN,Asia/Shanghai,24.543889,118.127454
AQG,ZSAQ,Anqing Tianzhushan Airport / Anqing North Air Base,Anqing,CN,Asia/Shanghai,30.582199,117.050003
BFU,ZSBB,Bengbu Renheji Airport,Bengbu,CN,Asia/Shanghai,32.847733,117.320244
CZX,ZSCG,Changzhou Benniu International Airport,Changzhou,CN,Asia/Shanghai,31.920485,119.77546
KHN,ZSCN,Nanchang Changbei International Airport,Nanchang,CN,Asia/Shanghai,28.864815,115.90271
DOY,ZSDY,Dongying Shengli Airport,Dongying (Kenli),CN,Asia/Shanghai,37.50137,118.789863
FUG,ZSFY,Fuyang Xiguan Airport,"Yingzhou, Fuyang",CN,Asia/Shanghai,32.882157,115.734364
FOC,ZSFZ,Fuzhou Changle International Airport,Fuzhou (Changle),CN,Asia/Shanghai,25.929254,119.672524
HGH,ZSHC,Hangzhou Xiaoshan International Airport,Hangzhou,CN,Asia/Shanghai,30.23609,120.428865
HZA,ZSHZ,Heze Mudan Airport,Heze (Dingtao),CN,Asia/Shanghai,35.212972,115.736748
JDZ,ZSJD,Jingdezhen Luojia Airport,Jingdezhen,CN,Asia/Shanghai,29.3386,117.176003
JNG,ZSJG,Jining Da'an Airport,Jining,CN,Asia/Shanghai,35.647358,116.743269
TNA,ZSJN,Jinan Yaoqiang International Airport,Jinan (Licheng),CN,Asia/Shanghai,36.857201,117.216003
JUZ,ZSJU,Quzhou Airport,Quzhou (Kezheng),CN,Asia/Shanghai,28.96613,118.898793
LYG,ZSLG,Lianyungang Huaguoshan International Airport,Lianyungang,CN,Asia/Shanghai,34.41406,119.17899
LCX,ZSLO,Liancheng Guanzhishan Airport,Longyan (Liancheng),CN,Asia/Shanghai,25.67592,116.745907
HYN,ZSLQ,Taizhou Luqiao Airport,Taizhou (Luqiao),CN,Asia/Shanghai,28.562201,121.429001
LYI,ZSLY,Linyi Qiyang Airport,Linyi (Hedong),CN,Asia/Shanghai,35.052918,118.411828
NGB,ZSNB,Ningbo Lishe International Airport,Ningbo,CN,Asia/Shanghai,29.82670021057129,121.46199798583984
NKG,ZSNJ,Nanjing Lukou International Airport,Nanjing,CN,Asia/Shanghai,31.735032,118.865949
NTG,ZSNT,Nantong Xingdong International Airport,Nantong (Tongzhou),CN,Asia/Shanghai,32.073566,120.980076
HFE,ZSOF,Hefei Xinqiao International Airport,Hefei,CN,Asia/Shanghai,31.98779,116.9769
PVG,ZSPD,Shanghai Pudong International Airport,Shanghai (Pudong),CN,Asia/Shanghai,31.1434,121.805
TAO,ZSQD,Qingdao Jiaodong International Airport,Qingdao (Jiaozhou),CN,Asia/Shanghai,36.361953,120.088171
JJN,ZSQZ,Quanzhou Jinjiang International Airport,Quanzhou,CN,Asia/Shanghai,24.795855,118.588599
RUG,ZSRG,Rugao Air Base,Rugao (Nantong),CN,Asia/Shanghai,32.258341,120.501131
RIZ,ZSRZ,Rizhao Shanzihe Airport,Rizhao (Donggang),CN,,35.405033,119.324403
HIA,ZSSH,Huai'an Lianshui Airport,Huai'an,CN,Asia/Shanghai,33.792712,119.126657
SQJ,ZSSM,Sanming Shaxian Airport,Sanming (Sha),CN,Asia/Shanghai,26.4263,117.8336
SQD,ZSSR,Shangrao Sanqingshan Airport,Shangrao (Hengfeng),CN,Asia/Shanghai,28.3797,117.9643
SHA,ZSSS,Shanghai Hongqiao International Airport,Shanghai (Minhang),CN,Asia/Shanghai,31.198104,121.33426
SZV,ZSSZ,Suzhou Guangfu Airport,Suzhou,CN,Asia/Shanghai,31.2631,120.401001
TXN,ZSTX,Huangshan Tunxi International Airport,Huangshan,CN,Asia/Shanghai,29.733299,118.255997
WHA,ZSWA,Wuhu Xuanzhou Airport,Wuhu,CN,Asia/Shanghai,31.1045,118.66687
WEF,ZSWF,Weifang Nanyuan Airport,Weifang (Kuiwen),CN,Asia/Shanghai,36.646702,119.119003
WEH,ZSWH,Weihai Dashuibo Airport,Weihai,CN,Asia/Shanghai,37.187099,122.228996
WUX,ZSWX,Sunan Shuofang International Airport,Wuxi,CN,Asia/Shanghai,31.496952,120.43038
WUS,ZSWY,Nanping Wuyishan Airport,Wuyishan,CN,Asia/Shanghai,27.7019,118.000999
WNZ,ZSWZ,Wenzhou Longwan International Airport,Wenzhou (Longwan),CN,Asia/Shanghai,27.910572,120.853465
XUZ,ZSXZ,Xuzhou Guanyin International Airport,Xuzhou,CN,Asia/Shanghai,34.059056,117.555278
YTY,ZSYA,Yangzhou Taizhou Airport,Yangzhou,CN,,32.5634,119.7198
YIC,ZSYC,Yichun Mingyueshan Airport,Yichun,CN,,27.8025,114.3062
YNZ,ZSYN,Yancheng Nanyang International Airport,Yancheng (Tinghu),CN,Asia/Shanghai,33.428317,120.20545
YNT,ZSYT,Yantai Penglai International Airport,Yantai,CN,Asia/Shanghai,37.659724,120.978124
YIW,ZSYW,Yiwu Airport,Yiwu/Jinhua,CN,Asia/Shanghai,29.342095,120.03116
HSN,ZSZS,Zhoushan Putuoshan International Airport,Zhoushan,CN,Asia/Shanghai,29.933874,122.362307
NGQ,ZUAL,Ngari Gunsa Airport,Shiquanhe,CN,Asia/Shanghai,32.09794,80.053971
AVA,ZUAS,Anshun Huangguoshu Airport,Anshun (Xixiu),CN,Asia/Shanghai,26.260556,105.873333
BPX,ZUBD,Qamdo Bangda Airport,Bangda,CN,Asia/Shanghai,30.553600311279297,97.1082992553711
BFJ,ZUBJ,Bijie Feixiong Airport,Bijie,CN,Asia/Shanghai,27.267066,105.472097
CKG,ZUCK,Chongqing Jiangbei International Airport,Chongqing,CN,Asia/Shanghai,29.712254,106.651895
DZH,ZUDA,Dazhou Jinya Airport,Dazhou (Dachuan),CN,Asia/Shanghai,31.048815,107.435646
DCY,ZUDC,Daocheng Yading Airport,Garzê (Daocheng),CN,Asia/Shanghai,29.31632,100.060317
DEJ,ZUDJ,Tongren Dejiang Airport (Under Construction),Tongren,CN,Asia/Shanghai,28.121,108.1631
GHN,ZUGH,Guanghan Airport,Deyang (Guanghan),CN,,30.9485,104.3296
GYS,ZUGU,Guangyuan Panlong Airport,Guangyuan (Lizhou),CN,Asia/Shanghai,32.390254,105.694571
KWE,ZUGY,Guiyang Longdongbao International Airport,Guiyang (Nanming),CN,Asia/Shanghai,26.541805,106.80402
AHJ,ZUHY,Hongyuan Airport,Ngawa (Hongyuan),CN,Asia/Shanghai,32.53154,102.35224
JZH,ZUJZ,Jiuzhai Huanglong Airport,Ngawa (Songpan),CN,Asia/Shanghai,32.853333,103.682222
KGT,ZUKD,Kangding Airport,Garzê (Kangding),CN,Asia/Shanghai,30.142464,101.73872
KJH,ZUKJ,Kaili Huangping Airport,Kaili  (Huangping),CN,Asia/Shanghai,26.972,107.988
LXA,ZULS,Lhasa Gonggar International Airport,Shannan (Gonggar),CN,Asia/Shanghai,29.298001,90.911951
LZO,ZULZ,Luzhou Yunlong Airport,Luzhou (Yunlong),CN,Asia/Shanghai,29.030357,105.468407
WMT,ZUMT,Zunyi Maotai Airport,Zunyi,CN,Asia/Shanghai,27.961837,106.435416
MIG,ZUMY,Mianyang Nanjiao Airport,Mianyang (Fucheng),CN,Asia/Shanghai,31.428101,104.740997
HZH,ZUNP,Liping Airport,Liping,CN,Asia/Shanghai,26.32217,109.1499
LZY,ZUNZ,Nyingchi Mainling Airport,Nyingchi (Mainling),CN,Asia/Shanghai,29.303301,94.335297
LPF,ZUPS,Liupanshui Yuezhao Airport,Liupanshui (Zhongshan),CN,Asia/Shanghai,26.609417,104.979
JIQ,ZUQJ,Qianjiang Wulingshan Airport,Qianjiang,CN,Asia/Shanghai,29.5133333333,108.831111111
RKZ,ZURK,Xigaze Peace Airport / Shigatse Air Base,Xigazê (Samzhubzê),CN,,29.350876,89.299157
TCZ,ZUTC,Tengchong Tuofeng Airport,Baoshan (Tengchong),CN,Asia/Shanghai,24.938056,98.485833
TFU,ZUTF,Chengdu Tianfu International Airport,Chengdu (Jianyang),CN,Asia/Shanghai,30.31252,104.441284
TEN,ZUTR,Tongren Fenghuang Airport,Tongren (Daxing),CN,Asia/Shanghai,27.883333,109.308889
CTU,ZUUU,Chengdu Shuangliu International Airport,Chengdu (Shuangliu),CN,Asia/Shanghai,30.558257,103.945966
CQW,ZUWL,Chongqing Xiannüshan Airport,Wulong,CN,Asia/Shanghai,29.465658,107.693664
XIC,ZUXC,Xichang Qingshan Airport,Liangshan (Xichang),CN,Asia/Shanghai,27.9891,102.183998
YBP,ZUYB,Yibin Wuliangye Airport,Yibin (Cuiping),CN,Asia/Shanghai,28.858431,104.526157
ACX,ZUYI,Xingyi Wanfenglin Airport,Xingyi,CN,Asia/Shanghai,25.083423,104.960804
PZI,ZUZH,Panzhihua Bao'anying Airport,Panzhihua (Renhe),CN,Asia/Shanghai,26.54,101.79852
ZYI,ZUZY,Zunyi Xinzhou Airport,Zunyi,CN,Asia/Shanghai,27.810723,107.247189
AKU,ZWAK,Aksu Hongqipo Airport,Aksu (Onsu),CN,Asia/Shanghai,41.262501,80.291702
AAT,ZWAT,Altay Xuedu Airport,Altay,CN,Asia/Shanghai,47.749886,88.085808
BPL,ZWBL,Bole Alashankou Airport,Bole,CN,Asia/Shanghai,44.895461,82.30007
IQM,ZWCM,Qiemo Yudu Airport,Qiemo,CN,Asia/Shanghai,38.234516,85.465462
FYN,ZWFY,Fuyun Koktokay Airport,Fuyun,CN,,46.804169,89.512006
HMI,ZWHM,Hami Airport,Hami,CN,Asia/Shanghai,42.8414,93.669197
KRL,ZWKL,Korla Licheng Airport,Korla,CN,Asia/Shanghai,41.614979,86.140817
KJI,ZWKN,Burqin Kanas Airport,Burqin,CN,,48.2223,86.9959
DHH,ZWLK,Barkol Dahe Airport,Barkol,CN,Asia/Shanghai,43.756544,93.137164
NLT,ZWNL,Xinyuan Nalati Airport,Xinyuan,CN,,43.4318,83.3786
RQA,ZWRQ,Ruoqiang Loulan Airport,Ruoqiang Town,CN,Asia/Shanghai,38.974722,88.008333
QSZ,ZWSC,Shache Airport,Shache,CN,Asia/Shanghai,38.24542,77.056149
KHG,ZWSH,Kashgar Laining International Airport,Kashgar,CN,Asia/Shanghai,39.542273,76.02023
SXJ,ZWSS,Shanshan Airport,Shanshan,CN,Asia/Shanghai,42.911701,90.247498
TLQ,ZWTL,Turpan Jiaohe Airport,Turpan,CN,Asia/Shanghai,43.0308,89.0987
HTN,ZWTN,Hotan Airport,Hotan,CN,Asia/Shanghai,37.03850173950195,79.86489868164062
URC,ZWWW,Ürümqi Tianshan International Airport,Ürümqi,CN,Asia/Shanghai,43.913584,87.479372
YIN,ZWYN,Ili Yining International Airport,Ili (Yining / Ghulja),CN,Asia/Shanghai,43.955799,81.330299
AOG,ZYAS,Anshan Teng'ao Airport / Anshan Air Base,Anshan,CN,Asia/Shanghai,41.105301,122.853996
DBC,ZYBA,Baicheng Chang'an Airport,Baicheng,CN,,45.505278,123.019722
NBS,ZYBS,Changbaishan Airport,Baishan,CN,Asia/Shanghai,42.066944,127.602222
CGQ,ZYCC,Changchun Longjia International Airport,Changchun,CN,Asia/Shanghai,43.996201,125.684998
CHG,ZYCY,Chaoyang Airport,"Shuangta, Chaoyang",CN,Asia/Shanghai,41.538101,120.434998
DDG,ZYDD,Dandong Langtou International Airport,Dandong (Zhenxing),CN,Asia/Shanghai,40.025453,124.28669
DTU,ZYDU,Wudalianchi Dedu Airport,Heihe,CN,,48.441037,126.128374
FYJ,ZYFY,Fuyuan Dongji Airport,Fuyuan,CN,,48.197219,134.36298
HRB,ZYHB,Harbin Taiping International Airport,Harbin,CN,Asia/Shanghai,45.623402,126.25
HEK,ZYHE,Heihe Aihui Airport,Heihe,CN,Asia/Shanghai,50.171621,127.308884
JGD,ZYJD,Daxing'anling Elunchun Airport,Jiagedaqi,CN,,50.371389,124.1175
JMU,ZYJM,Jiamusi Songjiang International Airport,Jiamusi,CN,Asia/Shanghai,46.842793,130.46426
JSJ,ZYJS,Jiansanjiang Shidi Airport,Jiansanjiang,CN,,47.108248,132.65792
JXA,ZYJX,Jixi Xingkaihu Airport,Jixi,CN,Asia/Shanghai,45.293,131.193
JNZ,ZYJZ,Jinzhou Bay Airport,Jinzhou (Linghai),CN,Asia/Shanghai,40.936032,121.277114
LDS,ZYLD,Yichun Lindu Airport,Yichun,CN,Asia/Shanghai,47.752056,129.019125
MDG,ZYMD,Mudanjiang Hailang International Airport,Mudanjiang,CN,Asia/Shanghai,44.525172,129.568634
OHE,ZYMH,Mohe Gulian Airport,Mohe,CN,Asia/Shanghai,52.916871,122.422759
NDG,ZYQQ,Qiqihar Sanjiazi Airport,Qiqihar,CN,Asia/Shanghai,47.229969,123.914179
YSQ,ZYSQ,Songyuan Chaganhu Airport,Qian Gorlos Mongol Autonomous County,CN,Asia/Shanghai,44.931143,124.552121
DLC,ZYTL,Dalian Zhoushuizi International Airport,Dalian (Ganjingzi),CN,Asia/Shanghai,38.965719,121.538477
TNH,ZYTN,Tonghua Sanyuanpu Airport,Tonghua,CN,Asia/Shanghai,42.048435,125.733963
SHE,ZYTX,Shenyang Taoxian International Airport,Shenyang,CN,Asia/Shanghai,41.6398,123.483668
XEN,ZYXC,Xingcheng Air Base,Huludao (Xingcheng),CN,Asia/Shanghai,40.580328,120.700374
YNJ,ZYYJ,Yanji Chaoyangchuan Airport,Yanji,CN,Asia/Shanghai,42.8828010559,129.451004028
YKH,ZYYK,Yingkou Lanqi Airport,Yingkou (Laobian),CN,Asia/Shanghai,40.542524,122.3586
